machine,dataset,mode,version,label,level,grid,ms
spark,150_10,1,7,gpu_shared_mem,0,18600,9.002496
spark,150_10,1,7,gpu_shared_mem,1,8550,4.315872
spark,150_10,1,7,gpu_shared_mem,2,5746,3.024288
spark,150_10,1,7,gpu_shared_mem,3,3768,2.120224
spark,150_10,1,7,gpu_shared_mem,4,2499,1.499328
spark,150_10,1,7,gpu_shared_mem,5,1639,1.03312
spark,150_10,1,7,gpu_shared_mem,6,1036,0.743008
spark,150_10,1,7,gpu_shared_mem,7,628,0.50848
spark,150_10,1,7,gpu_shared_mem,8,367,0.379584
spark,150_10,1,7,gpu_shared_mem,9,188,0.196992
spark,150_10,1,7,gpu_shared_mem,10,109,0.155232
spark,150_10,1,7,gpu_shared_mem,11,47,0.119136
spark,150_10,1,7,gpu_shared_mem,12,25,0.124928
spark,150_10,1,7,gpu_shared_mem,13,14,0.104992
spark,150_10,1,7,gpu_shared_mem,14,7,0.093248
spark,150_10,1,7,gpu_shared_mem,15,4,0.11184
spark,150_10,1,7,gpu_shared_mem,16,2,0.103776
spark,150_10,1,7,gpu_shared_mem,17,3,0.109408
spark,150_10,1,7,gpu_shared_mem,18,3,0.075168
spark,150_10,1,7,gpu_shared_mem,19,2,0.085056
spark,150_10,1,7,gpu_shared_mem,20,2,0.108544
spark,150_10,1,7,gpu_shared_mem,21,2,0.094304
spark,150_10,1,7,gpu_shared_mem,22,2,0.090784
spark,150_10,1,7,gpu_shared_mem,23,2,0.121568
spark,150_10,1,7,gpu_shared_mem,24,1,0.049504
spark,150_10,1,7,gpu_shared_mem,25,1,0.1056
spark,150_10,1,7,gpu_shared_mem,26,1,0.067328
spark,150_10,1,7,gpu_shared_mem,27,2,0.090816
spark,150_10,1,7,gpu_shared_mem,28,2,0.086816
spark,150_10,1,7,gpu_shared_mem,29,2,0.108512
spark,150_10,1,7,gpu_shared_mem,30,1,0.03216
spark,150_10,1,7,gpu_shared_mem,31,1,0.029952
spark,150_10,1,7,gpu_shared_mem,32,1,0.103872
spark,150_10,1,7,gpu_shared_mem,33,2,0.0568
spark,150_10,1,7,gpu_shared_mem,34,2,0.1056
spark,150_10,1,7,gpu_shared_mem,35,1,0.072448
spark,150_10,1,7,gpu_shared_mem,36,1,0.06512
spark,150_10,1,7,gpu_shared_mem,37,2,0.037984
spark,150_10,1,7,gpu_shared_mem,38,3,0.074912
spark,150_10,1,7,gpu_shared_mem,39,3,0.104384
spark,150_10,1,7,gpu_shared_mem,40,3,0.084416
spark,150_10,1,7,gpu_shared_mem,41,3,0.115488
spark,150_10,1,7,gpu_shared_mem,42,2,0.051744
spark,150_10,1,7,gpu_shared_mem,43,1,0.037888
spark,150_10,1,7,gpu_shared_mem,44,1,0.043264
spark,150_10,1,7,gpu_shared_mem,45,1,0.114144
spark,150_10,1,7,gpu_shared_mem,46,1,0.080512
spark,150_10,1,7,gpu_shared_mem,47,2,0.1
spark,150_10,1,7,gpu_shared_mem,48,2,0.0912
spark,150_10,1,7,gpu_shared_mem,49,2,0.069664
spark,150_10,1,7,gpu_shared_mem,50,1,0.054208
spark,150_10,1,7,gpu_shared_mem,51,1,0.103936
spark,150_10,1,7,gpu_shared_mem,52,1,0.070528
spark,150_10,1,7,gpu_shared_mem,53,2,0.09792
spark,150_10,1,7,gpu_shared_mem,54,2,0.078784
spark,150_10,1,7,gpu_shared_mem,55,2,0.074272
spark,150_10,1,7,gpu_shared_mem,56,4,0.106048
spark,150_10,1,7,gpu_shared_mem,57,5,0.115616
spark,150_10,1,7,gpu_shared_mem,58,1,0.03264
spark,150_10,1,7,gpu_shared_mem,59,1,0.104672
spark,150_10,1,7,gpu_shared_mem,60,1,0.106112
spark,150_10,1,7,gpu_shared_mem,61,1,0.102688
spark,150_10,1,7,gpu_shared_mem,62,2,0.103264
spark,150_10,1,7,gpu_shared_mem,63,2,0.07248
spark,150_10,1,7,gpu_shared_mem,64,1,0.070304
spark,150_10,1,7,gpu_shared_mem,65,1,0.072224
spark,150_10,1,7,gpu_shared_mem,66,1,0.051264
spark,150_10,1,7,gpu_shared_mem,67,1,0.077024
spark,150_10,1,7,gpu_shared_mem,68,2,0.103936
spark,150_10,1,7,gpu_shared_mem,69,3,0.098144
spark,150_10,1,7,gpu_shared_mem,70,5,0.108736
spark,150_10,1,7,gpu_shared_mem,71,1,0.07376
spark,150_10,1,7,gpu_shared_mem,72,2,0.03664
spark,150_10,1,7,gpu_shared_mem,73,2,0.106656
spark,150_10,1,7,gpu_shared_mem,74,1,0.048768
spark,150_10,1,7,gpu_shared_mem,75,1,0.036512
spark,150_10,1,7,gpu_shared_mem,76,1,0.090784
spark,150_10,1,7,gpu_shared_mem,77,1,0.09088
spark,150_10,1,7,gpu_shared_mem,78,1,0.081536
spark,150_10,1,7,gpu_shared_mem,79,1,0.109888
spark,150_10,1,7,gpu_shared_mem,80,1,0.067488
spark,150_10,1,7,gpu_shared_mem,81,1,0.07952
spark,150_10,1,7,gpu_shared_mem,82,1,0.04016
spark,150_10,1,7,gpu_shared_mem,83,1,0.120064
spark,150_10,1,7,gpu_shared_mem,84,1,0.021792
spark,150_10,1,7,gpu_shared_mem,85,2,0.101632
spark,150_10,1,7,gpu_shared_mem,86,3,0.084416
spark,150_10,1,7,gpu_shared_mem,87,3,0.084896
spark,150_10,1,7,gpu_shared_mem,88,4,0.077376
spark,150_10,1,7,gpu_shared_mem,89,2,0.106432
spark,150_10,1,7,gpu_shared_mem,90,2,0.08432
spark,150_10,1,7,gpu_shared_mem,91,1,0.036704
spark,150_10,1,7,gpu_shared_mem,92,1,0.038176
spark,150_10,1,7,gpu_shared_mem,93,1,0.081568
spark,150_10,1,7,gpu_shared_mem,94,1,0.108672
spark,150_10,1,7,gpu_shared_mem,95,2,0.042176
spark,150_10,1,7,gpu_shared_mem,96,1,0.083904
spark,150_10,1,7,gpu_shared_mem,97,1,0.07392
spark,150_10,1,7,gpu_shared_mem,98,2,0.10896
spark,150_10,1,7,gpu_shared_mem,99,1,0.087424
spark,150_10,1,7,gpu_shared_mem,100,1,0.101248
spark,150_10,1,7,gpu_shared_mem,101,1,0.10848
spark,150_10,1,7,gpu_shared_mem,102,1,0.104544
spark,150_10,1,7,gpu_shared_mem,103,1,0.049952
spark,150_10,1,7,gpu_shared_mem,104,1,0.091904
spark,150_10,1,7,gpu_shared_mem,105,1,0.024928
spark,150_10,1,7,gpu_shared_mem,106,2,0.076608
spark,150_10,1,7,gpu_shared_mem,107,3,0.10624
spark,150_10,1,7,gpu_shared_mem,108,3,0.080096
spark,150_10,1,7,gpu_shared_mem,109,1,0.071264
spark,150_10,1,7,gpu_shared_mem,110,1,0.08832
spark,150_10,1,7,gpu_shared_mem,111,1,0.064192
spark,150_10,1,7,gpu_shared_mem,112,1,0.090016
spark,150_10,1,7,gpu_shared_mem,113,1,0.058656
spark,150_10,1,7,gpu_shared_mem,114,1,0.126208
spark,150_10,1,7,gpu_shared_mem,115,1,0.099104
spark,150_10,1,7,gpu_shared_mem,116,2,0.033344
spark,150_10,1,7,gpu_shared_mem,117,2,0.095232
spark,150_10,1,7,gpu_shared_mem,118,1,0.068544
spark,150_10,1,7,gpu_shared_mem,119,1,0.049664
spark,150_10,1,7,gpu_shared_mem,120,1,0.116544
spark,150_10,1,7,gpu_shared_mem,121,1,0.050208
spark,150_10,1,7,gpu_shared_mem,122,1,0.042208
spark,150_10,1,7,gpu_shared_mem,123,2,0.10608
spark,150_10,1,7,gpu_shared_mem,124,3,0.072064
spark,150_10,1,7,gpu_shared_mem,125,2,0.099552
spark,150_10,1,7,gpu_shared_mem,126,2,0.080608
spark,150_10,1,7,gpu_shared_mem,127,1,0.052768
spark,150_10,1,7,gpu_shared_mem,128,1,0.083808
spark,150_10,1,7,gpu_shared_mem,129,1,0.095904
spark,150_10,1,7,gpu_shared_mem,130,1,0.113344
spark,150_10,1,7,gpu_shared_mem,131,2,0.103072
spark,150_10,1,7,gpu_shared_mem,132,1,0.111808
spark,150_10,1,7,gpu_shared_mem,133,1,0.07616
spark,150_10,1,7,gpu_shared_mem,134,1,0.076768
spark,150_10,1,7,gpu_shared_mem,135,2,0.103584
spark,150_10,1,7,gpu_shared_mem,136,2,0.090656
spark,150_10,1,7,gpu_shared_mem,137,3,0.083008
spark,150_10,1,7,gpu_shared_mem,138,4,0.112
spark,150_10,1,7,gpu_shared_mem,139,4,0.116768
spark,150_10,1,7,gpu_shared_mem,140,1,0.06992
spark,150_10,1,7,gpu_shared_mem,141,1,0.132576
spark,150_10,1,7,gpu_shared_mem,142,1,0.048352
spark,150_10,1,7,gpu_shared_mem,143,2,0.074784
spark,150_10,1,7,gpu_shared_mem,144,2,0.111232
spark,150_10,1,7,gpu_shared_mem,145,2,0.10512
spark,150_10,1,7,gpu_shared_mem,146,1,0.03296
spark,150_10,1,7,gpu_shared_mem,147,1,0.07904
spark,150_10,1,7,gpu_shared_mem,148,2,0.094176
spark,150_10,1,7,gpu_shared_mem,149,1,0.039488
spark,150_10,1,7,gpu_shared_mem,150,1,0.094816
spark,150_10,1,7,gpu_shared_mem,151,2,0.110784
spark,150_10,1,7,gpu_shared_mem,152,1,0.062976
spark,150_10,1,7,gpu_shared_mem,153,2,0.045152
spark,150_10,1,7,gpu_shared_mem,154,3,0.128288
spark,150_10,1,7,gpu_shared_mem,155,2,0.11712
spark,150_10,1,7,gpu_shared_mem,156,1,0.071104
spark,150_10,1,7,gpu_shared_mem,157,1,0.1224
spark,150_10,1,7,gpu_shared_mem,158,1,0.040896
spark,150_10,1,7,gpu_shared_mem,159,2,0.080064
spark,150_10,1,7,gpu_shared_mem,160,4,0.108704
spark,150_10,1,7,gpu_shared_mem,161,5,0.114528
spark,150_10,1,7,gpu_shared_mem,162,5,0.109984
spark,150_10,1,7,gpu_shared_mem,163,4,0.08144
spark,150_10,1,7,gpu_shared_mem,164,2,0.117856
spark,150_10,1,7,gpu_shared_mem,165,1,0.081248
spark,150_10,1,7,gpu_shared_mem,166,1,0.045472
spark,150_10,1,7,gpu_shared_mem,167,1,0.084416
spark,150_10,1,7,gpu_shared_mem,168,2,0.091872
spark,150_10,1,7,gpu_shared_mem,169,2,0.112832
spark,150_10,1,7,gpu_shared_mem,170,4,0.11632
spark,150_10,1,7,gpu_shared_mem,171,4,0.11472
spark,150_10,1,7,gpu_shared_mem,172,3,0.108864
spark,150_10,1,7,gpu_shared_mem,173,1,0.113696
spark,150_10,1,7,gpu_shared_mem,174,2,0.10784
spark,150_10,1,7,gpu_shared_mem,175,1,0.067744
spark,150_10,1,7,gpu_shared_mem,176,1,0.025184
spark,150_10,1,7,gpu_shared_mem,177,2,0.103552
spark,150_10,1,7,gpu_shared_mem,178,3,0.092928
spark,150_10,1,7,gpu_shared_mem,179,4,0.106496
spark,150_10,1,7,gpu_shared_mem,180,4,0.101344
spark,150_10,1,7,gpu_shared_mem,181,2,0.102688
spark,150_10,1,7,gpu_shared_mem,182,3,0.07952
spark,150_10,1,7,gpu_shared_mem,183,4,0.119872
spark,150_10,1,7,gpu_shared_mem,184,3,0.06944
spark,150_10,1,7,gpu_shared_mem,185,2,0.082048
spark,150_10,1,7,gpu_shared_mem,186,1,0.109632
spark,150_10,1,7,gpu_shared_mem,187,1,0.037216
spark,150_10,1,7,gpu_shared_mem,188,2,0.097184
spark,150_10,1,7,gpu_shared_mem,189,4,0.096544
spark,150_10,1,7,gpu_shared_mem,190,3,0.053472
spark,150_10,1,7,gpu_shared_mem,191,2,0.043648
spark,150_10,1,7,gpu_shared_mem,192,2,0.089952
spark,150_10,1,7,gpu_shared_mem,193,1,0.074016
spark,150_10,1,7,gpu_shared_mem,194,1,0.07312
spark,150_10,1,7,gpu_shared_mem,195,1,0.037824
spark,150_10,1,7,gpu_shared_mem,196,1,0.104576
spark,150_10,1,7,gpu_shared_mem,197,1,0.118752
spark,150_10,1,7,gpu_shared_mem,198,1,0.07408
spark,150_10,1,7,gpu_shared_mem,199,1,0.099744
spark,150_10,1,7,gpu_shared_mem,200,2,0.0792
spark,150_10,1,7,gpu_shared_mem,201,3,0.109408
spark,150_10,1,7,gpu_shared_mem,202,1,0.089184
spark,150_10,1,7,gpu_shared_mem,203,1,0.07296
spark,150_10,1,7,gpu_shared_mem,204,2,0.072128
spark,150_10,1,7,gpu_shared_mem,205,1,0.12064
spark,150_10,1,7,gpu_shared_mem,206,1,0.103104
spark,150_10,1,7,gpu_shared_mem,207,1,0.031488
spark,150_10,1,7,gpu_shared_mem,208,2,0.080896
spark,150_10,1,7,gpu_shared_mem,209,3,0.110336
spark,150_10,1,7,gpu_shared_mem,210,4,0.103904
spark,150_10,1,7,gpu_shared_mem,211,3,0.087392
spark,150_10,1,7,gpu_shared_mem,212,1,0.114752
spark,150_10,1,7,gpu_shared_mem,213,2,0.09792
spark,150_10,1,7,gpu_shared_mem,214,3,0.098624
spark,150_10,1,7,gpu_shared_mem,215,1,0.035296
spark,150_10,1,7,gpu_shared_mem,216,1,0.095424
spark,150_10,1,7,gpu_shared_mem,217,1,0.070624
spark,150_10,1,7,gpu_shared_mem,218,1,0.066208
spark,150_10,1,7,gpu_shared_mem,219,1,0.057216
spark,150_10,1,7,gpu_shared_mem,220,2,0.067232
spark,150_10,1,7,gpu_shared_mem,221,2,0.090816
spark,150_10,1,7,gpu_shared_mem,222,3,0.117472
spark,150_10,1,7,gpu_shared_mem,223,2,0.051072
spark,150_10,1,7,gpu_shared_mem,224,1,0.03072
spark,150_10,1,7,gpu_shared_mem,225,1,0.058656
spark,150_10,1,7,gpu_shared_mem,226,1,0.035488
spark,150_10,1,7,gpu_shared_mem,227,1,0.025312
spark,150_10,1,7,gpu_shared_mem,228,1,0.076608
spark,150_10,1,7,gpu_shared_mem,229,1,0.04112
spark,150_10,1,7,gpu_shared_mem,230,1,0.062912
spark,150_10,1,7,gpu_shared_mem,231,1,0.08032
spark,150_10,1,7,gpu_shared_mem,232,1,0.074912
spark,150_10,1,7,gpu_shared_mem,233,2,0.026144
spark,150_10,1,7,gpu_shared_mem,234,3,0.091296
spark,150_10,1,7,gpu_shared_mem,235,4,0.091936
spark,150_10,1,7,gpu_shared_mem,236,5,0.091904
spark,150_10,1,7,gpu_shared_mem,237,3,0.06544
spark,150_10,1,7,gpu_shared_mem,238,1,0.114464
spark,150_10,1,7,gpu_shared_mem,239,1,0.112032
spark,150_10,1,7,gpu_shared_mem,240,1,0.041696
spark,150_10,1,7,gpu_shared_mem,241,1,0.046912
spark,150_10,1,7,gpu_shared_mem,242,1,0.08064
spark,150_10,1,7,gpu_shared_mem,243,1,0.06304
spark,150_10,1,7,gpu_shared_mem,244,1,0.101664
spark,150_10,1,7,gpu_shared_mem,245,2,0.075616
spark,150_10,1,7,gpu_shared_mem,246,3,0.11056
spark,150_10,1,7,gpu_shared_mem,247,3,0.11152
spark,150_10,1,7,gpu_shared_mem,248,2,0.08896
spark,150_10,1,7,gpu_shared_mem,249,3,0.108096
spark,150_10,1,7,gpu_shared_mem,250,3,0.115104
spark,150_10,1,7,gpu_shared_mem,251,2,0.097472
spark,150_10,1,7,gpu_shared_mem,252,2,0.095328
spark,150_10,1,7,gpu_shared_mem,253,1,0.064416
spark,150_10,1,7,gpu_shared_mem,254,1,0.106784
spark,150_10,1,7,gpu_shared_mem,255,2,0.090496
spark,150_10,1,7,gpu_shared_mem,256,3,0.080416
spark,150_10,1,7,gpu_shared_mem,257,4,0.10896
spark,150_10,1,7,gpu_shared_mem,258,4,0.092256
spark,150_10,1,7,gpu_shared_mem,259,4,0.093824
spark,150_10,1,7,gpu_shared_mem,260,4,0.102688
spark,150_10,1,7,gpu_shared_mem,261,2,0.075968
spark,150_10,1,7,gpu_shared_mem,262,2,0.114752
spark,150_10,1,7,gpu_shared_mem,263,3,0.091008
spark,150_10,1,7,gpu_shared_mem,264,1,0.036576
spark,150_10,1,7,gpu_shared_mem,265,1,0.098432
spark,150_10,1,7,gpu_shared_mem,266,1,0.113472
spark,150_10,1,7,gpu_shared_mem,267,1,0.058688
spark,150_10,1,7,gpu_shared_mem,268,2,0.093056
spark,150_10,1,7,gpu_shared_mem,269,1,0.0824
spark,150_10,1,7,gpu_shared_mem,270,1,0.088352
spark,150_10,1,7,gpu_shared_mem,271,1,0.071744
spark,150_10,1,7,gpu_shared_mem,272,2,0.108448
spark,150_10,1,7,gpu_shared_mem,273,2,0.065216
spark,150_10,1,7,gpu_shared_mem,274,2,0.074784
spark,150_10,1,7,gpu_shared_mem,275,2,0.07888
spark,150_10,1,7,gpu_shared_mem,276,3,0.088416
spark,150_10,1,7,gpu_shared_mem,277,3,0.09792
spark,150_10,1,7,gpu_shared_mem,278,3,0.088352
spark,150_10,1,7,gpu_shared_mem,279,2,0.118528
spark,150_10,1,7,gpu_shared_mem,280,2,0.11104
spark,150_10,1,7,gpu_shared_mem,281,1,0.045728
spark,150_10,1,7,gpu_shared_mem,282,2,0.059456
spark,150_10,1,7,gpu_shared_mem,283,1,0.109664
spark,150_10,1,7,gpu_shared_mem,284,1,0.03984
spark,150_10,1,7,gpu_shared_mem,285,1,0.04496
spark,150_10,1,7,gpu_shared_mem,286,1,0.03632
spark,150_10,1,7,gpu_shared_mem,287,1,0.111264
spark,150_10,1,7,gpu_shared_mem,288,1,0.045312
spark,150_10,1,7,gpu_shared_mem,289,1,0.082656
spark,150_10,1,7,gpu_shared_mem,290,1,0.074464
spark,150_10,1,7,gpu_shared_mem,291,1,0.074048
spark,150_10,1,7,gpu_shared_mem,292,1,0.041568
spark,150_10,1,7,gpu_shared_mem,293,2,0.098528
spark,150_10,1,7,gpu_shared_mem,294,2,0.069248
spark,150_10,1,7,gpu_shared_mem,295,2,0.07872
spark,150_10,1,7,gpu_shared_mem,296,3,0.101696
spark,150_10,1,7,gpu_shared_mem,297,1,0.059808
spark,150_10,1,7,gpu_shared_mem,298,2,0.042048
spark,150_10,1,7,gpu_shared_mem,299,1,0.080736
spark,150_10,1,7,gpu_shared_mem,300,1,0.10208
spark,150_10,1,7,gpu_shared_mem,301,1,0.055968
spark,150_10,1,7,gpu_shared_mem,302,1,0.049248
spark,150_10,1,7,gpu_shared_mem,303,1,0.111872
spark,150_10,1,7,gpu_shared_mem,304,1,0.081184
spark,150_10,1,7,gpu_shared_mem,305,1,0.06928
spark,150_10,1,7,gpu_shared_mem,306,1,0.045536
spark,150_10,1,7,gpu_shared_mem,307,1,0.039328
spark,150_10,1,7,gpu_shared_mem,308,2,0.11376
spark,150_10,1,7,gpu_shared_mem,309,2,0.102656
spark,150_10,1,7,gpu_shared_mem,310,1,0.034464
spark,150_10,1,7,gpu_shared_mem,311,1,0.09744
spark,150_10,1,7,gpu_shared_mem,312,1,0.03072
spark,150_10,1,7,gpu_shared_mem,313,2,0.054368
spark,150_10,1,7,gpu_shared_mem,314,1,0.060128
spark,150_10,1,7,gpu_shared_mem,315,1,0.090848
spark,150_10,1,7,gpu_shared_mem,316,1,0.052064
spark,150_10,1,7,gpu_shared_mem,317,1,0.070944
spark,150_10,1,7,gpu_shared_mem,318,2,0.068128
spark,150_10,1,7,gpu_shared_mem,319,3,0.10592
spark,150_10,1,7,gpu_shared_mem,320,2,0.07728
spark,150_10,1,7,gpu_shared_mem,321,1,0.039712
spark,150_10,1,7,gpu_shared_mem,322,1,0.0688
spark,150_10,1,7,gpu_shared_mem,323,1,0.098144
spark,150_10,1,7,gpu_shared_mem,324,1,0.059712
spark,150_10,1,7,gpu_shared_mem,325,1,0.0952
spark,150_10,1,7,gpu_shared_mem,326,1,0.043424
spark,150_10,1,7,gpu_shared_mem,327,1,0.103872
spark,150_10,1,7,gpu_shared_mem,328,2,0.078784
spark,150_10,1,7,gpu_shared_mem,329,3,0.106752
spark,150_10,1,7,gpu_shared_mem,330,1,0.055296
spark,150_10,1,7,gpu_shared_mem,331,1,0.1
spark,150_10,1,7,gpu_shared_mem,332,1,0.035936
spark,150_10,1,7,gpu_shared_mem,333,1,0.037504
spark,150_10,1,7,gpu_shared_mem,334,1,0.032544
spark,150_10,1,7,gpu_shared_mem,335,1,0.060096
spark,150_10,1,7,gpu_shared_mem,336,2,0.062304
spark,150_10,1,7,gpu_shared_mem,337,4,0.066176
spark,150_10,1,7,gpu_shared_mem,338,4,0.09136
spark,150_10,1,7,gpu_shared_mem,339,4,0.094752
spark,150_10,1,7,gpu_shared_mem,340,2,0.0712
spark,150_10,1,7,gpu_shared_mem,341,1,0.074112
spark,150_10,1,7,gpu_shared_mem,342,1,0.034624
spark,150_10,1,7,gpu_shared_mem,343,1,0.07248
spark,150_10,1,7,gpu_shared_mem,344,2,0.111456
spark,150_10,1,7,gpu_shared_mem,345,3,0.082048
spark,150_10,1,7,gpu_shared_mem,346,3,0.09744
spark,150_10,1,7,gpu_shared_mem,347,3,0.077696
spark,150_10,1,7,gpu_shared_mem,348,3,0.074336
spark,150_10,1,7,gpu_shared_mem,349,1,0.110432
spark,150_10,1,7,gpu_shared_mem,350,2,0.082112
spark,150_10,1,7,gpu_shared_mem,351,1,0.083168
spark,150_10,1,7,gpu_shared_mem,352,1,0.107712
spark,150_10,1,7,gpu_shared_mem,353,1,0.108352
spark,150_10,1,7,gpu_shared_mem,354,1,0.071648
spark,150_10,1,7,gpu_shared_mem,355,2,0.038368
spark,150_10,1,7,gpu_shared_mem,356,3,0.095936
spark,150_10,1,7,gpu_shared_mem,357,3,0.05888
spark,150_10,1,7,gpu_shared_mem,358,3,0.107264
spark,150_10,1,7,gpu_shared_mem,359,3,0.080416
spark,150_10,1,7,gpu_shared_mem,360,2,0.110304
spark,150_10,1,7,gpu_shared_mem,361,3,0.116256
spark,150_10,1,7,gpu_shared_mem,362,3,0.10144
spark,150_10,1,7,gpu_shared_mem,363,2,0.111296
spark,150_10,1,7,gpu_shared_mem,364,1,0.101856
spark,150_10,1,7,gpu_shared_mem,365,2,0.066496
spark,150_10,1,7,gpu_shared_mem,366,1,0.040736
spark,150_10,1,7,gpu_shared_mem,367,1,0.059936
spark,150_10,1,7,gpu_shared_mem,368,1,0.07792
spark,150_10,1,7,gpu_shared_mem,369,1,0.082976
spark,150_10,1,7,gpu_shared_mem,370,1,0.07424
spark,150_10,1,7,gpu_shared_mem,371,2,0.107168
spark,150_10,1,7,gpu_shared_mem,372,3,0.078528
spark,150_10,1,7,gpu_shared_mem,373,2,0.103488
spark,150_10,1,7,gpu_shared_mem,374,3,0.098848
spark,150_10,1,7,gpu_shared_mem,375,2,0.106656
spark,150_10,1,7,gpu_shared_mem,376,1,0.07664
spark,150_10,1,7,gpu_shared_mem,377,1,0.045216
spark,150_10,1,7,gpu_shared_mem,378,1,0.078816
spark,150_10,1,7,gpu_shared_mem,379,1,0.023584
spark,150_10,1,7,gpu_shared_mem,380,2,0.081664
spark,150_10,1,7,gpu_shared_mem,381,1,0.04416
spark,150_10,1,7,gpu_shared_mem,382,1,0.077536
spark,150_10,1,7,gpu_shared_mem,383,2,0.09408
spark,150_10,1,7,gpu_shared_mem,384,3,0.10496
spark,150_10,1,7,gpu_shared_mem,385,2,0.082112
spark,150_10,1,7,gpu_shared_mem,386,3,0.07968
spark,150_10,1,7,gpu_shared_mem,387,3,0.088608
spark,150_10,1,7,gpu_shared_mem,388,1,0.112
spark,150_10,1,7,gpu_shared_mem,389,1,0.113216
spark,150_10,1,7,gpu_shared_mem,390,1,0.070912
spark,150_10,1,7,gpu_shared_mem,391,1,0.090528
spark,150_10,1,7,gpu_shared_mem,392,2,0.103648
spark,150_10,1,7,gpu_shared_mem,393,3,0.079104
spark,150_10,1,7,gpu_shared_mem,394,1,0.031008
spark,150_10,1,7,gpu_shared_mem,395,2,0.07088
spark,150_10,1,7,gpu_shared_mem,396,3,0.113792
spark,150_10,1,7,gpu_shared_mem,397,2,0.09696
spark,150_10,1,7,gpu_shared_mem,398,1,0.061024
spark,150_10,1,7,gpu_shared_mem,399,2,0.042592
spark,150_10,1,7,gpu_shared_mem,400,2,0.10064
spark,150_10,1,7,gpu_shared_mem,401,1,0.114848
spark,150_10,1,7,gpu_shared_mem,402,1,0.081696
spark,150_10,1,7,gpu_shared_mem,403,1,0.0368
spark,150_10,1,7,gpu_shared_mem,404,2,0.088256
spark,150_10,1,7,gpu_shared_mem,405,3,0.099008
spark,150_10,1,7,gpu_shared_mem,406,2,0.111616
spark,150_10,1,7,gpu_shared_mem,407,2,0.078944
spark,150_10,1,7,gpu_shared_mem,408,1,0.022976
spark,150_10,1,7,gpu_shared_mem,409,2,0.062912
spark,150_10,1,7,gpu_shared_mem,410,2,0.04448
spark,150_10,1,7,gpu_shared_mem,411,1,0.085984
spark,150_10,1,7,gpu_shared_mem,412,1,0.057056
spark,150_10,1,7,gpu_shared_mem,413,1,0.103232
spark,150_10,1,7,gpu_shared_mem,414,1,0.045632
spark,150_10,1,7,gpu_shared_mem,415,1,0.111712
spark,150_10,1,7,gpu_shared_mem,416,1,0.044224
spark,150_10,1,7,gpu_shared_mem,417,1,0.104928
spark,150_10,1,7,gpu_shared_mem,418,2,0.09888
spark,150_10,1,7,gpu_shared_mem,419,2,0.106144
spark,150_10,1,7,gpu_shared_mem,420,3,0.10144
spark,150_10,1,7,gpu_shared_mem,421,6,0.095008
spark,150_10,1,7,gpu_shared_mem,422,5,0.103584
spark,150_10,1,7,gpu_shared_mem,423,2,0.088448
spark,150_10,1,7,gpu_shared_mem,424,2,0.092064
spark,150_10,1,7,gpu_shared_mem,425,3,0.113184
spark,150_10,1,7,gpu_shared_mem,426,4,0.061056
spark,150_10,1,7,gpu_shared_mem,427,2,0.116864
spark,150_10,1,7,gpu_shared_mem,428,1,0.077792
spark,150_10,1,7,gpu_shared_mem,429,1,0.093344
spark,150_10,1,7,gpu_shared_mem,430,1,0.106272
spark,150_10,1,7,gpu_shared_mem,431,1,0.110368
spark,150_10,1,7,gpu_shared_mem,432,2,0.098624
spark,150_10,1,7,gpu_shared_mem,433,3,0.101312
spark,150_10,1,7,gpu_shared_mem,434,4,0.09584
spark,150_10,1,7,gpu_shared_mem,435,3,0.107712
spark,150_10,1,7,gpu_shared_mem,436,3,0.09792
spark,150_10,1,7,gpu_shared_mem,437,2,0.108896
spark,150_10,1,7,gpu_shared_mem,438,1,0.07136
spark,150_10,1,7,gpu_shared_mem,439,1,0.089696
spark,150_10,1,7,gpu_shared_mem,440,1,0.090336
spark,150_10,1,7,gpu_shared_mem,441,1,0.034432
spark,150_10,1,7,gpu_shared_mem,442,1,0.036352
spark,150_10,1,7,gpu_shared_mem,443,1,0.052448
spark,150_10,1,7,gpu_shared_mem,444,1,0.103552
spark,150_10,1,7,gpu_shared_mem,445,1,0.091584
spark,150_10,1,7,gpu_shared_mem,446,1,0.068384
spark,150_10,1,7,gpu_shared_mem,447,1,0.074048
spark,150_10,1,7,gpu_shared_mem,448,1,0.071456
spark,150_10,1,7,gpu_shared_mem,449,1,0.109024
spark,150_10,1,7,gpu_shared_mem,450,1,0.113056
spark,150_10,1,7,gpu_shared_mem,451,1,0.025824
spark,150_10,1,7,gpu_shared_mem,452,2,0.055584
spark,150_10,1,7,gpu_shared_mem,453,1,0.086048
spark,150_10,1,7,gpu_shared_mem,454,1,0.039872
spark,150_10,1,7,gpu_shared_mem,455,1,0.039072
spark,150_10,1,7,gpu_shared_mem,456,1,0.101344
spark,150_10,1,7,gpu_shared_mem,457,2,0.110304
spark,150_10,1,7,gpu_shared_mem,458,2,0.111424
spark,150_10,1,7,gpu_shared_mem,459,1,0.028128
spark,150_10,1,7,gpu_shared_mem,460,1,0.099328
spark,150_10,1,7,gpu_shared_mem,461,1,0.051712
spark,150_10,1,7,gpu_shared_mem,462,2,0.089248
spark,150_10,1,7,gpu_shared_mem,463,2,0.09168
spark,150_10,1,7,gpu_shared_mem,464,2,0.112768
spark,150_10,1,7,gpu_shared_mem,465,1,0.105184
spark,150_10,1,7,gpu_shared_mem,466,1,0.032288
spark,150_10,1,7,gpu_shared_mem,467,1,0.053792
spark,150_10,1,7,gpu_shared_mem,468,2,0.081056
spark,150_10,1,7,gpu_shared_mem,469,2,0.067232
spark,150_10,1,7,gpu_shared_mem,470,1,0.097664
spark,150_10,1,7,gpu_shared_mem,471,1,0.086752
spark,150_10,1,7,gpu_shared_mem,472,1,0.099552
spark,150_10,1,7,gpu_shared_mem,473,2,0.075232
spark,150_10,1,7,gpu_shared_mem,474,1,0.039424
spark,150_10,1,7,gpu_shared_mem,475,1,0.075584
spark,150_10,1,7,gpu_shared_mem,476,1,0.068256
spark,150_10,1,7,gpu_shared_mem,477,1,0.085664
spark,150_10,1,7,gpu_shared_mem,478,1,0.066048
spark,150_10,1,7,gpu_shared_mem,479,1,0.036736
spark,150_10,1,7,gpu_shared_mem,480,1,0.052832
spark,150_10,1,7,gpu_shared_mem,481,2,0.083424
spark,150_10,1,7,gpu_shared_mem,482,4,0.104832
spark,150_10,1,7,gpu_shared_mem,483,5,0.101984
spark,150_10,1,7,gpu_shared_mem,484,4,0.102496
spark,150_10,1,7,gpu_shared_mem,485,1,0.055296
spark,150_10,1,7,gpu_shared_mem,486,1,0.04784
spark,150_10,1,7,gpu_shared_mem,487,1,0.109568
spark,150_10,1,7,gpu_shared_mem,488,1,0.104544
spark,150_10,1,7,gpu_shared_mem,489,1,0.091264
spark,150_10,1,7,gpu_shared_mem,490,1,0.024992
spark,150_10,1,7,gpu_shared_mem,491,2,0.040224
spark,150_10,1,7,gpu_shared_mem,492,2,0.094656
spark,150_10,1,7,gpu_shared_mem,493,2,0.104352
spark,150_10,1,7,gpu_shared_mem,494,1,0.058144
spark,150_10,1,7,gpu_shared_mem,495,1,0.033216
spark,150_10,1,7,gpu_shared_mem,496,1,0.080896
spark,150_10,1,7,gpu_shared_mem,497,1,0.074688
spark,150_10,1,7,gpu_shared_mem,498,1,0.039424
spark,150_10,1,7,gpu_shared_mem,499,1,0.072704
spark,150_10,1,7,gpu_shared_mem,500,1,0.074048
spark,150_10,1,7,gpu_shared_mem,501,2,0.109184
spark,150_10,1,7,gpu_shared_mem,502,3,0.110976
spark,150_10,1,7,gpu_shared_mem,503,5,0.110848
spark,150_10,1,7,gpu_shared_mem,504,4,0.11072
spark,150_10,1,7,gpu_shared_mem,505,3,0.113504
spark,150_10,1,7,gpu_shared_mem,506,4,0.102624
spark,150_10,1,7,gpu_shared_mem,507,2,0.07536
spark,150_10,1,7,gpu_shared_mem,508,2,0.086112
spark,150_10,1,7,gpu_shared_mem,509,1,0.093408
spark,150_10,1,7,gpu_shared_mem,510,1,0.117824
spark,150_10,1,7,gpu_shared_mem,511,1,0.077632
spark,150_10,1,7,gpu_shared_mem,512,1,0.087552
spark,150_10,1,7,gpu_shared_mem,513,1,0.057568
spark,150_10,1,7,gpu_shared_mem,514,2,0.081696
spark,150_10,1,7,gpu_shared_mem,515,2,0.068832
spark,150_10,1,7,gpu_shared_mem,516,3,0.0744
spark,150_10,1,7,gpu_shared_mem,517,4,0.088672
spark,150_10,1,7,gpu_shared_mem,518,1,0.084672
spark,150_10,1,7,gpu_shared_mem,519,1,0.10864
spark,150_10,1,7,gpu_shared_mem,520,1,0.110752
spark,150_10,1,7,gpu_shared_mem,521,1,0.033856
spark,150_10,1,7,gpu_shared_mem,522,2,0.112256
spark,150_10,1,7,gpu_shared_mem,523,3,0.08672
spark,150_10,1,7,gpu_shared_mem,524,4,0.099776
spark,150_10,1,7,gpu_shared_mem,525,3,0.084832
spark,150_10,1,7,gpu_shared_mem,526,2,0.09952
spark,150_10,1,7,gpu_shared_mem,527,2,0.114048
spark,150_10,1,7,gpu_shared_mem,528,1,0.069504
spark,150_10,1,7,gpu_shared_mem,529,1,0.033888
spark,150_10,1,7,gpu_shared_mem,530,1,0.089472
spark,150_10,1,7,gpu_shared_mem,531,1,0.082144
spark,150_10,1,7,gpu_shared_mem,532,1,0.06112
spark,150_10,1,7,gpu_shared_mem,533,1,0.025888
spark,150_10,1,7,gpu_shared_mem,534,1,0.033664
spark,150_10,1,7,gpu_shared_mem,535,1,0.078368
spark,150_10,1,7,gpu_shared_mem,536,1,0.069216
spark,150_10,1,7,gpu_shared_mem,537,1,0.083968
spark,150_10,1,7,gpu_shared_mem,538,1,0.108704
spark,150_10,1,7,gpu_shared_mem,539,1,0.030336
spark,150_10,1,7,gpu_shared_mem,540,1,0.07456
spark,150_10,1,7,gpu_shared_mem,541,1,0.054496
spark,150_10,1,7,gpu_shared_mem,542,1,0.069568
spark,150_10,1,7,gpu_shared_mem,543,1,0.034272
spark,150_10,1,7,gpu_shared_mem,544,1,0.09376
spark,150_10,1,7,gpu_shared_mem,545,1,0.048448
spark,150_10,1,7,gpu_shared_mem,546,1,0.073536
spark,150_10,1,7,gpu_shared_mem,547,1,0.101728
spark,150_10,1,7,gpu_shared_mem,548,2,0.08096
spark,150_10,1,7,gpu_shared_mem,549,4,0.11552
spark,150_10,1,7,gpu_shared_mem,550,5,0.089824
spark,150_10,1,7,gpu_shared_mem,551,5,0.115264
spark,150_10,1,7,gpu_shared_mem,552,3,0.110496
spark,150_10,1,7,gpu_shared_mem,553,3,0.075168
spark,150_10,1,7,gpu_shared_mem,554,1,0.046016
spark,150_10,1,7,gpu_shared_mem,555,1,0.105632
spark,150_10,1,7,gpu_shared_mem,556,1,0.042016
spark,150_10,1,7,gpu_shared_mem,557,1,0.051232
spark,150_10,1,7,gpu_shared_mem,558,2,0.076832
spark,150_10,1,7,gpu_shared_mem,559,3,0.101952
spark,150_10,1,7,gpu_shared_mem,560,4,0.092512
spark,150_10,1,7,gpu_shared_mem,561,6,0.09264
spark,150_10,1,7,gpu_shared_mem,562,4,0.117408
spark,150_10,1,7,gpu_shared_mem,563,3,0.081728
spark,150_10,1,7,gpu_shared_mem,564,2,0.068032
spark,150_10,1,7,gpu_shared_mem,565,3,0.113664
spark,150_10,1,7,gpu_shared_mem,566,1,0.116448
spark,150_10,1,7,gpu_shared_mem,567,1,0.102656
spark,150_10,1,7,gpu_shared_mem,568,1,0.062016
spark,150_10,1,7,gpu_shared_mem,569,1,0.094272
spark,150_10,1,7,gpu_shared_mem,570,2,0.101856
spark,150_10,1,7,gpu_shared_mem,571,4,0.111072
spark,150_10,1,7,gpu_shared_mem,572,5,0.111168
spark,150_10,1,7,gpu_shared_mem,573,4,0.115872
spark,150_10,1,7,gpu_shared_mem,574,3,0.114432
spark,150_10,1,7,gpu_shared_mem,575,1,0.0712
spark,150_10,1,7,gpu_shared_mem,576,1,0.117664
spark,150_10,1,7,gpu_shared_mem,577,1,0.119584
spark,150_10,1,7,gpu_shared_mem,578,1,0.040256
spark,150_10,1,7,gpu_shared_mem,579,1,0.074848
spark,150_10,1,7,gpu_shared_mem,580,2,0.075616
spark,150_10,1,7,gpu_shared_mem,581,2,0.080864
spark,150_10,1,7,gpu_shared_mem,582,2,0.102496
spark,150_10,1,7,gpu_shared_mem,583,3,0.08256
spark,150_10,1,7,gpu_shared_mem,584,3,0.100768
spark,150_10,1,7,gpu_shared_mem,585,2,0.092224
spark,150_10,1,7,gpu_shared_mem,586,2,0.099584
spark,150_10,1,7,gpu_shared_mem,587,2,0.113792
spark,150_10,1,7,gpu_shared_mem,588,2,0.102624
spark,150_10,1,7,gpu_shared_mem,589,1,0.054336
spark,150_10,1,7,gpu_shared_mem,590,1,0.100064
spark,150_10,1,7,gpu_shared_mem,591,1,0.118912
spark,150_10,1,7,gpu_shared_mem,592,1,0.03168
spark,150_10,1,7,gpu_shared_mem,593,2,0.072768
spark,150_10,1,7,gpu_shared_mem,594,4,0.14096
spark,150_10,1,7,gpu_shared_mem,595,3,0.063584
spark,150_10,1,7,gpu_shared_mem,596,3,0.102816
spark,150_10,1,7,gpu_shared_mem,597,2,0.105184
spark,150_10,1,7,gpu_shared_mem,598,1,0.03824
spark,150_10,1,7,gpu_shared_mem,599,2,0.074912
spark,150_10,1,7,gpu_shared_mem,600,2,0.078944
spark,150_10,1,7,gpu_shared_mem,601,3,0.115104
spark,150_10,1,7,gpu_shared_mem,602,1,0.073152
spark,150_10,1,7,gpu_shared_mem,603,1,0.106592
spark,150_10,1,7,gpu_shared_mem,604,1,0.067328
spark,150_10,1,7,gpu_shared_mem,605,2,0.055712
spark,150_10,1,7,gpu_shared_mem,606,3,0.110336
spark,150_10,1,7,gpu_shared_mem,607,3,0.10208
spark,150_10,1,7,gpu_shared_mem,608,2,0.112928
spark,150_10,1,7,gpu_shared_mem,609,1,0.095008
spark,150_10,1,7,gpu_shared_mem,610,1,0.038848
spark,150_10,1,7,gpu_shared_mem,611,1,0.09632
spark,150_10,1,7,gpu_shared_mem,612,2,0.066496
spark,150_10,1,7,gpu_shared_mem,613,1,0.067456
spark,150_10,1,7,gpu_shared_mem,614,1,0.07152
spark,150_10,1,7,gpu_shared_mem,615,1,0.083936
spark,150_10,1,7,gpu_shared_mem,616,1,0.079936
spark,150_10,1,7,gpu_shared_mem,617,2,0.111264
spark,150_10,1,7,gpu_shared_mem,618,2,0.055424
spark,150_10,1,7,gpu_shared_mem,619,1,0.042272
spark,150_10,1,7,gpu_shared_mem,620,2,0.11456
spark,150_10,1,7,gpu_shared_mem,621,2,0.07696
spark,150_10,1,7,gpu_shared_mem,622,2,0.117056
spark,150_10,1,7,gpu_shared_mem,623,1,0.05728
spark,150_10,1,7,gpu_shared_mem,624,1,0.058976
spark,150_10,1,7,gpu_shared_mem,625,1,0.0672
spark,150_10,1,7,gpu_shared_mem,626,2,0.066592
spark,150_10,1,7,gpu_shared_mem,627,2,0.11264
spark,150_10,1,7,gpu_shared_mem,628,2,0.09872
spark,150_10,1,7,gpu_shared_mem,629,2,0.08688
spark,150_10,1,7,gpu_shared_mem,630,2,0.116832
spark,150_10,1,7,gpu_shared_mem,631,2,0.044832
spark,150_10,1,7,gpu_shared_mem,632,1,0.070496
spark,150_10,1,7,gpu_shared_mem,633,1,0.0816
spark,150_10,1,7,gpu_shared_mem,634,1,0.105344
spark,150_10,1,7,gpu_shared_mem,635,1,0.064128
spark,150_10,1,7,gpu_shared_mem,636,1,0.040704
spark,150_10,1,7,gpu_shared_mem,637,1,0.06176
spark,150_10,1,7,gpu_shared_mem,638,2,0.103872
spark,150_10,1,7,gpu_shared_mem,639,2,0.102784
spark,150_10,1,7,gpu_shared_mem,640,2,0.099776
spark,150_10,1,7,gpu_shared_mem,641,2,0.115744
spark,150_10,1,7,gpu_shared_mem,642,1,0.028256
spark,150_10,1,7,gpu_shared_mem,643,1,0.036416
spark,150_10,1,7,gpu_shared_mem,644,1,0.115584
spark,150_10,1,7,gpu_shared_mem,645,1,0.04096
spark,150_10,1,7,gpu_shared_mem,646,1,0.099552
spark,150_10,1,7,gpu_shared_mem,647,2,0.091648
spark,150_10,1,7,gpu_shared_mem,648,3,0.107424
spark,150_10,1,7,gpu_shared_mem,649,3,0.094848
spark,150_10,1,7,gpu_shared_mem,650,3,0.111424
spark,150_10,1,7,gpu_shared_mem,651,2,0.103328
spark,150_10,1,7,gpu_shared_mem,652,1,0.110656
spark,150_10,1,7,gpu_shared_mem,653,1,0.044736
spark,150_10,1,7,gpu_shared_mem,654,1,0.079712
spark,150_10,1,7,gpu_shared_mem,655,1,0.091616
spark,150_10,1,7,gpu_shared_mem,656,2,0.078976
spark,150_10,1,7,gpu_shared_mem,657,2,0.06064
spark,150_10,1,7,gpu_shared_mem,658,4,0.110336
spark,150_10,1,7,gpu_shared_mem,659,3,0.111808
spark,150_10,1,7,gpu_shared_mem,660,3,0.102592
spark,150_10,1,7,gpu_shared_mem,661,1,0.093984
spark,150_10,1,7,gpu_shared_mem,662,1,0.077024
spark,150_10,1,7,gpu_shared_mem,663,1,0.096256
spark,150_10,1,7,gpu_shared_mem,664,1,0.038944
spark,150_10,1,7,gpu_shared_mem,665,2,0.100864
spark,150_10,1,7,gpu_shared_mem,666,2,0.090368
spark,150_10,1,7,gpu_shared_mem,667,2,0.096832
spark,150_10,1,7,gpu_shared_mem,668,2,0.082592
spark,150_10,1,7,gpu_shared_mem,669,1,0.064288
spark,150_10,1,7,gpu_shared_mem,670,1,0.102976
spark,150_10,1,7,gpu_shared_mem,671,2,0.107456
spark,150_10,1,7,gpu_shared_mem,672,4,0.108864
spark,150_10,1,7,gpu_shared_mem,673,7,0.11264
spark,150_10,1,7,gpu_shared_mem,674,5,0.110432
spark,150_10,1,7,gpu_shared_mem,675,4,0.117376
spark,150_10,1,7,gpu_shared_mem,676,3,0.102048
spark,150_10,1,7,gpu_shared_mem,677,3,0.064928
spark,150_10,1,7,gpu_shared_mem,678,3,0.114624
spark,150_10,1,7,gpu_shared_mem,679,2,0.116448
spark,150_10,1,7,gpu_shared_mem,680,2,0.118048
spark,150_10,1,7,gpu_shared_mem,681,1,0.111616
spark,150_10,1,7,gpu_shared_mem,682,1,0.105568
spark,150_10,1,7,gpu_shared_mem,683,2,0.099872
spark,150_10,1,7,gpu_shared_mem,684,2,0.11168
spark,150_10,1,7,gpu_shared_mem,685,2,0.113184
spark,150_10,1,7,gpu_shared_mem,686,2,0.080416
spark,150_10,1,7,gpu_shared_mem,687,2,0.0896
spark,150_10,1,7,gpu_shared_mem,688,1,0.044672
spark,150_10,1,7,gpu_shared_mem,689,2,0.07952
spark,150_10,1,7,gpu_shared_mem,690,1,0.078592
spark,150_10,1,7,gpu_shared_mem,691,2,0.084896
spark,150_10,1,7,gpu_shared_mem,692,1,0.059552
spark,150_10,1,7,gpu_shared_mem,693,1,0.041888
spark,150_10,1,7,gpu_shared_mem,694,1,0.035712
spark,150_10,1,7,gpu_shared_mem,695,1,0.077312
spark,150_10,1,7,gpu_shared_mem,696,2,0.095776
spark,150_10,1,7,gpu_shared_mem,697,2,0.080992
spark,150_10,1,7,gpu_shared_mem,698,3,0.086816
spark,150_10,1,7,gpu_shared_mem,699,2,0.113152
spark,150_10,1,7,gpu_shared_mem,700,1,0.100992
spark,150_10,1,7,gpu_shared_mem,701,1,0.064448
spark,150_10,1,7,gpu_shared_mem,702,1,0.067776
spark,150_10,1,7,gpu_shared_mem,703,1,0.106752
spark,150_10,1,7,gpu_shared_mem,704,1,0.064992
spark,150_10,1,7,gpu_shared_mem,705,1,0.110176
spark,150_10,1,7,gpu_shared_mem,706,1,0.11456
spark,150_10,1,7,gpu_shared_mem,707,1,0.078208
spark,150_10,1,7,gpu_shared_mem,708,1,0.087968
spark,150_10,1,7,gpu_shared_mem,709,1,0.104352
spark,150_10,1,7,gpu_shared_mem,710,1,0.02336
spark,150_10,1,7,gpu_shared_mem,711,1,0.041216
spark,150_10,1,7,gpu_shared_mem,712,1,0.060608
spark,150_10,1,7,gpu_shared_mem,713,1,0.080416
spark,150_10,1,7,gpu_shared_mem,714,1,0.04448
spark,150_10,1,7,gpu_shared_mem,715,1,0.088832
spark,150_10,1,7,gpu_shared_mem,716,1,0.0856
spark,150_10,1,7,gpu_shared_mem,717,1,0.051296
spark,150_10,1,7,gpu_shared_mem,718,2,0.080416
spark,150_10,1,7,gpu_shared_mem,719,1,0.083936
spark,150_10,1,7,gpu_shared_mem,720,2,0.086976
spark,150_10,1,7,gpu_shared_mem,721,3,0.054496
spark,150_10,1,7,gpu_shared_mem,722,2,0.11152
spark,150_10,1,7,gpu_shared_mem,723,2,0.08
spark,150_10,1,7,gpu_shared_mem,724,2,0.115968
spark,150_10,1,7,gpu_shared_mem,725,1,0.035008
spark,150_10,1,7,gpu_shared_mem,726,1,0.058592
spark,150_10,1,7,gpu_shared_mem,727,2,0.096832
spark,150_10,1,7,gpu_shared_mem,728,2,0.051488
spark,150_10,1,7,gpu_shared_mem,729,2,0.094336
spark,150_10,1,7,gpu_shared_mem,730,2,0.115488
spark,150_10,1,7,gpu_shared_mem,731,2,0.088352
spark,150_10,1,7,gpu_shared_mem,732,1,0.069824
spark,150_10,1,7,gpu_shared_mem,733,2,0.091872
spark,150_10,1,7,gpu_shared_mem,734,2,0.079296
spark,150_10,1,7,gpu_shared_mem,735,1,0.094208
spark,150_10,1,7,gpu_shared_mem,736,1,0.101568
spark,150_10,1,7,gpu_shared_mem,737,2,0.074176
spark,150_10,1,7,gpu_shared_mem,738,3,0.1104
spark,150_10,1,7,gpu_shared_mem,739,2,0.110144
spark,150_10,1,7,gpu_shared_mem,740,3,0.079712
spark,150_10,1,7,gpu_shared_mem,741,3,0.09952
spark,150_10,1,7,gpu_shared_mem,742,3,0.114912
spark,150_10,1,7,gpu_shared_mem,743,1,0.095744
spark,150_10,1,7,gpu_shared_mem,744,1,0.062784
spark,150_10,1,7,gpu_shared_mem,745,1,0.058496
spark,150_10,1,7,gpu_shared_mem,746,1,0.045472
spark,150_10,1,7,gpu_shared_mem,747,1,0.039776
spark,150_10,1,7,gpu_shared_mem,748,1,0.071296
spark,150_10,1,7,gpu_shared_mem,749,1,0.036224
spark,150_10,1,7,gpu_shared_mem,750,1,0.090464
spark,150_10,1,7,gpu_shared_mem,751,1,0.055072
spark,150_10,1,7,gpu_shared_mem,752,2,0.088128
spark,150_10,1,7,gpu_shared_mem,753,1,0.112224
spark,150_10,1,7,gpu_shared_mem,754,1,0.116704
spark,150_10,1,7,gpu_shared_mem,755,1,0.111104
spark,150_10,1,7,gpu_shared_mem,756,1,0.043328
spark,150_10,1,7,gpu_shared_mem,757,1,0.044736
spark,150_10,1,7,gpu_shared_mem,758,1,0.069152
spark,150_10,1,7,gpu_shared_mem,759,2,0.09904
spark,150_10,1,7,gpu_shared_mem,760,1,0.070208
spark,150_10,1,7,gpu_shared_mem,761,2,0.05984
spark,150_10,1,7,gpu_shared_mem,762,2,0.078624
spark,150_10,1,7,gpu_shared_mem,763,1,0.07632
spark,150_10,1,7,gpu_shared_mem,764,1,0.039648
spark,150_10,1,7,gpu_shared_mem,765,1,0.099296
spark,150_10,1,7,gpu_shared_mem,766,2,0.111744
spark,150_10,1,7,gpu_shared_mem,767,3,0.109728
spark,150_10,1,7,gpu_shared_mem,768,4,0.11536
spark,150_10,1,7,gpu_shared_mem,769,6,0.100288
spark,150_10,1,7,gpu_shared_mem,770,6,0.10432
spark,150_10,1,7,gpu_shared_mem,771,3,0.103584
spark,150_10,1,7,gpu_shared_mem,772,3,0.086624
spark,150_10,1,7,gpu_shared_mem,773,3,0.094496
spark,150_10,1,7,gpu_shared_mem,774,1,0.039488
spark,150_10,1,7,gpu_shared_mem,775,1,0.046624
spark,150_10,1,7,gpu_shared_mem,776,1,0.067232
spark,150_10,1,7,gpu_shared_mem,777,1,0.088864
spark,150_10,1,7,gpu_shared_mem,778,1,0.097408
spark,150_10,1,7,gpu_shared_mem,779,1,0.091744
spark,150_10,1,7,gpu_shared_mem,780,1,0.064192
spark,150_10,1,7,gpu_shared_mem,781,1,0.078368
spark,150_10,1,7,gpu_shared_mem,782,1,0.039936
spark,150_10,1,7,gpu_shared_mem,783,1,0.107936
spark,150_10,1,7,gpu_shared_mem,784,1,0.10576
spark,150_10,1,7,gpu_shared_mem,785,1,0.062624
spark,150_10,1,7,gpu_shared_mem,786,2,0.057568
spark,150_10,1,7,gpu_shared_mem,787,4,0.086176
spark,150_10,1,7,gpu_shared_mem,788,5,0.113984
spark,150_10,1,7,gpu_shared_mem,789,4,0.095008
spark,150_10,1,7,gpu_shared_mem,790,2,0.03744
spark,150_10,1,7,gpu_shared_mem,791,2,0.102592
spark,150_10,1,7,gpu_shared_mem,792,2,0.103552
spark,150_10,1,7,gpu_shared_mem,793,1,0.115968
spark,150_10,1,7,gpu_shared_mem,794,1,0.110336
spark,150_10,1,7,gpu_shared_mem,795,1,0.093856
spark,150_10,1,7,gpu_shared_mem,796,1,0.079424
spark,150_10,1,7,gpu_shared_mem,797,2,0.10128
spark,150_10,1,7,gpu_shared_mem,798,2,0.097952
spark,150_10,1,7,gpu_shared_mem,799,3,0.102144
spark,150_10,1,7,gpu_shared_mem,800,3,0.096896
spark,150_10,1,7,gpu_shared_mem,801,3,0.102304
spark,150_10,1,7,gpu_shared_mem,802,1,0.075456
spark,150_10,1,7,gpu_shared_mem,803,1,0.116608
spark,150_10,1,7,gpu_shared_mem,804,1,0.092448
spark,150_10,1,7,gpu_shared_mem,805,1,0.107648
spark,150_10,1,7,gpu_shared_mem,806,2,0.112128
spark,150_10,1,7,gpu_shared_mem,807,3,0.083008
spark,150_10,1,7,gpu_shared_mem,808,2,0.099008
spark,150_10,1,7,gpu_shared_mem,809,3,0.103456
spark,150_10,1,7,gpu_shared_mem,810,1,0.08848
spark,150_10,1,7,gpu_shared_mem,811,1,0.069312
spark,150_10,1,7,gpu_shared_mem,812,1,0.089248
spark,150_10,1,7,gpu_shared_mem,813,1,0.044736
spark,150_10,1,7,gpu_shared_mem,814,1,0.077536
spark,150_10,1,7,gpu_shared_mem,815,2,0.109248
spark,150_10,1,7,gpu_shared_mem,816,2,0.09504
spark,150_10,1,7,gpu_shared_mem,817,1,0.08816
spark,150_10,1,7,gpu_shared_mem,818,1,0.113504
spark,150_10,1,7,gpu_shared_mem,819,1,0.040096
spark,150_10,1,7,gpu_shared_mem,820,1,0.047072
spark,150_10,1,7,gpu_shared_mem,821,1,0.096832
spark,150_10,1,7,gpu_shared_mem,822,2,0.067136
spark,150_10,1,7,gpu_shared_mem,823,2,0.096256
spark,150_10,1,7,gpu_shared_mem,824,2,0.110656
spark,150_10,1,7,gpu_shared_mem,825,2,0.115936
spark,150_10,1,7,gpu_shared_mem,826,1,0.074912
spark,150_10,1,7,gpu_shared_mem,827,1,0.111872
spark,150_10,1,7,gpu_shared_mem,828,1,0.03712
spark,150_10,1,7,gpu_shared_mem,829,1,0.043264
spark,150_10,1,7,gpu_shared_mem,830,1,0.045792
spark,150_10,1,7,gpu_shared_mem,831,1,0.06128
spark,150_10,1,7,gpu_shared_mem,832,2,0.07472
spark,150_10,1,7,gpu_shared_mem,833,3,0.103744
spark,150_10,1,7,gpu_shared_mem,834,3,0.054432
spark,150_10,1,7,gpu_shared_mem,835,2,0.084128
spark,150_10,1,7,gpu_shared_mem,836,1,0.070848
spark,150_10,1,7,gpu_shared_mem,837,1,0.1016
spark,150_10,1,7,gpu_shared_mem,838,1,0.10768
spark,150_10,1,7,gpu_shared_mem,839,1,0.114336
spark,150_10,1,7,gpu_shared_mem,840,1,0.088416
spark,150_10,1,7,gpu_shared_mem,841,1,0.040256
spark,150_10,1,7,gpu_shared_mem,842,1,0.097568
spark,150_10,1,7,gpu_shared_mem,843,2,0.100832
spark,150_10,1,7,gpu_shared_mem,844,2,0.111648
spark,150_10,1,7,gpu_shared_mem,845,2,0.116128
spark,150_10,1,7,gpu_shared_mem,846,1,0.110944
spark,150_10,1,7,gpu_shared_mem,847,1,0.107904
spark,150_10,1,7,gpu_shared_mem,848,2,0.1032
spark,150_10,1,7,gpu_shared_mem,849,3,0.060192
spark,150_10,1,7,gpu_shared_mem,850,3,0.08064
spark,150_10,1,7,gpu_shared_mem,851,1,0.079232
spark,150_10,1,7,gpu_shared_mem,852,1,0.036864
spark,150_10,1,7,gpu_shared_mem,853,1,0.075648
spark,150_10,1,7,gpu_shared_mem,854,1,0.024704
spark,150_10,1,7,gpu_shared_mem,855,2,0.054048
spark,150_10,1,7,gpu_shared_mem,856,4,0.103168
spark,150_10,1,7,gpu_shared_mem,857,3,0.11056
spark,150_10,1,7,gpu_shared_mem,858,4,0.094592
spark,150_10,1,7,gpu_shared_mem,859,4,0.096064
spark,150_10,1,7,gpu_shared_mem,860,3,0.081568
spark,150_10,1,7,gpu_shared_mem,861,2,0.072928
spark,150_10,1,7,gpu_shared_mem,862,2,0.06944
spark,150_10,1,7,gpu_shared_mem,863,1,0.112768
spark,150_10,1,7,gpu_shared_mem,864,1,0.059424
spark,150_10,1,7,gpu_shared_mem,865,1,0.061088
spark,150_10,1,7,gpu_shared_mem,866,1,0.095744
spark,150_10,1,7,gpu_shared_mem,867,1,0.094368
spark,150_10,1,7,gpu_shared_mem,868,1,0.077536
spark,150_10,1,7,gpu_shared_mem,869,2,0.104672
spark,150_10,1,7,gpu_shared_mem,870,2,0.112
spark,150_10,1,7,gpu_shared_mem,871,1,0.045952
spark,150_10,1,7,gpu_shared_mem,872,1,0.067648
spark,150_10,1,7,gpu_shared_mem,873,1,0.088768
spark,150_10,1,7,gpu_shared_mem,874,2,0.097664
spark,150_10,1,7,gpu_shared_mem,875,2,0.089344
spark,150_10,1,7,gpu_shared_mem,876,3,0.117824
spark,150_10,1,7,gpu_shared_mem,877,2,0.114176
spark,150_10,1,7,gpu_shared_mem,878,2,0.099136
spark,150_10,1,7,gpu_shared_mem,879,1,0.091424
spark,150_10,1,7,gpu_shared_mem,880,1,0.06592
spark,150_10,1,7,gpu_shared_mem,881,2,0.069216
spark,150_10,1,7,gpu_shared_mem,882,3,0.083008
spark,150_10,1,7,gpu_shared_mem,883,1,0.04112
spark,150_10,1,7,gpu_shared_mem,884,2,0.108736
spark,150_10,1,7,gpu_shared_mem,885,3,0.100096
spark,150_10,1,7,gpu_shared_mem,886,3,0.08544
spark,150_10,1,7,gpu_shared_mem,887,5,0.107328
spark,150_10,1,7,gpu_shared_mem,888,6,0.084512
spark,150_10,1,7,gpu_shared_mem,889,3,0.099456
spark,150_10,1,7,gpu_shared_mem,890,1,0.036128
spark,150_10,1,7,gpu_shared_mem,891,1,0.058528
spark,150_10,1,7,gpu_shared_mem,892,1,0.089856
spark,150_10,1,7,gpu_shared_mem,893,1,0.072864
spark,150_10,1,7,gpu_shared_mem,894,1,0.072832
spark,150_10,1,7,gpu_shared_mem,895,1,0.101504
spark,150_10,1,7,gpu_shared_mem,896,1,0.029056
spark,150_10,1,7,gpu_shared_mem,897,2,0.039456
spark,150_10,1,7,gpu_shared_mem,898,3,0.082304
spark,150_10,1,7,gpu_shared_mem,899,3,0.112448
spark,150_10,1,7,gpu_shared_mem,900,5,0.093664
spark,150_10,1,7,gpu_shared_mem,901,5,0.095232
spark,150_10,1,7,gpu_shared_mem,902,3,0.1088
spark,150_10,1,7,gpu_shared_mem,903,1,0.107776
spark,150_10,1,7,gpu_shared_mem,904,2,0.074432
spark,150_10,1,7,gpu_shared_mem,905,3,0.101152
spark,150_10,1,7,gpu_shared_mem,906,2,0.03392
spark,150_10,1,7,gpu_shared_mem,907,1,0.076416
spark,150_10,1,7,gpu_shared_mem,908,1,0.069984
spark,150_10,1,7,gpu_shared_mem,909,1,0.048864
spark,150_10,1,7,gpu_shared_mem,910,1,0.03008
spark,150_10,1,7,gpu_shared_mem,911,2,0.075648
spark,150_10,1,7,gpu_shared_mem,912,3,0.100832
spark,150_10,1,7,gpu_shared_mem,913,4,0.105792
spark,150_10,1,7,gpu_shared_mem,914,1,0.08208
spark,150_10,1,7,gpu_shared_mem,915,1,0.10048
spark,150_10,1,7,gpu_shared_mem,916,1,0.050944
spark,150_10,1,7,gpu_shared_mem,917,1,0.036
spark,150_10,1,7,gpu_shared_mem,918,1,0.07136
spark,150_10,1,7,gpu_shared_mem,919,1,0.102912
spark,150_10,1,7,gpu_shared_mem,920,1,0.09936
spark,150_10,1,7,gpu_shared_mem,921,2,0.10928
spark,150_10,1,7,gpu_shared_mem,922,2,0.115392
spark,150_10,1,7,gpu_shared_mem,923,3,0.05152
spark,150_10,1,7,gpu_shared_mem,924,4,0.099488
spark,150_10,1,7,gpu_shared_mem,925,2,0.104832
spark,150_10,1,7,gpu_shared_mem,926,1,0.048672
spark,150_10,1,7,gpu_shared_mem,927,1,0.076512
spark,150_10,1,7,gpu_shared_mem,928,1,0.047296
spark,150_10,1,7,gpu_shared_mem,929,1,0.063296
spark,150_10,1,7,gpu_shared_mem,930,1,0.10096
spark,150_10,1,7,gpu_shared_mem,931,2,0.071296
spark,150_10,1,7,gpu_shared_mem,932,3,0.095488
spark,150_10,1,7,gpu_shared_mem,933,1,0.035424
spark,150_10,1,7,gpu_shared_mem,934,1,0.068032
spark,150_10,1,7,gpu_shared_mem,935,1,0.075648
spark,150_10,1,7,gpu_shared_mem,936,1,0.042208
spark,150_10,1,7,gpu_shared_mem,937,1,0.10368
spark,150_10,1,7,gpu_shared_mem,938,1,0.070208
spark,150_10,1,7,gpu_shared_mem,939,2,0.039776
spark,150_10,1,7,gpu_shared_mem,940,3,0.08384
spark,150_10,1,7,gpu_shared_mem,941,5,0.114944
spark,150_10,1,7,gpu_shared_mem,942,5,0.113472
spark,150_10,1,7,gpu_shared_mem,943,3,0.11648
spark,150_10,1,7,gpu_shared_mem,944,2,0.091904
spark,150_10,1,7,gpu_shared_mem,945,1,0.0864
spark,150_10,1,7,gpu_shared_mem,946,1,0.051904
spark,150_10,1,7,gpu_shared_mem,947,1,0.06192
spark,150_10,1,7,gpu_shared_mem,948,1,0.070912
spark,150_10,1,7,gpu_shared_mem,949,1,0.10768
spark,150_10,1,7,gpu_shared_mem,950,2,0.082912
spark,150_10,1,7,gpu_shared_mem,951,1,0.0792
spark,150_10,1,7,gpu_shared_mem,952,1,0.092416
spark,150_10,1,7,gpu_shared_mem,953,1,0.061184
spark,150_10,1,7,gpu_shared_mem,954,1,0.0368
spark,150_10,1,7,gpu_shared_mem,955,2,0.11664
spark,150_10,1,7,gpu_shared_mem,956,1,0.083744
spark,150_10,1,7,gpu_shared_mem,957,1,0.040864
spark,150_10,1,7,gpu_shared_mem,958,1,0.107104
spark,150_10,1,7,gpu_shared_mem,959,1,0.054944
spark,150_10,1,7,gpu_shared_mem,960,2,0.10096
spark,150_10,1,7,gpu_shared_mem,961,4,0.116672
spark,150_10,1,7,gpu_shared_mem,962,2,0.086784
spark,150_10,1,7,gpu_shared_mem,963,1,0.068608
spark,150_10,1,7,gpu_shared_mem,964,2,0.066976
spark,150_10,1,7,gpu_shared_mem,965,1,0.070464
spark,150_10,1,7,gpu_shared_mem,966,1,0.112032
spark,150_10,1,7,gpu_shared_mem,967,1,0.030912
spark,150_10,1,7,gpu_shared_mem,968,1,0.070432
spark,150_10,1,7,gpu_shared_mem,969,1,0.072032
spark,150_10,1,7,gpu_shared_mem,970,1,0.074144
spark,150_10,1,7,gpu_shared_mem,971,1,0.040704
spark,150_10,1,7,gpu_shared_mem,972,2,0.03504
spark,150_10,1,7,gpu_shared_mem,973,3,0.078848
spark,150_10,1,7,gpu_shared_mem,974,4,0.084288
spark,150_10,1,7,gpu_shared_mem,975,6,0.090816
spark,150_10,1,7,gpu_shared_mem,976,4,0.103488
spark,150_10,1,7,gpu_shared_mem,977,4,0.065184
spark,150_10,1,7,gpu_shared_mem,978,2,0.112288
spark,150_10,1,7,gpu_shared_mem,979,1,0.11024
spark,150_10,1,7,gpu_shared_mem,980,1,0.044928
spark,150_10,1,7,gpu_shared_mem,981,1,0.038912
spark,150_10,1,7,gpu_shared_mem,982,1,0.059328
spark,150_10,1,7,gpu_shared_mem,983,2,0.108448
spark,150_10,1,7,gpu_shared_mem,984,2,0.063968
spark,150_10,1,7,gpu_shared_mem,985,2,0.080096
spark,150_10,1,7,gpu_shared_mem,986,1,0.05792
spark,150_10,1,7,gpu_shared_mem,987,1,0.038784
spark,150_10,1,7,gpu_shared_mem,988,1,0.089312
spark,150_10,1,7,gpu_shared_mem,989,1,0.064672
spark,150_10,1,7,gpu_shared_mem,990,1,0.108768
spark,150_10,1,7,gpu_shared_mem,991,2,0.10672
spark,150_10,1,7,gpu_shared_mem,992,2,0.071488
spark,150_10,1,7,gpu_shared_mem,993,3,0.053888
spark,150_10,1,7,gpu_shared_mem,994,3,0.11424
spark,150_10,1,7,gpu_shared_mem,995,2,0.069472
spark,150_10,1,7,gpu_shared_mem,996,2,0.091328
spark,150_10,1,7,gpu_shared_mem,997,2,0.09488
spark,150_10,1,7,gpu_shared_mem,998,2,0.124416
spark,150_10,1,7,gpu_shared_mem,999,1,0.055168
spark,150_10,1,7,gpu_shared_mem,1000,1,0.115488
spark,150_10,1,7,gpu_shared_mem,1001,1,0.031616
spark,150_10,1,7,gpu_shared_mem,1002,2,0.10448
spark,150_10,1,7,gpu_shared_mem,1003,1,0.066432
spark,150_10,1,7,gpu_shared_mem,1004,2,0.039072
spark,150_10,1,7,gpu_shared_mem,1005,1,0.045248
spark,150_10,1,7,gpu_shared_mem,1006,1,0.055872
spark,150_10,1,7,gpu_shared_mem,1007,2,0.05232
spark,150_10,1,7,gpu_shared_mem,1008,2,0.087104
spark,150_10,1,7,gpu_shared_mem,1009,2,0.070048
spark,150_10,1,7,gpu_shared_mem,1010,2,0.111168
spark,150_10,1,7,gpu_shared_mem,1011,2,0.097696
spark,150_10,1,7,gpu_shared_mem,1012,1,0.08576
spark,150_10,1,7,gpu_shared_mem,1013,1,0.068448
spark,150_10,1,7,gpu_shared_mem,1014,1,0.041856
spark,150_10,1,7,gpu_shared_mem,1015,1,0.040736
spark,150_10,1,7,gpu_shared_mem,1016,1,0.047968
spark,150_10,1,7,gpu_shared_mem,1017,1,0.077088
spark,150_10,1,7,gpu_shared_mem,1018,1,0.02304
spark,150_10,1,7,gpu_shared_mem,1019,2,0.0856
spark,150_10,1,7,gpu_shared_mem,1020,4,0.108672
spark,150_10,1,7,gpu_shared_mem,1021,3,0.06352
spark,150_10,1,7,gpu_shared_mem,1022,2,0.082176
spark,150_10,1,7,gpu_shared_mem,1023,3,0.056704
spark,150_10,1,7,gpu_shared_mem,1024,1,0.08336
spark,150_10,1,7,gpu_shared_mem,1025,1,0.092768
spark,150_10,1,7,gpu_shared_mem,1026,1,0.047296
spark,150_10,1,7,gpu_shared_mem,1027,1,0.036
spark,150_10,1,7,gpu_shared_mem,1028,2,0.094336
spark,150_10,1,7,gpu_shared_mem,1029,1,0.033344
spark,150_10,1,7,gpu_shared_mem,1030,1,0.0608
spark,150_10,1,7,gpu_shared_mem,1031,2,0.104032
spark,150_10,1,7,gpu_shared_mem,1032,1,0.098208
spark,150_10,1,7,gpu_shared_mem,1033,2,0.096768
spark,150_10,1,7,gpu_shared_mem,1034,1,0.080544
spark,150_10,1,7,gpu_shared_mem,1035,1,0.023168
spark,150_10,1,7,gpu_shared_mem,1036,1,0.094336
spark,150_10,1,7,gpu_shared_mem,1037,1,0.030624
spark,150_10,1,7,gpu_shared_mem,1038,2,0.062368
spark,150_10,1,7,gpu_shared_mem,1039,1,0.093824
spark,150_10,1,7,gpu_shared_mem,1040,1,0.087008
spark,150_10,1,7,gpu_shared_mem,1041,1,0.075552
spark,150_10,1,7,gpu_shared_mem,1042,1,0.034144
spark,150_10,1,7,gpu_shared_mem,1043,1,0.076544
spark,150_10,1,7,gpu_shared_mem,1044,1,0.067072
spark,150_10,1,7,gpu_shared_mem,1045,1,0.080032
spark,150_10,1,7,gpu_shared_mem,1046,2,0.059904
spark,150_10,1,7,gpu_shared_mem,1047,4,0.113184
spark,150_10,1,7,gpu_shared_mem,1048,2,0.108352
spark,150_10,1,7,gpu_shared_mem,1049,3,0.11696
spark,150_10,1,7,gpu_shared_mem,1050,1,0.036096
spark,150_10,1,7,gpu_shared_mem,1051,1,0.082112
spark,150_10,1,7,gpu_shared_mem,1052,1,0.116992
spark,150_10,1,7,gpu_shared_mem,1053,1,0.065824
spark,150_10,1,7,gpu_shared_mem,1054,2,0.089216
spark,150_10,1,7,gpu_shared_mem,1055,1,0.092896
spark,150_10,1,7,gpu_shared_mem,1056,1,0.039136
spark,150_10,1,7,gpu_shared_mem,1057,2,0.095456
spark,150_10,1,7,gpu_shared_mem,1058,1,0.043744
spark,150_10,1,7,gpu_shared_mem,1059,1,0.044
spark,150_10,1,7,gpu_shared_mem,1060,1,0.0368
spark,150_10,1,7,gpu_shared_mem,1061,1,0.073984
spark,150_10,1,7,gpu_shared_mem,1062,1,0.089216
spark,150_10,1,7,gpu_shared_mem,1063,2,0.041376
spark,150_10,1,7,gpu_shared_mem,1064,1,0.06448
spark,150_10,1,7,gpu_shared_mem,1065,1,0.091584
spark,150_10,1,7,gpu_shared_mem,1066,1,0.035488
spark,150_10,1,7,gpu_shared_mem,1067,1,0.09424
spark,150_10,1,7,gpu_shared_mem,1068,1,0.067264
spark,150_10,1,7,gpu_shared_mem,1069,1,0.089248
spark,150_10,1,7,gpu_shared_mem,1070,2,0.0856
spark,150_10,1,7,gpu_shared_mem,1071,3,0.110272
spark,150_10,1,7,gpu_shared_mem,1072,4,0.098432
spark,150_10,1,7,gpu_shared_mem,1073,5,0.1064
spark,150_10,1,7,gpu_shared_mem,1074,3,0.076928
spark,150_10,1,7,gpu_shared_mem,1075,3,0.107744
spark,150_10,1,7,gpu_shared_mem,1076,2,0.115392
spark,150_10,1,7,gpu_shared_mem,1077,2,0.109312
spark,150_10,1,7,gpu_shared_mem,1078,3,0.115712
spark,150_10,1,7,gpu_shared_mem,1079,1,0.116096
spark,150_10,1,7,gpu_shared_mem,1080,1,0.072064
spark,150_10,1,7,gpu_shared_mem,1081,1,0.112704
spark,150_10,1,7,gpu_shared_mem,1082,1,0.024288
spark,150_10,1,7,gpu_shared_mem,1083,1,0.032704
spark,150_10,1,7,gpu_shared_mem,1084,2,0.06048
spark,150_10,1,7,gpu_shared_mem,1085,3,0.080192
spark,150_10,1,7,gpu_shared_mem,1086,4,0.09712
spark,150_10,1,7,gpu_shared_mem,1087,3,0.085632
spark,150_10,1,7,gpu_shared_mem,1088,1,0.08288
spark,150_10,1,7,gpu_shared_mem,1089,1,0.090656
spark,150_10,1,7,gpu_shared_mem,1090,1,0.023872
spark,150_10,1,7,gpu_shared_mem,1091,2,0.116576
spark,150_10,1,7,gpu_shared_mem,1092,3,0.104448
spark,150_10,1,7,gpu_shared_mem,1093,3,0.10768
spark,150_10,1,7,gpu_shared_mem,1094,2,0.081824
spark,150_10,1,7,gpu_shared_mem,1095,2,0.035456
spark,150_10,1,7,gpu_shared_mem,1096,2,0.06032
spark,150_10,1,7,gpu_shared_mem,1097,1,0.07248
spark,150_10,1,7,gpu_shared_mem,1098,1,0.066752
spark,150_10,1,7,gpu_shared_mem,1099,2,0.115488
spark,150_10,1,7,gpu_shared_mem,1100,1,0.072064
spark,150_10,1,7,gpu_shared_mem,1101,1,0.102176
spark,150_10,1,7,gpu_shared_mem,1102,1,0.08272
spark,150_10,1,7,gpu_shared_mem,1103,2,0.102592
spark,150_10,1,7,gpu_shared_mem,1104,3,0.078752
spark,150_10,1,7,gpu_shared_mem,1105,2,0.068128
spark,150_10,1,7,gpu_shared_mem,1106,1,0.038848
spark,150_10,1,7,gpu_shared_mem,1107,1,0.07664
spark,150_10,1,7,gpu_shared_mem,1108,2,0.098784
spark,150_10,1,7,gpu_shared_mem,1109,2,0.060032
spark,150_10,1,7,gpu_shared_mem,1110,1,0.109216
spark,150_10,1,7,gpu_shared_mem,1111,1,0.071424
spark,150_10,1,7,gpu_shared_mem,1112,1,0.105824
spark,150_10,1,7,gpu_shared_mem,1113,2,0.105792
spark,150_10,1,7,gpu_shared_mem,1114,3,0.082144
spark,150_10,1,7,gpu_shared_mem,1115,2,0.075488
spark,150_10,1,7,gpu_shared_mem,1116,3,0.105312
spark,150_10,1,7,gpu_shared_mem,1117,3,0.096
spark,150_10,1,7,gpu_shared_mem,1118,2,0.079008
spark,150_10,1,7,gpu_shared_mem,1119,1,0.053888
spark,150_10,1,7,gpu_shared_mem,1120,1,0.029952
spark,150_10,1,7,gpu_shared_mem,1121,1,0.079008
spark,150_10,1,7,gpu_shared_mem,1122,2,0.109344
spark,150_10,1,7,gpu_shared_mem,1123,1,0.097856
spark,150_10,1,7,gpu_shared_mem,1124,1,0.060096
spark,150_10,1,7,gpu_shared_mem,1125,1,0.055328
spark,150_10,1,7,gpu_shared_mem,1126,2,0.02432
spark,150_10,1,7,gpu_shared_mem,1127,3,0.06944
spark,150_10,1,7,gpu_shared_mem,1128,2,0.107328
spark,150_10,1,7,gpu_shared_mem,1129,3,0.096352
spark,150_10,1,7,gpu_shared_mem,1130,2,0.086272
spark,150_10,1,7,gpu_shared_mem,1131,2,0.060288
spark,150_10,1,7,gpu_shared_mem,1132,1,0.041248
spark,150_10,1,7,gpu_shared_mem,1133,1,0.075904
spark,150_10,1,7,gpu_shared_mem,1134,1,0.071808
spark,150_10,1,7,gpu_shared_mem,1135,2,0.078528
spark,150_10,1,7,gpu_shared_mem,1136,3,0.063712
spark,150_10,1,7,gpu_shared_mem,1137,3,0.100064
spark,150_10,1,7,gpu_shared_mem,1138,6,0.100864
spark,150_10,1,7,gpu_shared_mem,1139,3,0.096416
spark,150_10,1,7,gpu_shared_mem,1140,3,0.104384
spark,150_10,1,7,gpu_shared_mem,1141,4,0.108064
spark,150_10,1,7,gpu_shared_mem,1142,2,0.064064
spark,150_10,1,7,gpu_shared_mem,1143,1,0.07968
spark,150_10,1,7,gpu_shared_mem,1144,1,0.067296
spark,150_10,1,7,gpu_shared_mem,1145,1,0.087136
spark,150_10,1,7,gpu_shared_mem,1146,1,0.068736
spark,150_10,1,7,gpu_shared_mem,1147,1,0.05408
spark,150_10,1,7,gpu_shared_mem,1148,2,0.059616
spark,150_10,1,7,gpu_shared_mem,1149,2,0.064736
spark,150_10,1,7,gpu_shared_mem,1150,2,0.11296
spark,150_10,1,7,gpu_shared_mem,1151,1,0.057888
spark,150_10,1,7,gpu_shared_mem,1152,1,0.094784
spark,150_10,1,7,gpu_shared_mem,1153,2,0.103328
spark,150_10,1,7,gpu_shared_mem,1154,2,0.1128
spark,150_10,1,7,gpu_shared_mem,1155,1,0.088704
spark,150_10,1,7,gpu_shared_mem,1156,1,0.084832
spark,150_10,1,7,gpu_shared_mem,1157,1,0.042592
spark,150_10,1,7,gpu_shared_mem,1158,1,0.093344
spark,150_10,1,7,gpu_shared_mem,1159,1,0.070016
spark,150_10,1,7,gpu_shared_mem,1160,2,0.06352
spark,150_10,1,7,gpu_shared_mem,1161,3,0.109696
spark,150_10,1,7,gpu_shared_mem,1162,4,0.092672
spark,150_10,1,7,gpu_shared_mem,1163,2,0.11312
spark,150_10,1,7,gpu_shared_mem,1164,2,0.05648
spark,150_10,1,7,gpu_shared_mem,1165,2,0.113408
spark,150_10,1,7,gpu_shared_mem,1166,2,0.083712
spark,150_10,1,7,gpu_shared_mem,1167,1,0.042112
spark,150_10,1,7,gpu_shared_mem,1168,1,0.0712
spark,150_10,1,7,gpu_shared_mem,1169,1,0.086304
spark,150_10,1,7,gpu_shared_mem,1170,1,0.03344
spark,150_10,1,7,gpu_shared_mem,1171,2,0.094688
spark,150_10,1,7,gpu_shared_mem,1172,2,0.062368
spark,150_10,1,7,gpu_shared_mem,1173,2,0.08672
spark,150_10,1,7,gpu_shared_mem,1174,2,0.0592
spark,150_10,1,7,gpu_shared_mem,1175,2,0.088512
spark,150_10,1,7,gpu_shared_mem,1176,2,0.101312
spark,150_10,1,7,gpu_shared_mem,1177,2,0.056192
spark,150_10,1,7,gpu_shared_mem,1178,2,0.108352
spark,150_10,1,7,gpu_shared_mem,1179,2,0.068928
spark,150_10,1,7,gpu_shared_mem,1180,1,0.041568
spark,150_10,1,7,gpu_shared_mem,1181,1,0.034912
spark,150_10,1,7,gpu_shared_mem,1182,1,0.092992
spark,150_10,1,7,gpu_shared_mem,1183,1,0.1152
spark,150_10,1,7,gpu_shared_mem,1184,1,0.099904
spark,150_10,1,7,gpu_shared_mem,1185,1,0.041792
spark,150_10,1,7,gpu_shared_mem,1186,1,0.098048
spark,150_10,1,7,gpu_shared_mem,1187,1,0.09392
spark,150_10,1,7,gpu_shared_mem,1188,2,0.083808
spark,150_10,1,7,gpu_shared_mem,1189,1,0.096544
spark,150_10,1,7,gpu_shared_mem,1190,1,0.082208
spark,150_10,1,7,gpu_shared_mem,1191,1,0.080288
spark,150_10,1,7,gpu_shared_mem,1192,1,0.071072
spark,150_10,1,7,gpu_shared_mem,1193,2,0.098432
spark,150_10,1,7,gpu_shared_mem,1194,2,0.08352
spark,150_10,1,7,gpu_shared_mem,1195,3,0.10528
spark,150_10,1,7,gpu_shared_mem,1196,4,0.110688
spark,150_10,1,7,gpu_shared_mem,1197,2,0.079392
spark,150_10,1,7,gpu_shared_mem,1198,2,0.099488
spark,150_10,1,7,gpu_shared_mem,1199,2,0.093408
spark,150_10,1,7,gpu_shared_mem,1200,2,0.110272
spark,150_10,1,7,gpu_shared_mem,1201,1,0.106304
spark,150_10,1,7,gpu_shared_mem,1202,1,0.087456
spark,150_10,1,7,gpu_shared_mem,1203,1,0.052768
spark,150_10,1,7,gpu_shared_mem,1204,1,0.038912
spark,150_10,1,7,gpu_shared_mem,1205,1,0.075168
spark,150_10,1,7,gpu_shared_mem,1206,1,0.08256
spark,150_10,1,7,gpu_shared_mem,1207,1,0.1016
spark,150_10,1,7,gpu_shared_mem,1208,1,0.07296
spark,150_10,1,7,gpu_shared_mem,1209,2,0.04368
spark,150_10,1,7,gpu_shared_mem,1210,2,0.106496
spark,150_10,1,7,gpu_shared_mem,1211,3,0.105024
spark,150_10,1,7,gpu_shared_mem,1212,3,0.082688
spark,150_10,1,7,gpu_shared_mem,1213,3,0.072448
spark,150_10,1,7,gpu_shared_mem,1214,3,0.099168
spark,150_10,1,7,gpu_shared_mem,1215,3,0.0752
spark,150_10,1,7,gpu_shared_mem,1216,3,0.10464
spark,150_10,1,7,gpu_shared_mem,1217,3,0.072512
spark,150_10,1,7,gpu_shared_mem,1218,2,0.109952
spark,150_10,1,7,gpu_shared_mem,1219,2,0.079648
spark,150_10,1,7,gpu_shared_mem,1220,2,0.086304
spark,150_10,1,7,gpu_shared_mem,1221,1,0.093984
spark,150_10,1,7,gpu_shared_mem,1222,1,0.115936
spark,150_10,1,7,gpu_shared_mem,1223,1,0.053504
spark,150_10,1,7,gpu_shared_mem,1224,1,0.03216
spark,150_10,1,7,gpu_shared_mem,1225,2,0.07712
spark,150_10,1,7,gpu_shared_mem,1226,3,0.093984
spark,150_10,1,7,gpu_shared_mem,1227,4,0.10096
spark,150_10,1,7,gpu_shared_mem,1228,6,0.109312
spark,150_10,1,7,gpu_shared_mem,1229,8,0.098528
spark,150_10,1,7,gpu_shared_mem,1230,3,0.105472
spark,150_10,1,7,gpu_shared_mem,1231,2,0.111872
spark,150_10,1,7,gpu_shared_mem,1232,3,0.082592
spark,150_10,1,7,gpu_shared_mem,1233,1,0.061024
spark,150_10,1,7,gpu_shared_mem,1234,1,0.069632
spark,150_10,1,7,gpu_shared_mem,1235,1,0.041088
spark,150_10,1,7,gpu_shared_mem,1236,1,0.058784
spark,150_10,1,7,gpu_shared_mem,1237,1,0.055392
spark,150_10,1,7,gpu_shared_mem,1238,1,0.080576
spark,150_10,1,7,gpu_shared_mem,1239,1,0.073024
spark,150_10,1,7,gpu_shared_mem,1240,1,0.039968
spark,150_10,1,7,gpu_shared_mem,1241,1,0.043936
spark,150_10,1,7,gpu_shared_mem,1242,1,0.083552
spark,150_10,1,7,gpu_shared_mem,1243,2,0.098784
spark,150_10,1,7,gpu_shared_mem,1244,2,0.108864
spark,150_10,1,7,gpu_shared_mem,1245,2,0.085728
spark,150_10,1,7,gpu_shared_mem,1246,2,0.108288
spark,150_10,1,7,gpu_shared_mem,1247,1,0.077184
spark,150_10,1,7,gpu_shared_mem,1248,1,0.112288
spark,150_10,1,7,gpu_shared_mem,1249,1,0.063136
spark,150_10,1,7,gpu_shared_mem,1250,2,0.088832
spark,150_10,1,7,gpu_shared_mem,1251,1,0.116832
spark,150_10,1,7,gpu_shared_mem,1252,1,0.06144
spark,150_10,1,7,gpu_shared_mem,1253,1,0.117312
spark,150_10,1,7,gpu_shared_mem,1254,1,0.08768
spark,150_10,1,7,gpu_shared_mem,1255,2,0.06928
spark,150_10,1,7,gpu_shared_mem,1256,3,0.105472
spark,150_10,1,7,gpu_shared_mem,1257,3,0.083744
spark,150_10,1,7,gpu_shared_mem,1258,4,0.111776
spark,150_10,1,7,gpu_shared_mem,1259,3,0.112352
spark,150_10,1,7,gpu_shared_mem,1260,2,0.112192
spark,150_10,1,7,gpu_shared_mem,1261,1,0.077952
spark,150_10,1,7,gpu_shared_mem,1262,1,0.074528
spark,150_10,1,7,gpu_shared_mem,1263,1,0.076096
spark,150_10,1,7,gpu_shared_mem,1264,1,0.096224
spark,150_10,1,7,gpu_shared_mem,1265,1,0.024288
spark,150_10,1,7,gpu_shared_mem,1266,2,0.042336
spark,150_10,1,7,gpu_shared_mem,1267,3,0.109024
spark,150_10,1,7,gpu_shared_mem,1268,1,0.06112
spark,150_10,1,7,gpu_shared_mem,1269,1,0.065376
spark,150_10,1,7,gpu_shared_mem,1270,1,0.10432
spark,150_10,1,7,gpu_shared_mem,1271,1,0.073696
spark,150_10,1,7,gpu_shared_mem,1272,1,0.095744
spark,150_10,1,7,gpu_shared_mem,1273,1,0.060864
spark,150_10,1,7,gpu_shared_mem,1274,2,0.093728
spark,150_10,1,7,gpu_shared_mem,1275,3,0.113824
spark,150_10,1,7,gpu_shared_mem,1276,4,0.098592
spark,150_10,1,7,gpu_shared_mem,1277,5,0.099488
spark,150_10,1,7,gpu_shared_mem,1278,7,0.094144
spark,150_10,1,7,gpu_shared_mem,1279,5,0.11456
spark,150_10,1,7,gpu_shared_mem,1280,5,0.109152
spark,150_10,1,7,gpu_shared_mem,1281,4,0.114432
spark,150_10,1,7,gpu_shared_mem,1282,1,0.114624
spark,150_10,1,7,gpu_shared_mem,1283,1,0.046272
spark,150_10,1,7,gpu_shared_mem,1284,1,0.063552
spark,150_10,1,7,gpu_shared_mem,1285,1,0.07856
spark,150_10,1,7,gpu_shared_mem,1286,1,0.071104
spark,150_10,1,7,gpu_shared_mem,1287,2,0.106368
spark,150_10,1,7,gpu_shared_mem,1288,2,0.070112
spark,150_10,1,7,gpu_shared_mem,1289,2,0.105152
spark,150_10,1,7,gpu_shared_mem,1290,1,0.033056
spark,150_10,1,7,gpu_shared_mem,1291,2,0.070272
spark,150_10,1,7,gpu_shared_mem,1292,1,0.031552
spark,150_10,1,7,gpu_shared_mem,1293,1,0.027232
spark,150_10,1,7,gpu_shared_mem,1294,1,0.03136
spark,150_10,1,7,gpu_shared_mem,1295,1,0.097152
spark,150_10,1,7,gpu_shared_mem,1296,1,0.08528
spark,150_10,1,7,gpu_shared_mem,1297,1,0.036512
spark,150_10,1,7,gpu_shared_mem,1298,1,0.085632
spark,150_10,1,7,gpu_shared_mem,1299,1,0.087264
spark,150_10,1,7,gpu_shared_mem,1300,1,0.08816
spark,150_10,1,7,gpu_shared_mem,1301,1,0.079648
spark,150_10,1,7,gpu_shared_mem,1302,1,0.039744
spark,150_10,1,7,gpu_shared_mem,1303,2,0.109408
spark,150_10,1,7,gpu_shared_mem,1304,2,0.102912
spark,150_10,1,7,gpu_shared_mem,1305,2,0.074272
spark,150_10,1,7,gpu_shared_mem,1306,1,0.074976
spark,150_10,1,7,gpu_shared_mem,1307,1,0.057792
spark,150_10,1,7,gpu_shared_mem,1308,2,0.07424
spark,150_10,1,7,gpu_shared_mem,1309,1,0.044192
spark,150_10,1,7,gpu_shared_mem,1310,1,0.032416
spark,150_10,1,7,gpu_shared_mem,1311,2,0.103264
spark,150_10,1,7,gpu_shared_mem,1312,3,0.110976
spark,150_10,1,7,gpu_shared_mem,1313,4,0.101792
spark,150_10,1,7,gpu_shared_mem,1314,6,0.083104
spark,150_10,1,7,gpu_shared_mem,1315,4,0.096096
spark,150_10,1,7,gpu_shared_mem,1316,3,0.084416
spark,150_10,1,7,gpu_shared_mem,1317,4,0.091136
spark,150_10,1,7,gpu_shared_mem,1318,3,0.113696
spark,150_10,1,7,gpu_shared_mem,1319,2,0.07856
spark,150_10,1,7,gpu_shared_mem,1320,2,0.089632
spark,150_10,1,7,gpu_shared_mem,1321,1,0.071072
spark,150_10,1,7,gpu_shared_mem,1322,1,0.089472
spark,150_10,1,7,gpu_shared_mem,1323,1,0.10096
spark,150_10,1,7,gpu_shared_mem,1324,1,0.101984
spark,150_10,1,7,gpu_shared_mem,1325,1,0.070464
spark,150_10,1,7,gpu_shared_mem,1326,2,0.055712
spark,150_10,1,7,gpu_shared_mem,1327,3,0.081056
spark,150_10,1,7,gpu_shared_mem,1328,3,0.107712
spark,150_10,1,7,gpu_shared_mem,1329,3,0.063552
spark,150_10,1,7,gpu_shared_mem,1330,3,0.092672
spark,150_10,1,7,gpu_shared_mem,1331,3,0.102176
spark,150_10,1,7,gpu_shared_mem,1332,3,0.1088
spark,150_10,1,7,gpu_shared_mem,1333,1,0.055072
spark,150_10,1,7,gpu_shared_mem,1334,1,0.048288
spark,150_10,1,7,gpu_shared_mem,1335,1,0.08528
spark,150_10,1,7,gpu_shared_mem,1336,1,0.034784
spark,150_10,1,7,gpu_shared_mem,1337,2,0.047552
spark,150_10,1,7,gpu_shared_mem,1338,2,0.109952
spark,150_10,1,7,gpu_shared_mem,1339,1,0.029536
spark,150_10,1,7,gpu_shared_mem,1340,2,0.072384
spark,150_10,1,7,gpu_shared_mem,1341,2,0.037984
spark,150_10,1,7,gpu_shared_mem,1342,1,0.0992
spark,150_10,1,7,gpu_shared_mem,1343,1,0.089248
spark,150_10,1,7,gpu_shared_mem,1344,1,0.074496
spark,150_10,1,7,gpu_shared_mem,1345,1,0.057088
spark,150_10,1,7,gpu_shared_mem,1346,2,0.038688
spark,150_10,1,7,gpu_shared_mem,1347,2,0.079712
spark,150_10,1,7,gpu_shared_mem,1348,3,0.092384
spark,150_10,1,7,gpu_shared_mem,1349,3,0.117632
spark,150_10,1,7,gpu_shared_mem,1350,3,0.069088
spark,150_10,1,7,gpu_shared_mem,1351,3,0.092
spark,150_10,1,7,gpu_shared_mem,1352,2,0.1136
spark,150_10,1,7,gpu_shared_mem,1353,1,0.0904
spark,150_10,1,7,gpu_shared_mem,1354,1,0.082304
spark,150_10,1,7,gpu_shared_mem,1355,1,0.0392
spark,150_10,1,7,gpu_shared_mem,1356,1,0.06
spark,150_10,1,7,gpu_shared_mem,1357,2,0.091168
spark,150_10,1,7,gpu_shared_mem,1358,3,0.07024
spark,150_10,1,7,gpu_shared_mem,1359,3,0.103584
spark,150_10,1,7,gpu_shared_mem,1360,2,0.096
spark,150_10,1,7,gpu_shared_mem,1361,1,0.064608
spark,150_10,1,7,gpu_shared_mem,1362,1,0.056672
spark,150_10,1,7,gpu_shared_mem,1363,1,0.108736
spark,150_10,1,7,gpu_shared_mem,1364,1,0.078304
spark,150_10,1,7,gpu_shared_mem,1365,1,0.072416
spark,150_10,1,7,gpu_shared_mem,1366,2,0.10624
spark,150_10,1,7,gpu_shared_mem,1367,2,0.101984
spark,150_10,1,7,gpu_shared_mem,1368,2,0.075872
spark,150_10,1,7,gpu_shared_mem,1369,2,0.108736
spark,150_10,1,7,gpu_shared_mem,1370,3,0.087168
spark,150_10,1,7,gpu_shared_mem,1371,1,0.05792
spark,150_10,1,7,gpu_shared_mem,1372,1,0.044256
spark,150_10,1,7,gpu_shared_mem,1373,1,0.094336
spark,150_10,1,7,gpu_shared_mem,1374,1,0.095744
spark,150_10,1,7,gpu_shared_mem,1375,1,0.063072
spark,150_10,1,7,gpu_shared_mem,1376,2,0.082912
spark,150_10,1,7,gpu_shared_mem,1377,2,0.066752
spark,150_10,1,7,gpu_shared_mem,1378,3,0.114912
spark,150_10,1,7,gpu_shared_mem,1379,2,0.085088
spark,150_10,1,7,gpu_shared_mem,1380,1,0.070336
spark,150_10,1,7,gpu_shared_mem,1381,1,0.04752
spark,150_10,1,7,gpu_shared_mem,1382,1,0.083328
spark,150_10,1,7,gpu_shared_mem,1383,1,0.055456
spark,150_10,1,7,gpu_shared_mem,1384,2,0.093664
spark,150_10,1,7,gpu_shared_mem,1385,3,0.105632
spark,150_10,1,7,gpu_shared_mem,1386,3,0.112928
spark,150_10,1,7,gpu_shared_mem,1387,1,0.04432
spark,150_10,1,7,gpu_shared_mem,1388,1,0.07952
spark,150_10,1,7,gpu_shared_mem,1389,1,0.045632
spark,150_10,1,7,gpu_shared_mem,1390,1,0.112992
spark,150_10,1,7,gpu_shared_mem,1391,1,0.049952
spark,150_10,1,7,gpu_shared_mem,1392,1,0.05568
spark,150_10,1,7,gpu_shared_mem,1393,1,0.07856
spark,150_10,1,7,gpu_shared_mem,1394,1,0.062432
spark,150_10,1,7,gpu_shared_mem,1395,1,0.0968
spark,150_10,1,7,gpu_shared_mem,1396,2,0.109472
spark,150_10,1,7,gpu_shared_mem,1397,2,0.1128
spark,150_10,1,7,gpu_shared_mem,1398,2,0.067872
spark,150_10,1,7,gpu_shared_mem,1399,2,0.115552
spark,150_10,1,7,gpu_shared_mem,1400,1,0.086528
spark,150_10,1,7,gpu_shared_mem,1401,1,0.113312
spark,150_10,1,7,gpu_shared_mem,1402,1,0.104384
spark,150_10,1,7,gpu_shared_mem,1403,2,0.0968
spark,150_10,1,7,gpu_shared_mem,1404,3,0.107104
spark,150_10,1,7,gpu_shared_mem,1405,2,0.101664
spark,150_10,1,7,gpu_shared_mem,1406,1,0.06064
spark,150_10,1,7,gpu_shared_mem,1407,1,0.0456
spark,150_10,1,7,gpu_shared_mem,1408,1,0.0952
spark,150_10,1,7,gpu_shared_mem,1409,2,0.097408
spark,150_10,1,7,gpu_shared_mem,1410,3,0.042144
spark,150_10,1,7,gpu_shared_mem,1411,2,0.085856
spark,150_10,1,7,gpu_shared_mem,1412,3,0.100896
spark,150_10,1,7,gpu_shared_mem,1413,2,0.117504
spark,150_10,1,7,gpu_shared_mem,1414,1,0.059296
spark,150_10,1,7,gpu_shared_mem,1415,2,0.11264
spark,150_10,1,7,gpu_shared_mem,1416,1,0.046464
spark,150_10,1,7,gpu_shared_mem,1417,1,0.06128
spark,150_10,1,7,gpu_shared_mem,1418,2,0.084576
spark,150_10,1,7,gpu_shared_mem,1419,3,0.114816
spark,150_10,1,7,gpu_shared_mem,1420,4,0.10976
spark,150_10,1,7,gpu_shared_mem,1421,3,0.103584
spark,150_10,1,7,gpu_shared_mem,1422,1,0.074912
spark,150_10,1,7,gpu_shared_mem,1423,1,0.097408
spark,150_10,1,7,gpu_shared_mem,1424,1,0.038848
spark,150_10,1,7,gpu_shared_mem,1425,1,0.024384
spark,150_10,1,7,gpu_shared_mem,1426,2,0.098496
spark,150_10,1,7,gpu_shared_mem,1427,3,0.070688
spark,150_10,1,7,gpu_shared_mem,1428,3,0.105312
spark,150_10,1,7,gpu_shared_mem,1429,3,0.098016
spark,150_10,1,7,gpu_shared_mem,1430,3,0.11792
spark,150_10,1,7,gpu_shared_mem,1431,1,0.092352
spark,150_10,1,7,gpu_shared_mem,1432,1,0.099136
spark,150_10,1,7,gpu_shared_mem,1433,1,0.080096
spark,150_10,1,7,gpu_shared_mem,1434,1,0.091808
spark,150_10,1,7,gpu_shared_mem,1435,2,0.063328
spark,150_10,1,7,gpu_shared_mem,1436,3,0.091936
spark,150_10,1,7,gpu_shared_mem,1437,5,0.107328
spark,150_10,1,7,gpu_shared_mem,1438,6,0.104448
spark,150_10,1,7,gpu_shared_mem,1439,7,0.107328
spark,150_10,1,7,gpu_shared_mem,1440,5,0.102112
spark,150_10,1,7,gpu_shared_mem,1441,8,0.111488
spark,150_10,1,7,gpu_shared_mem,1442,5,0.106656
spark,150_10,1,7,gpu_shared_mem,1443,3,0.107648
spark,150_10,1,7,gpu_shared_mem,1444,2,0.101952
spark,150_10,1,7,gpu_shared_mem,1445,1,0.044192
spark,150_10,1,7,gpu_shared_mem,1446,1,0.103136
spark,150_10,1,7,gpu_shared_mem,1447,1,0.073632
spark,150_10,1,7,gpu_shared_mem,1448,1,0.121216
spark,150_10,1,7,gpu_shared_mem,1449,1,0.025184
spark,150_10,1,7,gpu_shared_mem,1450,2,0.085984
spark,150_10,1,7,gpu_shared_mem,1451,3,0.080384
spark,150_10,1,7,gpu_shared_mem,1452,4,0.091264
spark,150_10,1,7,gpu_shared_mem,1453,4,0.0712
spark,150_10,1,7,gpu_shared_mem,1454,4,0.07968
spark,150_10,1,7,gpu_shared_mem,1455,3,0.113696
spark,150_10,1,7,gpu_shared_mem,1456,2,0.110336
spark,150_10,1,7,gpu_shared_mem,1457,1,0.099072
spark,150_10,1,7,gpu_shared_mem,1458,1,0.075424
spark,150_10,1,7,gpu_shared_mem,1459,1,0.109408
spark,150_10,1,7,gpu_shared_mem,1460,1,0.025728
spark,150_10,1,7,gpu_shared_mem,1461,2,0.109312
spark,150_10,1,7,gpu_shared_mem,1462,2,0.114848
spark,150_10,1,7,gpu_shared_mem,1463,2,0.10128
spark,150_10,1,7,gpu_shared_mem,1464,1,0.107968
spark,150_10,1,7,gpu_shared_mem,1465,1,0.068096
spark,150_10,1,7,gpu_shared_mem,1466,1,0.108032
spark,150_10,1,7,gpu_shared_mem,1467,1,0.092832
spark,150_10,1,7,gpu_shared_mem,1468,2,0.068928
spark,150_10,1,7,gpu_shared_mem,1469,4,0.110432
spark,150_10,1,7,gpu_shared_mem,1470,4,0.11168
spark,150_10,1,7,gpu_shared_mem,1471,4,0.118656
spark,150_10,1,7,gpu_shared_mem,1472,3,0.056928
spark,150_10,1,7,gpu_shared_mem,1473,3,0.092384
spark,150_10,1,7,gpu_shared_mem,1474,2,0.091488
spark,150_10,1,7,gpu_shared_mem,1475,1,0.08128
spark,150_10,1,7,gpu_shared_mem,1476,2,0.11136
spark,150_10,1,7,gpu_shared_mem,1477,1,0.071232
spark,150_10,1,7,gpu_shared_mem,1478,1,0.0552
spark,150_10,1,7,gpu_shared_mem,1479,1,0.096704
spark,150_10,1,7,gpu_shared_mem,1480,1,0.081056
spark,150_10,1,7,gpu_shared_mem,1481,2,0.08208
spark,150_10,1,7,gpu_shared_mem,1482,1,0.056128
spark,150_10,1,7,gpu_shared_mem,1483,1,0.04624
spark,150_10,1,7,gpu_shared_mem,1484,1,0.035008
spark,150_10,1,7,gpu_shared_mem,1485,1,0.036768
spark,150_10,1,7,gpu_shared_mem,1486,2,0.086944
spark,150_10,1,7,gpu_shared_mem,1487,4,0.087008
spark,150_10,1,7,gpu_shared_mem,1488,5,0.10208
spark,150_10,1,7,gpu_shared_mem,1489,3,0.101504
spark,150_10,1,7,gpu_shared_mem,1490,2,0.090112
spark,150_10,1,7,gpu_shared_mem,1491,1,0.10208
spark,150_10,1,7,gpu_shared_mem,1492,2,0.101696
spark,150_10,1,7,gpu_shared_mem,1493,2,0.066176
spark,150_10,1,7,gpu_shared_mem,1494,3,0.086144
spark,150_10,1,7,gpu_shared_mem,1495,1,0.038592
spark,150_10,1,7,gpu_shared_mem,1496,1,0.065312
spark,150_10,1,7,gpu_shared_mem,1497,2,0.076352
spark,150_10,1,7,gpu_shared_mem,1498,3,0.1088
spark,150_10,1,7,gpu_shared_mem,1499,2,0.064864
spark,150_10,1,7,gpu_shared_mem,1500,2,0.099104
spark,150_10,1,7,gpu_shared_mem,1501,2,0.052992
spark,150_10,1,7,gpu_shared_mem,1502,1,0.038368
spark,150_10,1,7,gpu_shared_mem,1503,2,0.087456
spark,150_10,1,7,gpu_shared_mem,1504,1,0.064512
spark,150_10,1,7,gpu_shared_mem,1505,1,0.047424
spark,150_10,1,7,gpu_shared_mem,1506,1,0.089824
spark,150_10,1,7,gpu_shared_mem,1507,2,0.102432
spark,150_10,1,7,gpu_shared_mem,1508,3,0.1112
spark,150_10,1,7,gpu_shared_mem,1509,2,0.101696
spark,150_10,1,7,gpu_shared_mem,1510,2,0.114624
spark,150_10,1,7,gpu_shared_mem,1511,3,0.094336
spark,150_10,1,7,gpu_shared_mem,1512,2,0.04
spark,150_10,1,7,gpu_shared_mem,1513,2,0.061504
spark,150_10,1,7,gpu_shared_mem,1514,1,0.096064
spark,150_10,1,7,gpu_shared_mem,1515,1,0.04576
spark,150_10,1,7,gpu_shared_mem,1516,1,0.098272
spark,150_10,1,7,gpu_shared_mem,1517,2,0.08784
spark,150_10,1,7,gpu_shared_mem,1518,2,0.045984
spark,150_10,1,7,gpu_shared_mem,1519,1,0.080288
spark,150_10,1,7,gpu_shared_mem,1520,2,0.115104
spark,150_10,1,7,gpu_shared_mem,1521,1,0.098912
spark,150_10,1,7,gpu_shared_mem,1522,2,0.125056
spark,150_10,1,7,gpu_shared_mem,1523,2,0.105632
spark,150_10,1,7,gpu_shared_mem,1524,1,0.060832
spark,150_10,1,7,gpu_shared_mem,1525,1,0.077472
spark,150_10,1,7,gpu_shared_mem,1526,2,0.116448
spark,150_10,1,7,gpu_shared_mem,1527,4,0.113856
spark,150_10,1,7,gpu_shared_mem,1528,3,0.118688
spark,150_10,1,7,gpu_shared_mem,1529,2,0.070208
spark,150_10,1,7,gpu_shared_mem,1530,2,0.091904
spark,150_10,1,7,gpu_shared_mem,1531,1,0.071488
spark,150_10,1,7,gpu_shared_mem,1532,1,0.076416
spark,150_10,1,7,gpu_shared_mem,1533,1,0.072768
spark,150_10,1,7,gpu_shared_mem,1534,2,0.09904
spark,150_10,1,7,gpu_shared_mem,1535,1,0.042752
spark,150_10,1,7,gpu_shared_mem,1536,2,0.091392
spark,150_10,1,7,gpu_shared_mem,1537,1,0.10176
spark,150_10,1,7,gpu_shared_mem,1538,1,0.089472
spark,150_10,1,7,gpu_shared_mem,1539,1,0.019936
spark,150_10,1,7,gpu_shared_mem,1540,2,0.102976
spark,150_10,1,7,gpu_shared_mem,1541,2,0.045024
spark,150_10,1,7,gpu_shared_mem,1542,1,0.030592
spark,150_10,1,7,gpu_shared_mem,1543,1,0.121984
spark,150_10,1,7,gpu_shared_mem,1544,1,0.103424
spark,150_10,1,7,gpu_shared_mem,1545,1,0.100064
spark,150_10,1,7,gpu_shared_mem,1546,1,0.10272
spark,150_10,1,7,gpu_shared_mem,1547,2,0.087488
spark,150_10,1,7,gpu_shared_mem,1548,1,0.101792
spark,150_10,1,7,gpu_shared_mem,1549,1,0.080704
spark,150_10,1,7,gpu_shared_mem,1550,1,0.108192
spark,150_10,1,7,gpu_shared_mem,1551,2,0.088448
spark,150_10,1,7,gpu_shared_mem,1552,2,0.106208
spark,150_10,1,7,gpu_shared_mem,1553,3,0.10176
spark,150_10,1,7,gpu_shared_mem,1554,2,0.099488
spark,150_10,1,7,gpu_shared_mem,1555,4,0.091136
spark,150_10,1,7,gpu_shared_mem,1556,1,0.109376
spark,150_10,1,7,gpu_shared_mem,1557,1,0.04624
spark,150_10,1,7,gpu_shared_mem,1558,1,0.076512
spark,150_10,1,7,gpu_shared_mem,1559,1,0.103264
spark,150_10,1,7,gpu_shared_mem,1560,2,0.04096
spark,150_10,1,7,gpu_shared_mem,1561,1,0.10352
spark,150_10,1,7,gpu_shared_mem,1562,1,0.059744
spark,150_10,1,7,gpu_shared_mem,1563,1,0.020768
spark,150_10,1,7,gpu_shared_mem,1564,2,0.091808
spark,150_10,1,7,gpu_shared_mem,1565,2,0.075904
spark,150_10,1,7,gpu_shared_mem,1566,1,0.046976
spark,150_10,1,7,gpu_shared_mem,1567,1,0.038016
spark,150_10,1,7,gpu_shared_mem,1568,1,0.115072
spark,150_10,1,7,gpu_shared_mem,1569,1,0.047424
spark,150_10,1,7,gpu_shared_mem,1570,1,0.08864
spark,150_10,1,7,gpu_shared_mem,1571,2,0.088384
spark,150_10,1,7,gpu_shared_mem,1572,3,0.075712
spark,150_10,1,7,gpu_shared_mem,1573,6,0.103552
spark,150_10,1,7,gpu_shared_mem,1574,3,0.069888
spark,150_10,1,7,gpu_shared_mem,1575,3,0.070368
spark,150_10,1,7,gpu_shared_mem,1576,3,0.088032
spark,150_10,1,7,gpu_shared_mem,1577,2,0.081024
spark,150_10,1,7,gpu_shared_mem,1578,2,0.111136
spark,150_10,1,7,gpu_shared_mem,1579,1,0.045824
spark,150_10,1,7,gpu_shared_mem,1580,1,0.104832
spark,150_10,1,7,gpu_shared_mem,1581,1,0.079232
spark,150_10,1,7,gpu_shared_mem,1582,2,0.110336
spark,150_10,1,7,gpu_shared_mem,1583,2,0.03456
spark,150_10,1,7,gpu_shared_mem,1584,2,0.05776
spark,150_10,1,7,gpu_shared_mem,1585,3,0.094272
spark,150_10,1,7,gpu_shared_mem,1586,2,0.097184
spark,150_10,1,7,gpu_shared_mem,1587,3,0.108192
spark,150_10,1,7,gpu_shared_mem,1588,3,0.104576
spark,150_10,1,7,gpu_shared_mem,1589,2,0.09344
spark,150_10,1,7,gpu_shared_mem,1590,1,0.061728
spark,150_10,1,7,gpu_shared_mem,1591,1,0.083744
spark,150_10,1,7,gpu_shared_mem,1592,1,0.076128
spark,150_10,1,7,gpu_shared_mem,1593,1,0.07216
spark,150_10,1,7,gpu_shared_mem,1594,1,0.068384
spark,150_10,1,7,gpu_shared_mem,1595,2,0.110816
spark,150_10,1,7,gpu_shared_mem,1596,3,0.102528
spark,150_10,1,7,gpu_shared_mem,1597,2,0.087488
spark,150_10,1,7,gpu_shared_mem,1598,2,0.10048
spark,150_10,1,7,gpu_shared_mem,1599,1,0.043136
spark,150_10,1,7,gpu_shared_mem,1600,1,0.022016
spark,150_10,1,7,gpu_shared_mem,1601,2,0.071904
spark,150_10,1,7,gpu_shared_mem,1602,3,0.099296
spark,150_10,1,7,gpu_shared_mem,1603,3,0.10064
spark,150_10,1,7,gpu_shared_mem,1604,3,0.108128
spark,150_10,1,7,gpu_shared_mem,1605,2,0.045504
spark,150_10,1,7,gpu_shared_mem,1606,1,0.022112
spark,150_10,1,7,gpu_shared_mem,1607,1,0.034912
spark,150_10,1,7,gpu_shared_mem,1608,2,0.112416
spark,150_10,1,7,gpu_shared_mem,1609,1,0.061088
spark,150_10,1,7,gpu_shared_mem,1610,1,0.110688
spark,150_10,1,7,gpu_shared_mem,1611,2,0.105632
spark,150_10,1,7,gpu_shared_mem,1612,3,0.102528
spark,150_10,1,7,gpu_shared_mem,1613,3,0.1128
spark,150_10,1,7,gpu_shared_mem,1614,1,0.11504
spark,150_10,1,7,gpu_shared_mem,1615,1,0.085312
spark,150_10,1,7,gpu_shared_mem,1616,1,0.047488
spark,150_10,1,7,gpu_shared_mem,1617,1,0.064832
spark,150_10,1,7,gpu_shared_mem,1618,2,0.099616
spark,150_10,1,7,gpu_shared_mem,1619,3,0.079008
spark,150_10,1,7,gpu_shared_mem,1620,3,0.106432
spark,150_10,1,7,gpu_shared_mem,1621,1,0.085696
spark,150_10,1,7,gpu_shared_mem,1622,1,0.038624
spark,150_10,1,7,gpu_shared_mem,1623,1,0.040192
spark,150_10,1,7,gpu_shared_mem,1624,1,0.060256
spark,150_10,1,7,gpu_shared_mem,1625,1,0.023104
spark,150_10,1,7,gpu_shared_mem,1626,2,0.084352
spark,150_10,1,7,gpu_shared_mem,1627,3,0.09008
spark,150_10,1,7,gpu_shared_mem,1628,2,0.074624
spark,150_10,1,7,gpu_shared_mem,1629,3,0.107136
spark,150_10,1,7,gpu_shared_mem,1630,1,0.103776
spark,150_10,1,7,gpu_shared_mem,1631,2,0.116832
spark,150_10,1,7,gpu_shared_mem,1632,3,0.115104
spark,150_10,1,7,gpu_shared_mem,1633,2,0.09984
spark,150_10,1,7,gpu_shared_mem,1634,1,0.043808
spark,150_10,1,7,gpu_shared_mem,1635,1,0.032384
spark,150_10,1,7,gpu_shared_mem,1636,1,0.107104
spark,150_10,1,7,gpu_shared_mem,1637,1,0.038912
spark,150_10,1,7,gpu_shared_mem,1638,1,0.100288
spark,150_10,1,7,gpu_shared_mem,1639,1,0.043872
spark,150_10,1,7,gpu_shared_mem,1640,1,0.078656
spark,150_10,1,7,gpu_shared_mem,1641,2,0.094592
spark,150_10,1,7,gpu_shared_mem,1642,2,0.036992
spark,150_10,1,7,gpu_shared_mem,1643,2,0.103776
spark,150_10,1,7,gpu_shared_mem,1644,2,0.107104
spark,150_10,1,7,gpu_shared_mem,1645,1,0.064928
spark,150_10,1,7,gpu_shared_mem,1646,1,0.058048
spark,150_10,1,7,gpu_shared_mem,1647,1,0.084288
spark,150_10,1,7,gpu_shared_mem,1648,2,0.117216
spark,150_10,1,7,gpu_shared_mem,1649,3,0.099776
spark,150_10,1,7,gpu_shared_mem,1650,3,0.057856
spark,150_10,1,7,gpu_shared_mem,1651,4,0.100512
spark,150_10,1,7,gpu_shared_mem,1652,1,0.072832
spark,150_10,1,7,gpu_shared_mem,1653,1,0.060928
spark,150_10,1,7,gpu_shared_mem,1654,1,0.050688
spark,150_10,1,7,gpu_shared_mem,1655,2,0.081152
spark,150_10,1,7,gpu_shared_mem,1656,3,0.087168
spark,150_10,1,7,gpu_shared_mem,1657,3,0.067072
spark,150_10,1,7,gpu_shared_mem,1658,2,0.104544
spark,150_10,1,7,gpu_shared_mem,1659,1,0.10912
spark,150_10,1,7,gpu_shared_mem,1660,1,0.092032
spark,150_10,1,7,gpu_shared_mem,1661,1,0.074272
spark,150_10,1,7,gpu_shared_mem,1662,1,0.088128
spark,150_10,1,7,gpu_shared_mem,1663,1,0.039744
spark,150_10,1,7,gpu_shared_mem,1664,1,0.108544
spark,150_10,1,7,gpu_shared_mem,1665,1,0.110464
spark,150_10,1,7,gpu_shared_mem,1666,2,0.054432
spark,150_10,1,7,gpu_shared_mem,1667,3,0.099936
spark,150_10,1,7,gpu_shared_mem,1668,4,0.109184
spark,150_10,1,7,gpu_shared_mem,1669,5,0.099424
spark,150_10,1,7,gpu_shared_mem,1670,5,0.107968
spark,150_10,1,7,gpu_shared_mem,1671,5,0.085984
spark,150_10,1,7,gpu_shared_mem,1672,3,0.099136
spark,150_10,1,7,gpu_shared_mem,1673,1,0.036288
spark,150_10,1,7,gpu_shared_mem,1674,1,0.122688
spark,150_10,1,7,gpu_shared_mem,1675,1,0.073152
spark,150_10,1,7,gpu_shared_mem,1676,1,0.065856
spark,150_10,1,7,gpu_shared_mem,1677,2,0.11088
spark,150_10,1,7,gpu_shared_mem,1678,3,0.100512
spark,150_10,1,7,gpu_shared_mem,1679,2,0.029824
spark,150_10,1,7,gpu_shared_mem,1680,1,0.074912
spark,150_10,1,7,gpu_shared_mem,1681,1,0.084384
spark,150_10,1,7,gpu_shared_mem,1682,1,0.04544
spark,150_10,1,7,gpu_shared_mem,1683,1,0.041664
spark,150_10,1,7,gpu_shared_mem,1684,1,0.033184
spark,150_10,1,7,gpu_shared_mem,1685,2,0.074464
spark,150_10,1,7,gpu_shared_mem,1686,2,0.08672
spark,150_10,1,7,gpu_shared_mem,1687,2,0.096256
spark,150_10,1,7,gpu_shared_mem,1688,2,0.121184
spark,150_10,1,7,gpu_shared_mem,1689,1,0.102112
spark,150_10,1,7,gpu_shared_mem,1690,2,0.111776
spark,150_10,1,7,gpu_shared_mem,1691,2,0.08128
spark,150_10,1,7,gpu_shared_mem,1692,1,0.106784
spark,150_10,1,7,gpu_shared_mem,1693,1,0.107776
spark,150_10,1,7,gpu_shared_mem,1694,1,0.031072
spark,150_10,1,7,gpu_shared_mem,1695,2,0.097408
spark,150_10,1,7,gpu_shared_mem,1696,4,0.10288
spark,150_10,1,7,gpu_shared_mem,1697,4,0.087488
spark,150_10,1,7,gpu_shared_mem,1698,2,0.104096
spark,150_10,1,7,gpu_shared_mem,1699,1,0.068896
spark,150_10,1,7,gpu_shared_mem,1700,1,0.0384
spark,150_10,1,7,gpu_shared_mem,1701,1,0.023872
spark,150_10,1,7,gpu_shared_mem,1702,1,0.105344
spark,150_10,1,7,gpu_shared_mem,1703,2,0.060576
spark,150_10,1,7,gpu_shared_mem,1704,2,0.075552
spark,150_10,1,7,gpu_shared_mem,1705,4,0.090208
spark,150_10,1,7,gpu_shared_mem,1706,5,0.105184
spark,150_10,1,7,gpu_shared_mem,1707,2,0.098048
spark,150_10,1,7,gpu_shared_mem,1708,1,0.093472
spark,150_10,1,7,gpu_shared_mem,1709,2,0.115136
spark,150_10,1,7,gpu_shared_mem,1710,2,0.069696
spark,150_10,1,7,gpu_shared_mem,1711,2,0.053024
spark,150_10,1,7,gpu_shared_mem,1712,1,0.056064
spark,150_10,1,7,gpu_shared_mem,1713,2,0.10976
spark,150_10,1,7,gpu_shared_mem,1714,1,0.078112
spark,150_10,1,7,gpu_shared_mem,1715,1,0.053376
spark,150_10,1,7,gpu_shared_mem,1716,2,0.1056
spark,150_10,1,7,gpu_shared_mem,1717,3,0.098016
spark,150_10,1,7,gpu_shared_mem,1718,4,0.097984
spark,150_10,1,7,gpu_shared_mem,1719,5,0.10592
spark,150_10,1,7,gpu_shared_mem,1720,4,0.113056
spark,150_10,1,7,gpu_shared_mem,1721,4,0.108864
spark,150_10,1,7,gpu_shared_mem,1722,2,0.09632
spark,150_10,1,7,gpu_shared_mem,1723,1,0.088032
spark,150_10,1,7,gpu_shared_mem,1724,2,0.092864
spark,150_10,1,7,gpu_shared_mem,1725,1,0.054912
spark,150_10,1,7,gpu_shared_mem,1726,1,0.117504
spark,150_10,1,7,gpu_shared_mem,1727,1,0.042144
spark,150_10,1,7,gpu_shared_mem,1728,1,0.096864
spark,150_10,1,7,gpu_shared_mem,1729,2,0.107776
spark,150_10,1,7,gpu_shared_mem,1730,3,0.100544
spark,150_10,1,7,gpu_shared_mem,1731,3,0.11328
spark,150_10,1,7,gpu_shared_mem,1732,2,0.0432
spark,150_10,1,7,gpu_shared_mem,1733,1,0.063424
spark,150_10,1,7,gpu_shared_mem,1734,1,0.098048
spark,150_10,1,7,gpu_shared_mem,1735,1,0.109952
spark,150_10,1,7,gpu_shared_mem,1736,1,0.031104
spark,150_10,1,7,gpu_shared_mem,1737,2,0.0984
spark,150_10,1,7,gpu_shared_mem,1738,3,0.044224
spark,150_10,1,7,gpu_shared_mem,1739,3,0.096096
spark,150_10,1,7,gpu_shared_mem,1740,2,0.111712
spark,150_10,1,7,gpu_shared_mem,1741,3,0.10256
spark,150_10,1,7,gpu_shared_mem,1742,2,0.055712
spark,150_10,1,7,gpu_shared_mem,1743,3,0.09728
spark,150_10,1,7,gpu_shared_mem,1744,1,0.063168
spark,150_10,1,7,gpu_shared_mem,1745,1,0.061856
spark,150_10,1,7,gpu_shared_mem,1746,1,0.037792
spark,150_10,1,7,gpu_shared_mem,1747,2,0.039712
spark,150_10,1,7,gpu_shared_mem,1748,3,0.105728
spark,150_10,1,7,gpu_shared_mem,1749,2,0.060864
spark,150_10,1,7,gpu_shared_mem,1750,1,0.09136
spark,150_10,1,7,gpu_shared_mem,1751,2,0.063616
spark,150_10,1,7,gpu_shared_mem,1752,3,0.074176
spark,150_10,1,7,gpu_shared_mem,1753,1,0.059968
spark,150_10,1,7,gpu_shared_mem,1754,1,0.082528
spark,150_10,1,7,gpu_shared_mem,1755,1,0.099424
spark,150_10,1,7,gpu_shared_mem,1756,1,0.110752
spark,150_10,1,7,gpu_shared_mem,1757,1,0.082048
spark,150_10,1,7,gpu_shared_mem,1758,1,0.070208
spark,150_10,1,7,gpu_shared_mem,1759,2,0.088928
spark,150_10,1,7,gpu_shared_mem,1760,2,0.076544
spark,150_10,1,7,gpu_shared_mem,1761,2,0.041952
spark,150_10,1,7,gpu_shared_mem,1762,2,0.116288
spark,150_10,1,7,gpu_shared_mem,1763,1,0.08656
spark,150_10,1,7,gpu_shared_mem,1764,1,0.109696
spark,150_10,1,7,gpu_shared_mem,1765,1,0.072864
spark,150_10,1,7,gpu_shared_mem,1766,1,0.115456
spark,150_10,1,7,gpu_shared_mem,1767,1,0.072032
spark,150_10,1,7,gpu_shared_mem,1768,1,0.096192
spark,150_10,1,7,gpu_shared_mem,1769,1,0.089632
spark,150_10,1,7,gpu_shared_mem,1770,1,0.094016
spark,150_10,1,7,gpu_shared_mem,1771,2,0.096576
spark,150_10,1,7,gpu_shared_mem,1772,4,0.07424
spark,150_10,1,7,gpu_shared_mem,1773,2,0.097856
spark,150_10,1,7,gpu_shared_mem,1774,2,0.073952
spark,150_10,1,7,gpu_shared_mem,1775,2,0.05424
spark,150_10,1,7,gpu_shared_mem,1776,2,0.105504
spark,150_10,1,7,gpu_shared_mem,1777,1,0.071104
spark,150_10,1,7,gpu_shared_mem,1778,1,0.079424
spark,150_10,1,7,gpu_shared_mem,1779,1,0.041504
spark,150_10,1,7,gpu_shared_mem,1780,2,0.062016
spark,150_10,1,7,gpu_shared_mem,1781,3,0.108576
spark,150_10,1,7,gpu_shared_mem,1782,3,0.109472
spark,150_10,1,7,gpu_shared_mem,1783,4,0.112224
spark,150_10,1,7,gpu_shared_mem,1784,3,0.095648
spark,150_10,1,7,gpu_shared_mem,1785,1,0.081056
spark,150_10,1,7,gpu_shared_mem,1786,1,0.04464
spark,150_10,1,7,gpu_shared_mem,1787,1,0.062176
spark,150_10,1,7,gpu_shared_mem,1788,2,0.060096
spark,150_10,1,7,gpu_shared_mem,1789,3,0.10592
spark,150_10,1,7,gpu_shared_mem,1790,3,0.077088
spark,150_10,1,7,gpu_shared_mem,1791,5,0.105792
spark,150_10,1,7,gpu_shared_mem,1792,5,0.1032
spark,150_10,1,7,gpu_shared_mem,1793,2,0.112512
spark,150_10,1,7,gpu_shared_mem,1794,2,0.078432
spark,150_10,1,7,gpu_shared_mem,1795,1,0.10208
spark,150_10,1,7,gpu_shared_mem,1796,1,0.085184
spark,150_10,1,7,gpu_shared_mem,1797,1,0.060928
spark,150_10,1,7,gpu_shared_mem,1798,1,0.057312
spark,150_10,1,7,gpu_shared_mem,1799,2,0.11408
spark,150_10,1,7,gpu_shared_mem,1800,3,0.083936
spark,150_10,1,7,gpu_shared_mem,1801,3,0.110528
spark,150_10,1,7,gpu_shared_mem,1802,3,0.095872
spark,150_10,1,7,gpu_shared_mem,1803,1,0.08352
spark,150_10,1,7,gpu_shared_mem,1804,1,0.033632
spark,150_10,1,7,gpu_shared_mem,1805,1,0.106976
spark,150_10,1,7,gpu_shared_mem,1806,1,0.111808
spark,150_10,1,7,gpu_shared_mem,1807,1,0.080448
spark,150_10,1,7,gpu_shared_mem,1808,1,0.079136
spark,150_10,1,7,gpu_shared_mem,1809,1,0.086368
spark,150_10,1,7,gpu_shared_mem,1810,2,0.0872
spark,150_10,1,7,gpu_shared_mem,1811,3,0.066752
spark,150_10,1,7,gpu_shared_mem,1812,3,0.113472
spark,150_10,1,7,gpu_shared_mem,1813,3,0.10896
spark,150_10,1,7,gpu_shared_mem,1814,3,0.10816
spark,150_10,1,7,gpu_shared_mem,1815,1,0.060032
spark,150_10,1,7,gpu_shared_mem,1816,1,0.089408
spark,150_10,1,7,gpu_shared_mem,1817,1,0.08272
spark,150_10,1,7,gpu_shared_mem,1818,2,0.097824
spark,150_10,1,7,gpu_shared_mem,1819,2,0.093344
spark,150_10,1,7,gpu_shared_mem,1820,1,0.047232
spark,150_10,1,7,gpu_shared_mem,1821,1,0.050368
spark,150_10,1,7,gpu_shared_mem,1822,1,0.114944
spark,150_10,1,7,gpu_shared_mem,1823,1,0.047712
spark,150_10,1,7,gpu_shared_mem,1824,1,0.070592
spark,150_10,1,7,gpu_shared_mem,1825,2,0.082208
spark,150_10,1,7,gpu_shared_mem,1826,4,0.093952
spark,150_10,1,7,gpu_shared_mem,1827,4,0.091328
spark,150_10,1,7,gpu_shared_mem,1828,4,0.093792
spark,150_10,1,7,gpu_shared_mem,1829,3,0.06688
spark,150_10,1,7,gpu_shared_mem,1830,3,0.092128
spark,150_10,1,7,gpu_shared_mem,1831,2,0.114752
spark,150_10,1,7,gpu_shared_mem,1832,1,0.049568
spark,150_10,1,7,gpu_shared_mem,1833,2,0.053216
spark,150_10,1,7,gpu_shared_mem,1834,1,0.08048
spark,150_10,1,7,gpu_shared_mem,1835,1,0.064032
spark,150_10,1,7,gpu_shared_mem,1836,1,0.094976
spark,150_10,1,7,gpu_shared_mem,1837,1,0.067488
spark,150_10,1,7,gpu_shared_mem,1838,1,0.122976
spark,150_10,1,7,gpu_shared_mem,1839,1,0.031328
spark,150_10,1,7,gpu_shared_mem,1840,2,0.10384
spark,150_10,1,7,gpu_shared_mem,1841,1,0.046208
spark,150_10,1,7,gpu_shared_mem,1842,1,0.043904
spark,150_10,1,7,gpu_shared_mem,1843,1,0.046816
spark,150_10,1,7,gpu_shared_mem,1844,1,0.038048
spark,150_10,1,7,gpu_shared_mem,1845,2,0.099808
spark,150_10,1,7,gpu_shared_mem,1846,3,0.095616
spark,150_10,1,7,gpu_shared_mem,1847,3,0.0832
spark,150_10,1,7,gpu_shared_mem,1848,3,0.104608
spark,150_10,1,7,gpu_shared_mem,1849,1,0.038144
spark,150_10,1,7,gpu_shared_mem,1850,2,0.09472
spark,150_10,1,7,gpu_shared_mem,1851,2,0.087712
spark,150_10,1,7,gpu_shared_mem,1852,1,0.040992
spark,150_10,1,7,gpu_shared_mem,1853,1,0.102912
spark,150_10,1,7,gpu_shared_mem,1854,1,0.074656
spark,150_10,1,7,gpu_shared_mem,1855,1,0.024608
spark,150_10,1,7,gpu_shared_mem,1856,1,0.068416
spark,150_10,1,7,gpu_shared_mem,1857,1,0.052576
spark,150_10,1,7,gpu_shared_mem,1858,1,0.04336
spark,150_10,1,7,gpu_shared_mem,1859,1,0.091296
spark,150_10,1,7,gpu_shared_mem,1860,2,0.078624
spark,150_10,1,7,gpu_shared_mem,1861,1,0.056224
spark,150_10,1,7,gpu_shared_mem,1862,1,0.059136
spark,150_10,1,7,gpu_shared_mem,1863,2,0.1104
spark,150_10,1,7,gpu_shared_mem,1864,1,0.074944
spark,150_10,1,7,gpu_shared_mem,1865,1,0.11424
spark,150_10,1,7,gpu_shared_mem,1866,1,0.077568
spark,150_10,1,7,gpu_shared_mem,1867,1,0.042624
spark,150_10,1,7,gpu_shared_mem,1868,2,0.108064
spark,150_10,1,7,gpu_shared_mem,1869,3,0.041696
spark,150_10,1,7,gpu_shared_mem,1870,4,0.108864
spark,150_10,1,7,gpu_shared_mem,1871,7,0.112928
spark,150_10,1,7,gpu_shared_mem,1872,7,0.112
spark,150_10,1,7,gpu_shared_mem,1873,5,0.098784
spark,150_10,1,7,gpu_shared_mem,1874,4,0.096992
spark,150_10,1,7,gpu_shared_mem,1875,2,0.081632
spark,150_10,1,7,gpu_shared_mem,1876,2,0.113344
spark,150_10,1,7,gpu_shared_mem,1877,1,0.056288
spark,150_10,1,7,gpu_shared_mem,1878,1,0.087296
spark,150_10,1,7,gpu_shared_mem,1879,1,0.106624
spark,150_10,1,7,gpu_shared_mem,1880,2,0.060448
spark,150_10,1,7,gpu_shared_mem,1881,1,0.067968
spark,150_10,1,7,gpu_shared_mem,1882,1,0.07248
spark,150_10,1,7,gpu_shared_mem,1883,2,0.082848
spark,150_10,1,7,gpu_shared_mem,1884,2,0.103264
spark,150_10,1,7,gpu_shared_mem,1885,2,0.081056
spark,150_10,1,7,gpu_shared_mem,1886,3,0.082528
spark,150_10,1,7,gpu_shared_mem,1887,3,0.065472
spark,150_10,1,7,gpu_shared_mem,1888,1,0.024352
spark,150_10,1,7,gpu_shared_mem,1889,1,0.07616
spark,150_10,1,7,gpu_shared_mem,1890,1,0.073408
spark,150_10,1,7,gpu_shared_mem,1891,1,0.03392
spark,150_10,1,7,gpu_shared_mem,1892,1,0.039584
spark,150_10,1,7,gpu_shared_mem,1893,1,0.115744
spark,150_10,1,7,gpu_shared_mem,1894,1,0.065632
spark,150_10,1,7,gpu_shared_mem,1895,1,0.07536
spark,150_10,1,7,gpu_shared_mem,1896,1,0.075488
spark,150_10,1,7,gpu_shared_mem,1897,2,0.079776
spark,150_10,1,7,gpu_shared_mem,1898,3,0.094688
spark,150_10,1,7,gpu_shared_mem,1899,2,0.105056
spark,150_10,1,7,gpu_shared_mem,1900,3,0.075008
spark,150_10,1,7,gpu_shared_mem,1901,2,0.102432
spark,150_10,1,7,gpu_shared_mem,1902,1,0.116448
spark,150_10,1,7,gpu_shared_mem,1903,1,0.063584
spark,150_10,1,7,gpu_shared_mem,1904,1,0.113088
spark,150_10,1,7,gpu_shared_mem,1905,1,0.108
spark,150_10,1,7,gpu_shared_mem,1906,2,0.037344
spark,150_10,1,7,gpu_shared_mem,1907,1,0.039456
spark,150_10,1,7,gpu_shared_mem,1908,1,0.06176
spark,150_10,1,7,gpu_shared_mem,1909,1,0.096384
spark,150_10,1,7,gpu_shared_mem,1910,1,0.033376
spark,150_10,1,7,gpu_shared_mem,1911,1,0.080384
spark,150_10,1,7,gpu_shared_mem,1912,1,0.040736
spark,150_10,1,7,gpu_shared_mem,1913,1,0.029856
spark,150_10,1,7,gpu_shared_mem,1914,1,0.059072
spark,150_10,1,7,gpu_shared_mem,1915,2,0.095104
spark,150_10,1,7,gpu_shared_mem,1916,2,0.1008
spark,150_10,1,7,gpu_shared_mem,1917,1,0.051744
spark,150_10,1,7,gpu_shared_mem,1918,2,0.07696
spark,150_10,1,7,gpu_shared_mem,1919,2,0.075072
spark,150_10,1,7,gpu_shared_mem,1920,1,0.06688
spark,150_10,1,7,gpu_shared_mem,1921,1,0.038016
spark,150_10,1,7,gpu_shared_mem,1922,1,0.083488
spark,150_10,1,7,gpu_shared_mem,1923,2,0.099744
spark,150_10,1,7,gpu_shared_mem,1924,3,0.059424
spark,150_10,1,7,gpu_shared_mem,1925,4,0.107744
spark,150_10,1,7,gpu_shared_mem,1926,2,0.096256
spark,150_10,1,7,gpu_shared_mem,1927,2,0.080064
spark,150_10,1,7,gpu_shared_mem,1928,1,0.032512
spark,150_10,1,7,gpu_shared_mem,1929,1,0.082976
spark,150_10,1,7,gpu_shared_mem,1930,1,0.065952
spark,150_10,1,7,gpu_shared_mem,1931,1,0.03824
spark,150_10,1,7,gpu_shared_mem,1932,2,0.10736
spark,150_10,1,7,gpu_shared_mem,1933,4,0.101088
spark,150_10,1,7,gpu_shared_mem,1934,4,0.07152
spark,150_10,1,7,gpu_shared_mem,1935,3,0.109888
spark,150_10,1,7,gpu_shared_mem,1936,2,0.091296
spark,150_10,1,7,gpu_shared_mem,1937,1,0.086144
spark,150_10,1,7,gpu_shared_mem,1938,1,0.068992
spark,150_10,1,7,gpu_shared_mem,1939,1,0.036
spark,150_10,1,7,gpu_shared_mem,1940,1,0.109696
spark,150_10,1,7,gpu_shared_mem,1941,1,0.062368
spark,150_10,1,7,gpu_shared_mem,1942,1,0.045984
spark,150_10,1,7,gpu_shared_mem,1943,1,0.08624
spark,150_10,1,7,gpu_shared_mem,1944,1,0.103776
spark,150_10,1,7,gpu_shared_mem,1945,2,0.113536
spark,150_10,1,7,gpu_shared_mem,1946,3,0.108064
spark,150_10,1,7,gpu_shared_mem,1947,4,0.061568
spark,150_10,1,7,gpu_shared_mem,1948,3,0.095392
spark,150_10,1,7,gpu_shared_mem,1949,2,0.100544
spark,150_10,1,7,gpu_shared_mem,1950,2,0.08768
spark,150_10,1,7,gpu_shared_mem,1951,1,0.102368
spark,150_10,1,7,gpu_shared_mem,1952,1,0.106912
spark,150_10,1,7,gpu_shared_mem,1953,1,0.04624
spark,150_10,1,7,gpu_shared_mem,1954,1,0.087904
spark,150_10,1,7,gpu_shared_mem,1955,1,0.021216
spark,150_10,1,7,gpu_shared_mem,1956,2,0.10752
spark,150_10,1,7,gpu_shared_mem,1957,3,0.091648
spark,150_10,1,7,gpu_shared_mem,1958,2,0.08064
spark,150_10,1,7,gpu_shared_mem,1959,2,0.040256
spark,150_10,1,7,gpu_shared_mem,1960,3,0.105728
spark,150_10,1,7,gpu_shared_mem,1961,3,0.095552
spark,150_10,1,7,gpu_shared_mem,1962,3,0.080992
spark,150_10,1,7,gpu_shared_mem,1963,1,0.116832
spark,150_10,1,7,gpu_shared_mem,1964,1,0.036928
spark,150_10,1,7,gpu_shared_mem,1965,1,0.067712
spark,150_10,1,7,gpu_shared_mem,1966,2,0.110464
spark,150_10,1,7,gpu_shared_mem,1967,4,0.108576
spark,150_10,1,7,gpu_shared_mem,1968,2,0.034368
spark,150_10,1,7,gpu_shared_mem,1969,1,0.0448
spark,150_10,1,7,gpu_shared_mem,1970,1,0.05728
spark,150_10,1,7,gpu_shared_mem,1971,1,0.030432
spark,150_10,1,7,gpu_shared_mem,1972,1,0.0656
spark,150_10,1,7,gpu_shared_mem,1973,1,0.061728
spark,150_10,1,7,gpu_shared_mem,1974,1,0.0752
spark,150_10,1,7,gpu_shared_mem,1975,1,0.04736
spark,150_10,1,7,gpu_shared_mem,1976,1,0.066272
spark,150_10,1,7,gpu_shared_mem,1977,2,0.051744
spark,150_10,1,7,gpu_shared_mem,1978,4,0.112864
spark,150_10,1,7,gpu_shared_mem,1979,4,0.119392
spark,150_10,1,7,gpu_shared_mem,1980,2,0.0448
spark,150_10,1,7,gpu_shared_mem,1981,1,0.043456
spark,150_10,1,7,gpu_shared_mem,1982,1,0.115872
spark,150_10,1,7,gpu_shared_mem,1983,1,0.103808
spark,150_10,1,7,gpu_shared_mem,1984,2,0.064896
spark,150_10,1,7,gpu_shared_mem,1985,2,0.073184
spark,150_10,1,7,gpu_shared_mem,1986,2,0.065216
spark,150_10,1,7,gpu_shared_mem,1987,2,0.075584
spark,150_10,1,7,gpu_shared_mem,1988,2,0.1112
spark,150_10,1,7,gpu_shared_mem,1989,1,0.110912
spark,150_10,1,7,gpu_shared_mem,1990,1,0.104576
spark,150_10,1,7,gpu_shared_mem,1991,1,0.076384
spark,150_10,1,7,gpu_shared_mem,1992,1,0.0648
spark,150_10,1,7,gpu_shared_mem,1993,2,0.092448
spark,150_10,1,7,gpu_shared_mem,1994,3,0.095904
spark,150_10,1,7,gpu_shared_mem,1995,6,0.100416
spark,150_10,1,7,gpu_shared_mem,1996,7,0.113824
spark,150_10,1,7,gpu_shared_mem,1997,5,0.08144
spark,150_10,1,7,gpu_shared_mem,1998,3,0.033152
spark,150_10,1,7,gpu_shared_mem,1999,4,0.08656
spark,150_10,1,7,gpu_shared_mem,2000,4,0.099584
spark,150_10,1,7,gpu_shared_mem,2001,2,0.038656
spark,150_10,1,7,gpu_shared_mem,2002,2,0.103712
spark,150_10,1,7,gpu_shared_mem,2003,1,0.038432
spark,150_10,1,7,gpu_shared_mem,2004,1,0.121056
spark,150_10,1,7,gpu_shared_mem,2005,1,0.074912
spark,150_10,1,7,gpu_shared_mem,2006,2,0.093216
spark,150_10,1,7,gpu_shared_mem,2007,2,0.069856
spark,150_10,1,7,gpu_shared_mem,2008,3,0.101888
spark,150_10,1,7,gpu_shared_mem,2009,4,0.1136
spark,150_10,1,7,gpu_shared_mem,2010,3,0.100576
spark,150_10,1,7,gpu_shared_mem,2011,2,0.089376
spark,150_10,1,7,gpu_shared_mem,2012,3,0.105152
spark,150_10,1,7,gpu_shared_mem,2013,2,0.098976
spark,150_10,1,7,gpu_shared_mem,2014,1,0.083424
spark,150_10,1,7,gpu_shared_mem,2015,1,0.058528
spark,150_10,1,7,gpu_shared_mem,2016,1,0.038272
spark,150_10,1,7,gpu_shared_mem,2017,1,0.069536
spark,150_10,1,7,gpu_shared_mem,2018,2,0.07264
spark,150_10,1,7,gpu_shared_mem,2019,3,0.08928
spark,150_10,1,7,gpu_shared_mem,2020,4,0.087392
spark,150_10,1,7,gpu_shared_mem,2021,3,0.071904
spark,150_10,1,7,gpu_shared_mem,2022,2,0.097184
spark,150_10,1,7,gpu_shared_mem,2023,1,0.11856
spark,150_10,1,7,gpu_shared_mem,2024,1,0.04976
spark,150_10,1,7,gpu_shared_mem,2025,1,0.076032
spark,150_10,1,7,gpu_shared_mem,2026,1,0.041792
spark,150_10,1,7,gpu_shared_mem,2027,1,0.075712
spark,150_10,1,7,gpu_shared_mem,2028,2,0.063744
spark,150_10,1,7,gpu_shared_mem,2029,3,0.083456
spark,150_10,1,7,gpu_shared_mem,2030,3,0.107328
spark,150_10,1,7,gpu_shared_mem,2031,1,0.025824
spark,150_10,1,7,gpu_shared_mem,2032,1,0.113504
spark,150_10,1,7,gpu_shared_mem,2033,1,0.02496
spark,150_10,1,7,gpu_shared_mem,2034,1,0.11008
spark,150_10,1,7,gpu_shared_mem,2035,2,0.093344
spark,150_10,1,7,gpu_shared_mem,2036,1,0.05952
spark,150_10,1,7,gpu_shared_mem,2037,2,0.108992
spark,150_10,1,7,gpu_shared_mem,2038,2,0.084096
spark,150_10,1,7,gpu_shared_mem,2039,1,0.09744
spark,150_10,1,7,gpu_shared_mem,2040,1,0.113216
spark,150_10,1,7,gpu_shared_mem,2041,1,0.077024
spark,150_10,1,7,gpu_shared_mem,2042,1,0.069216
spark,150_10,1,7,gpu_shared_mem,2043,2,0.092128
spark,150_10,1,7,gpu_shared_mem,2044,2,0.104192
spark,150_10,1,7,gpu_shared_mem,2045,1,0.07536
spark,150_10,1,7,gpu_shared_mem,2046,1,0.036928
spark,150_10,1,7,gpu_shared_mem,2047,1,0.045664
spark,150_10,1,7,gpu_shared_mem,2048,1,0.05632
spark,150_10,1,7,gpu_shared_mem,2049,1,0.067232
spark,150_10,1,7,gpu_shared_mem,2050,1,0.023776
spark,150_10,1,7,gpu_shared_mem,2051,1,0.036416
spark,150_10,1,7,gpu_shared_mem,2052,1,0.02832
spark,150_10,1,7,gpu_shared_mem,2053,1,0.061696
spark,150_10,1,7,gpu_shared_mem,2054,1,0.078592
spark,150_10,1,7,gpu_shared_mem,2055,1,0.056768
spark,150_10,1,7,gpu_shared_mem,2056,1,0.063616
spark,150_10,1,7,gpu_shared_mem,2057,1,0.027264
spark,150_10,1,7,gpu_shared_mem,2058,1,0.063552
spark,150_10,1,7,gpu_shared_mem,2059,1,0.063264
spark,150_10,1,7,gpu_shared_mem,2060,1,0.110144
spark,150_10,1,7,gpu_shared_mem,2061,1,0.045184
spark,150_10,1,7,gpu_shared_mem,2062,2,0.03888
spark,150_10,1,7,gpu_shared_mem,2063,2,0.0872
spark,150_10,1,7,gpu_shared_mem,2064,3,0.095264
spark,150_10,1,7,gpu_shared_mem,2065,1,0.09184
spark,150_10,1,7,gpu_shared_mem,2066,2,0.103584
spark,150_10,1,7,gpu_shared_mem,2067,2,0.07776
spark,150_10,1,7,gpu_shared_mem,2068,1,0.040096
spark,150_10,1,7,gpu_shared_mem,2069,1,0.11728
spark,150_10,1,7,gpu_shared_mem,2070,1,0.089984
spark,150_10,1,7,gpu_shared_mem,2071,2,0.09984
spark,150_10,1,7,gpu_shared_mem,2072,4,0.101472
spark,150_10,1,7,gpu_shared_mem,2073,5,0.096768
spark,150_10,1,7,gpu_shared_mem,2074,7,0.11664
spark,150_10,1,7,gpu_shared_mem,2075,5,0.099488
spark,150_10,1,7,gpu_shared_mem,2076,4,0.113824
spark,150_10,1,7,gpu_shared_mem,2077,3,0.113792
spark,150_10,1,7,gpu_shared_mem,2078,1,0.101152
spark,150_10,1,7,gpu_shared_mem,2079,1,0.110208
spark,150_10,1,7,gpu_shared_mem,2080,1,0.047872
spark,150_10,1,7,gpu_shared_mem,2081,1,0.071712
spark,150_10,1,7,gpu_shared_mem,2082,1,0.061312
spark,150_10,1,7,gpu_shared_mem,2083,1,0.057248
spark,150_10,1,7,gpu_shared_mem,2084,2,0.088416
spark,150_10,1,7,gpu_shared_mem,2085,2,0.091488
spark,150_10,1,7,gpu_shared_mem,2086,2,0.096064
spark,150_10,1,7,gpu_shared_mem,2087,1,0.070464
spark,150_10,1,7,gpu_shared_mem,2088,1,0.044928
spark,150_10,1,7,gpu_shared_mem,2089,1,0.093536
spark,150_10,1,7,gpu_shared_mem,2090,1,0.034336
spark,150_10,1,7,gpu_shared_mem,2091,1,0.02384
spark,150_10,1,7,gpu_shared_mem,2092,1,0.098272
spark,150_10,1,7,gpu_shared_mem,2093,1,0.02736
spark,150_10,1,7,gpu_shared_mem,2094,1,0.028576
spark,150_10,1,7,gpu_shared_mem,2095,1,0.084736
spark,150_10,1,7,gpu_shared_mem,2096,1,0.101504
spark,150_10,1,7,gpu_shared_mem,2097,1,0.034784
spark,150_10,1,7,gpu_shared_mem,2098,2,0.110208
spark,150_10,1,7,gpu_shared_mem,2099,4,0.110112
spark,150_10,1,7,gpu_shared_mem,2100,4,0.107744
spark,150_10,1,7,gpu_shared_mem,2101,5,0.097696
spark,150_10,1,7,gpu_shared_mem,2102,1,0.06416
spark,150_10,1,7,gpu_shared_mem,2103,1,0.061376
spark,150_10,1,7,gpu_shared_mem,2104,1,0.061216
spark,150_10,1,7,gpu_shared_mem,2105,1,0.057888
spark,150_10,1,7,gpu_shared_mem,2106,2,0.102048
spark,150_10,1,7,gpu_shared_mem,2107,1,0.047584
spark,150_10,1,7,gpu_shared_mem,2108,1,0.08528
spark,150_10,1,7,gpu_shared_mem,2109,2,0.108448
spark,150_10,1,7,gpu_shared_mem,2110,3,0.09664
spark,150_10,1,7,gpu_shared_mem,2111,3,0.083488
spark,150_10,1,7,gpu_shared_mem,2112,2,0.074144
spark,150_10,1,7,gpu_shared_mem,2113,2,0.108928
spark,150_10,1,7,gpu_shared_mem,2114,2,0.115712
spark,150_10,1,7,gpu_shared_mem,2115,1,0.0872
spark,150_10,1,7,gpu_shared_mem,2116,1,0.084448
spark,150_10,1,7,gpu_shared_mem,2117,2,0.058784
spark,150_10,1,7,gpu_shared_mem,2118,3,0.11024
spark,150_10,1,7,gpu_shared_mem,2119,4,0.101888
spark,150_10,1,7,gpu_shared_mem,2120,6,0.115104
spark,150_10,1,7,gpu_shared_mem,2121,4,0.093408
spark,150_10,1,7,gpu_shared_mem,2122,3,0.098816
spark,150_10,1,7,gpu_shared_mem,2123,2,0.07536
spark,150_10,1,7,gpu_shared_mem,2124,1,0.08752
spark,150_10,1,7,gpu_shared_mem,2125,1,0.07504
spark,150_10,1,7,gpu_shared_mem,2126,2,0.069696
spark,150_10,1,7,gpu_shared_mem,2127,4,0.06672
spark,150_10,1,7,gpu_shared_mem,2128,4,0.099168
spark,150_10,1,7,gpu_shared_mem,2129,4,0.100128
spark,150_10,1,7,gpu_shared_mem,2130,1,0.096864
spark,150_10,1,7,gpu_shared_mem,2131,1,0.07952
spark,150_10,1,7,gpu_shared_mem,2132,1,0.091296
spark,150_10,1,7,gpu_shared_mem,2133,1,0.04304
spark,150_10,1,7,gpu_shared_mem,2134,1,0.053088
spark,150_10,1,7,gpu_shared_mem,2135,1,0.034048
spark,150_10,1,7,gpu_shared_mem,2136,1,0.084832
spark,150_10,1,7,gpu_shared_mem,2137,2,0.070816
spark,150_10,1,7,gpu_shared_mem,2138,1,0.055296
spark,150_10,1,7,gpu_shared_mem,2139,2,0.083904
spark,150_10,1,7,gpu_shared_mem,2140,2,0.1056
spark,150_10,1,7,gpu_shared_mem,2141,2,0.101248
spark,150_10,1,7,gpu_shared_mem,2142,2,0.052704
spark,150_10,1,7,gpu_shared_mem,2143,2,0.067552
spark,150_10,1,7,gpu_shared_mem,2144,2,0.110624
spark,150_10,1,7,gpu_shared_mem,2145,1,0.043232
spark,150_10,1,7,gpu_shared_mem,2146,1,0.107104
spark,150_10,1,7,gpu_shared_mem,2147,1,0.103872
spark,150_10,1,7,gpu_shared_mem,2148,1,0.088704
spark,150_10,1,7,gpu_shared_mem,2149,1,0.040288
spark,150_10,1,7,gpu_shared_mem,2150,2,0.07152
spark,150_10,1,7,gpu_shared_mem,2151,1,0.101536
spark,150_10,1,7,gpu_shared_mem,2152,1,0.064256
spark,150_10,1,7,gpu_shared_mem,2153,1,0.077856
spark,150_10,1,7,gpu_shared_mem,2154,1,0.070944
spark,150_10,1,7,gpu_shared_mem,2155,1,0.09296
spark,150_10,1,7,gpu_shared_mem,2156,1,0.032608
spark,150_10,1,7,gpu_shared_mem,2157,1,0.110272
spark,150_10,1,7,gpu_shared_mem,2158,2,0.094272
spark,150_10,1,7,gpu_shared_mem,2159,1,0.08528
spark,150_10,1,7,gpu_shared_mem,2160,1,0.088928
spark,150_10,1,7,gpu_shared_mem,2161,1,0.064704
spark,150_10,1,7,gpu_shared_mem,2162,2,0.086624
spark,150_10,1,7,gpu_shared_mem,2163,1,0.061536
spark,150_10,1,7,gpu_shared_mem,2164,1,0.061824
spark,150_10,1,7,gpu_shared_mem,2165,1,0.077344
spark,150_10,1,7,gpu_shared_mem,2166,2,0.092864
spark,150_10,1,7,gpu_shared_mem,2167,3,0.107968
spark,150_10,1,7,gpu_shared_mem,2168,3,0.100128
spark,150_10,1,7,gpu_shared_mem,2169,1,0.109696
spark,150_10,1,7,gpu_shared_mem,2170,1,0.102592
spark,150_10,1,7,gpu_shared_mem,2171,1,0.03936
spark,150_10,1,7,gpu_shared_mem,2172,1,0.048032
spark,150_10,1,7,gpu_shared_mem,2173,1,0.02384
spark,150_10,1,7,gpu_shared_mem,2174,1,0.091232
spark,150_10,1,7,gpu_shared_mem,2175,1,0.050816
spark,150_10,1,7,gpu_shared_mem,2176,2,0.110592
spark,150_10,1,7,gpu_shared_mem,2177,1,0.055392
spark,150_10,1,7,gpu_shared_mem,2178,1,0.027136
spark,150_10,1,7,gpu_shared_mem,2179,1,0.041344
spark,150_10,1,7,gpu_shared_mem,2180,1,0.053568
spark,150_10,1,7,gpu_shared_mem,2181,1,0.02896
spark,150_10,1,7,gpu_shared_mem,2182,1,0.074432
spark,150_10,1,7,gpu_shared_mem,2183,2,0.077248
spark,150_10,1,7,gpu_shared_mem,2184,3,0.106208
spark,150_10,1,7,gpu_shared_mem,2185,4,0.112288
spark,150_10,1,7,gpu_shared_mem,2186,2,0.02624
spark,150_10,1,7,gpu_shared_mem,2187,3,0.105376
spark,150_10,1,7,gpu_shared_mem,2188,2,0.09376
spark,150_10,1,7,gpu_shared_mem,2189,2,0.043136
spark,150_10,1,7,gpu_shared_mem,2190,2,0.111616
spark,150_10,1,7,gpu_shared_mem,2191,1,0.077856
spark,150_10,1,7,gpu_shared_mem,2192,1,0.05488
spark,150_10,1,7,gpu_shared_mem,2193,1,0.102112
spark,150_10,1,7,gpu_shared_mem,2194,2,0.08576
spark,150_10,1,7,gpu_shared_mem,2195,4,0.094016
spark,150_10,1,7,gpu_shared_mem,2196,4,0.112064
spark,150_10,1,7,gpu_shared_mem,2197,4,0.07408
spark,150_10,1,7,gpu_shared_mem,2198,1,0.037024
spark,150_10,1,7,gpu_shared_mem,2199,1,0.054592
spark,150_10,1,7,gpu_shared_mem,2200,1,0.052736
spark,150_10,1,7,gpu_shared_mem,2201,1,0.0664
spark,150_10,1,7,gpu_shared_mem,2202,2,0.085248
spark,150_10,1,7,gpu_shared_mem,2203,4,0.10224
spark,150_10,1,7,gpu_shared_mem,2204,3,0.07824
spark,150_10,1,7,gpu_shared_mem,2205,2,0.066656
spark,150_10,1,7,gpu_shared_mem,2206,3,0.10256
spark,150_10,1,7,gpu_shared_mem,2207,3,0.1112
spark,150_10,1,7,gpu_shared_mem,2208,3,0.087936
spark,150_10,1,7,gpu_shared_mem,2209,4,0.098496
spark,150_10,1,7,gpu_shared_mem,2210,1,0.082208
spark,150_10,1,7,gpu_shared_mem,2211,1,0.050336
spark,150_10,1,7,gpu_shared_mem,2212,1,0.0784
spark,150_10,1,7,gpu_shared_mem,2213,1,0.045248
spark,150_10,1,7,gpu_shared_mem,2214,1,0.044576
spark,150_10,1,7,gpu_shared_mem,2215,1,0.093632
spark,150_10,1,7,gpu_shared_mem,2216,2,0.10784
spark,150_10,1,7,gpu_shared_mem,2217,3,0.097632
spark,150_10,1,7,gpu_shared_mem,2218,4,0.067456
spark,150_10,1,7,gpu_shared_mem,2219,4,0.035392
spark,150_10,1,7,gpu_shared_mem,2220,3,0.10832
spark,150_10,1,7,gpu_shared_mem,2221,3,0.075552
spark,150_10,1,7,gpu_shared_mem,2222,2,0.037024
spark,150_10,1,7,gpu_shared_mem,2223,1,0.03792
spark,150_10,1,7,gpu_shared_mem,2224,1,0.099424
spark,150_10,1,7,gpu_shared_mem,2225,1,0.051392
spark,150_10,1,7,gpu_shared_mem,2226,2,0.071392
spark,150_10,1,7,gpu_shared_mem,2227,2,0.06608
spark,150_10,1,7,gpu_shared_mem,2228,2,0.088416
spark,150_10,1,7,gpu_shared_mem,2229,1,0.096576
spark,150_10,1,7,gpu_shared_mem,2230,1,0.0408
spark,150_10,1,7,gpu_shared_mem,2231,1,0.046912
spark,150_10,1,7,gpu_shared_mem,2232,1,0.095232
spark,150_10,1,7,gpu_shared_mem,2233,1,0.032128
spark,150_10,1,7,gpu_shared_mem,2234,1,0.082688
spark,150_10,1,7,gpu_shared_mem,2235,2,0.07376
spark,150_10,1,7,gpu_shared_mem,2236,2,0.081024
spark,150_10,1,7,gpu_shared_mem,2237,1,0.057504
spark,150_10,1,7,gpu_shared_mem,2238,1,0.11072
spark,150_10,1,7,gpu_shared_mem,2239,1,0.038624
spark,150_10,1,7,gpu_shared_mem,2240,2,0.108384
spark,150_10,1,7,gpu_shared_mem,2241,2,0.085312
spark,150_10,1,7,gpu_shared_mem,2242,1,0.054048
spark,150_10,1,7,gpu_shared_mem,2243,1,0.042144
spark,150_10,1,7,gpu_shared_mem,2244,1,0.0872
spark,150_10,1,7,gpu_shared_mem,2245,1,0.108512
spark,150_10,1,7,gpu_shared_mem,2246,1,0.051584
spark,150_10,1,7,gpu_shared_mem,2247,1,0.096864
spark,150_10,1,7,gpu_shared_mem,2248,1,0.079264
spark,150_10,1,7,gpu_shared_mem,2249,2,0.080416
spark,150_10,1,7,gpu_shared_mem,2250,2,0.0696
spark,150_10,1,7,gpu_shared_mem,2251,2,0.058976
spark,150_10,1,7,gpu_shared_mem,2252,2,0.085952
spark,150_10,1,7,gpu_shared_mem,2253,3,0.110496
spark,150_10,1,7,gpu_shared_mem,2254,1,0.111232
spark,150_10,1,7,gpu_shared_mem,2255,2,0.07056
spark,150_10,1,7,gpu_shared_mem,2256,1,0.07984
spark,150_10,1,7,gpu_shared_mem,2257,1,0.040096
spark,150_10,1,7,gpu_shared_mem,2258,1,0.074976
spark,150_10,1,7,gpu_shared_mem,2259,1,0.082304
spark,150_10,1,7,gpu_shared_mem,2260,1,0.078272
spark,150_10,1,7,gpu_shared_mem,2261,2,0.1
spark,150_10,1,7,gpu_shared_mem,2262,2,0.111872
spark,150_10,1,7,gpu_shared_mem,2263,2,0.041408
spark,150_10,1,7,gpu_shared_mem,2264,3,0.094464
spark,150_10,1,7,gpu_shared_mem,2265,1,0.058496
spark,150_10,1,7,gpu_shared_mem,2266,2,0.100512
spark,150_10,1,7,gpu_shared_mem,2267,2,0.06608
spark,150_10,1,7,gpu_shared_mem,2268,1,0.065952
spark,150_10,1,7,gpu_shared_mem,2269,1,0.066816
spark,150_10,1,7,gpu_shared_mem,2270,1,0.112448
spark,150_10,1,7,gpu_shared_mem,2271,1,0.035616
spark,150_10,1,7,gpu_shared_mem,2272,2,0.073024
spark,150_10,1,7,gpu_shared_mem,2273,2,0.029472
spark,150_10,1,7,gpu_shared_mem,2274,2,0.061856
spark,150_10,1,7,gpu_shared_mem,2275,2,0.10048
spark,150_10,1,7,gpu_shared_mem,2276,1,0.093344
spark,150_10,1,7,gpu_shared_mem,2277,2,0.076096
spark,150_10,1,7,gpu_shared_mem,2278,3,0.093056
spark,150_10,1,7,gpu_shared_mem,2279,2,0.077504
spark,150_10,1,7,gpu_shared_mem,2280,1,0.043936
spark,150_10,1,7,gpu_shared_mem,2281,1,0.024576
spark,150_10,1,7,gpu_shared_mem,2282,2,0.101184
spark,150_10,1,7,gpu_shared_mem,2283,2,0.1048
spark,150_10,1,7,gpu_shared_mem,2284,2,0.079616
spark,150_10,1,7,gpu_shared_mem,2285,1,0.089888
spark,150_10,1,7,gpu_shared_mem,2286,2,0.097888
spark,150_10,1,7,gpu_shared_mem,2287,1,0.06672
spark,150_10,1,7,gpu_shared_mem,2288,2,0.112608
spark,150_10,1,7,gpu_shared_mem,2289,2,0.112672
spark,150_10,1,7,gpu_shared_mem,2290,1,0.030752
spark,150_10,1,7,gpu_shared_mem,2291,2,0.107392
spark,150_10,1,7,gpu_shared_mem,2292,3,0.0912
spark,150_10,1,7,gpu_shared_mem,2293,1,0.068032
spark,150_10,1,7,gpu_shared_mem,2294,1,0.06
spark,150_10,1,7,gpu_shared_mem,2295,1,0.093824
spark,150_10,1,7,gpu_shared_mem,2296,1,0.02992
spark,150_10,1,7,gpu_shared_mem,2297,2,0.099584
spark,150_10,1,7,gpu_shared_mem,2298,3,0.111584
spark,150_10,1,7,gpu_shared_mem,2299,2,0.096704
spark,150_10,1,7,gpu_shared_mem,2300,2,0.098784
spark,150_10,1,7,gpu_shared_mem,2301,1,0.113792
spark,150_10,1,7,gpu_shared_mem,2302,1,0.084128
spark,150_10,1,7,gpu_shared_mem,2303,1,0.02368
spark,150_10,1,7,gpu_shared_mem,2304,1,0.05872
spark,150_10,1,7,gpu_shared_mem,2305,2,0.079744
spark,150_10,1,7,gpu_shared_mem,2306,2,0.09376
spark,150_10,1,7,gpu_shared_mem,2307,2,0.076928
spark,150_10,1,7,gpu_shared_mem,2308,1,0.104736
spark,150_10,1,7,gpu_shared_mem,2309,2,0.117536
spark,150_10,1,7,gpu_shared_mem,2310,1,0.083904
spark,150_10,1,7,gpu_shared_mem,2311,1,0.092608
spark,150_10,1,7,gpu_shared_mem,2312,2,0.084256
spark,150_10,1,7,gpu_shared_mem,2313,3,0.105632
spark,150_10,1,7,gpu_shared_mem,2314,5,0.078336
spark,150_10,1,7,gpu_shared_mem,2315,3,0.112544
spark,150_10,1,7,gpu_shared_mem,2316,2,0.110528
spark,150_10,1,7,gpu_shared_mem,2317,2,0.115968
spark,150_10,1,7,gpu_shared_mem,2318,2,0.087584
spark,150_10,1,7,gpu_shared_mem,2319,2,0.066208
spark,150_10,1,7,gpu_shared_mem,2320,3,0.066464
spark,150_10,1,7,gpu_shared_mem,2321,2,0.110208
spark,150_10,1,7,gpu_shared_mem,2322,1,0.03856
spark,150_10,1,7,gpu_shared_mem,2323,1,0.046816
spark,150_10,1,7,gpu_shared_mem,2324,1,0.023104
spark,150_10,1,7,gpu_shared_mem,2325,2,0.105856
spark,150_10,1,7,gpu_shared_mem,2326,3,0.104832
spark,150_10,1,7,gpu_shared_mem,2327,2,0.092192
spark,150_10,1,7,gpu_shared_mem,2328,1,0.110016
spark,150_10,1,7,gpu_shared_mem,2329,1,0.083072
spark,150_10,1,7,gpu_shared_mem,2330,1,0.110016
spark,150_10,1,7,gpu_shared_mem,2331,1,0.114272
spark,150_10,1,7,gpu_shared_mem,2332,1,0.079776
spark,150_10,1,7,gpu_shared_mem,2333,1,0.064832
spark,150_10,1,7,gpu_shared_mem,2334,1,0.062624
spark,150_10,1,7,gpu_shared_mem,2335,1,0.040896
spark,150_10,1,7,gpu_shared_mem,2336,1,0.067456
spark,150_10,1,7,gpu_shared_mem,2337,1,0.063616
spark,150_10,1,7,gpu_shared_mem,2338,2,0.101056
spark,150_10,1,7,gpu_shared_mem,2339,2,0.068608
spark,150_10,1,7,gpu_shared_mem,2340,1,0.04096
spark,150_10,1,7,gpu_shared_mem,2341,2,0.09376
spark,150_10,1,7,gpu_shared_mem,2342,1,0.112352
spark,150_10,1,7,gpu_shared_mem,2343,1,0.034464
spark,150_10,1,7,gpu_shared_mem,2344,2,0.081408
spark,150_10,1,7,gpu_shared_mem,2345,3,0.097632
spark,150_10,1,7,gpu_shared_mem,2346,4,0.093888
spark,150_10,1,7,gpu_shared_mem,2347,4,0.11376
spark,150_10,1,7,gpu_shared_mem,2348,3,0.072384
spark,150_10,1,7,gpu_shared_mem,2349,2,0.093792
spark,150_10,1,7,gpu_shared_mem,2350,2,0.10704
spark,150_10,1,7,gpu_shared_mem,2351,1,0.104576
spark,150_10,1,7,gpu_shared_mem,2352,1,0.077408
spark,150_10,1,7,gpu_shared_mem,2353,2,0.102048
spark,150_10,1,7,gpu_shared_mem,2354,4,0.110688
spark,150_10,1,7,gpu_shared_mem,2355,5,0.097952
spark,150_10,1,7,gpu_shared_mem,2356,4,0.098112
spark,150_10,1,7,gpu_shared_mem,2357,4,0.111072
spark,150_10,1,7,gpu_shared_mem,2358,4,0.078688
spark,150_10,1,7,gpu_shared_mem,2359,2,0.087872
spark,150_10,1,7,gpu_shared_mem,2360,1,0.085536
spark,150_10,1,7,gpu_shared_mem,2361,1,0.1192
spark,150_10,1,7,gpu_shared_mem,2362,1,0.03728
spark,150_10,1,7,gpu_shared_mem,2363,1,0.070944
spark,150_10,1,7,gpu_shared_mem,2364,1,0.076416
spark,150_10,1,7,gpu_shared_mem,2365,1,0.076384
spark,150_10,1,7,gpu_shared_mem,2366,2,0.036256
spark,150_10,1,7,gpu_shared_mem,2367,3,0.10496
spark,150_10,1,7,gpu_shared_mem,2368,1,0.0888
spark,150_10,1,7,gpu_shared_mem,2369,1,0.035264
spark,150_10,1,7,gpu_shared_mem,2370,1,0.104288
spark,150_10,1,7,gpu_shared_mem,2371,2,0.108352
spark,150_10,1,7,gpu_shared_mem,2372,2,0.097696
spark,150_10,1,7,gpu_shared_mem,2373,1,0.07584
spark,150_10,1,7,gpu_shared_mem,2374,1,0.072864
spark,150_10,1,7,gpu_shared_mem,2375,1,0.095808
spark,150_10,1,7,gpu_shared_mem,2376,1,0.070208
spark,150_10,1,7,gpu_shared_mem,2377,1,0.022368
spark,150_10,1,7,gpu_shared_mem,2378,1,0.089472
spark,150_10,1,7,gpu_shared_mem,2379,1,0.105632
spark,150_10,1,7,gpu_shared_mem,2380,1,0.098176
spark,150_10,1,7,gpu_shared_mem,2381,2,0.06896
spark,150_10,1,7,gpu_shared_mem,2382,1,0.0856
spark,150_10,1,7,gpu_shared_mem,2383,1,0.046976
spark,150_10,1,7,gpu_shared_mem,2384,1,0.0936
spark,150_10,1,7,gpu_shared_mem,2385,1,0.0312
spark,150_10,1,7,gpu_shared_mem,2386,2,0.110048
spark,150_10,1,7,gpu_shared_mem,2387,2,0.100224
spark,150_10,1,7,gpu_shared_mem,2388,3,0.108416
spark,150_10,1,7,gpu_shared_mem,2389,1,0.02752
spark,150_10,1,7,gpu_shared_mem,2390,2,0.110144
spark,150_10,1,7,gpu_shared_mem,2391,2,0.047232
spark,150_10,1,7,gpu_shared_mem,2392,2,0.104544
spark,150_10,1,7,gpu_shared_mem,2393,1,0.066272
spark,150_10,1,7,gpu_shared_mem,2394,1,0.07296
spark,150_10,1,7,gpu_shared_mem,2395,1,0.036992
spark,150_10,1,7,gpu_shared_mem,2396,2,0.08672
spark,150_10,1,7,gpu_shared_mem,2397,3,0.086656
spark,150_10,1,7,gpu_shared_mem,2398,2,0.087168
spark,150_10,1,7,gpu_shared_mem,2399,2,0.099552
spark,150_10,1,7,gpu_shared_mem,2400,2,0.117856
spark,150_10,1,7,gpu_shared_mem,2401,2,0.101792
spark,150_10,1,7,gpu_shared_mem,2402,1,0.114176
spark,150_10,1,7,gpu_shared_mem,2403,1,0.079008
spark,150_10,1,7,gpu_shared_mem,2404,1,0.077568
spark,150_10,1,7,gpu_shared_mem,2405,2,0.109344
spark,150_10,1,7,gpu_shared_mem,2406,1,0.077856
spark,150_10,1,7,gpu_shared_mem,2407,1,0.04624
spark,150_10,1,7,gpu_shared_mem,2408,1,0.029024
spark,150_10,1,7,gpu_shared_mem,2409,1,0.039008
spark,150_10,1,7,gpu_shared_mem,2410,1,0.096768
spark,150_10,1,7,gpu_shared_mem,2411,1,0.062176
spark,150_10,1,7,gpu_shared_mem,2412,1,0.077792
spark,150_10,1,7,gpu_shared_mem,2413,1,0.064064
spark,150_10,1,7,gpu_shared_mem,2414,1,0.078144
spark,150_10,1,7,gpu_shared_mem,2415,1,0.028416
spark,150_10,1,7,gpu_shared_mem,2416,1,0.101856
spark,150_10,1,7,gpu_shared_mem,2417,1,0.056448
spark,150_10,1,7,gpu_shared_mem,2418,2,0.110752
spark,150_10,1,7,gpu_shared_mem,2419,3,0.11296
spark,150_10,1,7,gpu_shared_mem,2420,2,0.115872
spark,150_10,1,7,gpu_shared_mem,2421,4,0.081152
spark,150_10,1,7,gpu_shared_mem,2422,2,0.083104
spark,150_10,1,7,gpu_shared_mem,2423,2,0.111168
spark,150_10,1,7,gpu_shared_mem,2424,1,0.049088
spark,150_10,1,7,gpu_shared_mem,2425,1,0.075808
spark,150_10,1,7,gpu_shared_mem,2426,1,0.09088
spark,150_10,1,7,gpu_shared_mem,2427,1,0.068224
spark,150_10,1,7,gpu_shared_mem,2428,1,0.053216
spark,150_10,1,7,gpu_shared_mem,2429,2,0.0688
spark,150_10,1,7,gpu_shared_mem,2430,3,0.06704
spark,150_10,1,7,gpu_shared_mem,2431,3,0.088768
spark,150_10,1,7,gpu_shared_mem,2432,4,0.078304
spark,150_10,1,7,gpu_shared_mem,2433,6,0.094432
spark,150_10,1,7,gpu_shared_mem,2434,4,0.113888
spark,150_10,1,7,gpu_shared_mem,2435,4,0.105216
spark,150_10,1,7,gpu_shared_mem,2436,6,0.11328
spark,150_10,1,7,gpu_shared_mem,2437,3,0.0928
spark,150_10,1,7,gpu_shared_mem,2438,1,0.114112
spark,150_10,1,7,gpu_shared_mem,2439,1,0.08112
spark,150_10,1,7,gpu_shared_mem,2440,1,0.078368
spark,150_10,1,7,gpu_shared_mem,2441,1,0.030208
spark,150_10,1,7,gpu_shared_mem,2442,2,0.099008
spark,150_10,1,7,gpu_shared_mem,2443,2,0.09056
spark,150_10,1,7,gpu_shared_mem,2444,3,0.095904
spark,150_10,1,7,gpu_shared_mem,2445,3,0.063296
spark,150_10,1,7,gpu_shared_mem,2446,4,0.088512
spark,150_10,1,7,gpu_shared_mem,2447,2,0.100096
spark,150_10,1,7,gpu_shared_mem,2448,1,0.096128
spark,150_10,1,7,gpu_shared_mem,2449,1,0.088448
spark,150_10,1,7,gpu_shared_mem,2450,1,0.085568
spark,150_10,1,7,gpu_shared_mem,2451,2,0.094208
spark,150_10,1,7,gpu_shared_mem,2452,1,0.068352
spark,150_10,1,7,gpu_shared_mem,2453,1,0.061376
spark,150_10,1,7,gpu_shared_mem,2454,2,0.074912
spark,150_10,1,7,gpu_shared_mem,2455,3,0.0424
spark,150_10,1,7,gpu_shared_mem,2456,1,0.082528
spark,150_10,1,7,gpu_shared_mem,2457,2,0.10016
spark,150_10,1,7,gpu_shared_mem,2458,2,0.099904
spark,150_10,1,7,gpu_shared_mem,2459,1,0.04752
spark,150_10,1,7,gpu_shared_mem,2460,1,0.05888
spark,150_10,1,7,gpu_shared_mem,2461,2,0.082464
spark,150_10,1,7,gpu_shared_mem,2462,2,0.033664
spark,150_10,1,7,gpu_shared_mem,2463,2,0.08208
spark,150_10,1,7,gpu_shared_mem,2464,2,0.042592
spark,150_10,1,7,gpu_shared_mem,2465,2,0.096992
spark,150_10,1,7,gpu_shared_mem,2466,1,0.108736
spark,150_10,1,7,gpu_shared_mem,2467,1,0.095968
spark,150_10,1,7,gpu_shared_mem,2468,1,0.082592
spark,150_10,1,7,gpu_shared_mem,2469,1,0.07616
spark,150_10,1,7,gpu_shared_mem,2470,2,0.082752
spark,150_10,1,7,gpu_shared_mem,2471,4,0.105152
spark,150_10,1,7,gpu_shared_mem,2472,1,0.116128
spark,150_10,1,7,gpu_shared_mem,2473,1,0.108832
spark,150_10,1,7,gpu_shared_mem,2474,2,0.094464
spark,150_10,1,7,gpu_shared_mem,2475,1,0.047008
spark,150_10,1,7,gpu_shared_mem,2476,1,0.113312
spark,150_10,1,7,gpu_shared_mem,2477,1,0.039328
spark,150_10,1,7,gpu_shared_mem,2478,1,0.084864
spark,150_10,1,7,gpu_shared_mem,2479,1,0.059712
spark,150_10,1,7,gpu_shared_mem,2480,1,0.055712
spark,150_10,1,7,gpu_shared_mem,2481,2,0.08512
spark,150_10,1,7,gpu_shared_mem,2482,1,0.035264
spark,150_10,1,7,gpu_shared_mem,2483,1,0.09744
spark,150_10,1,7,gpu_shared_mem,2484,2,0.105952
spark,150_10,1,7,gpu_shared_mem,2485,1,0.0928
spark,150_10,1,7,gpu_shared_mem,2486,1,0.091872
spark,150_10,1,7,gpu_shared_mem,2487,1,0.07968
spark,150_10,1,7,gpu_shared_mem,2488,1,0.121504
spark,150_10,1,7,gpu_shared_mem,2489,1,0.072416
spark,150_10,1,7,gpu_shared_mem,2490,1,0.109728
spark,150_10,1,7,gpu_shared_mem,2491,1,0.042912
spark,150_10,1,7,gpu_shared_mem,2492,1,0.076384
spark,150_10,1,7,gpu_shared_mem,2493,2,0.06832
spark,150_10,1,7,gpu_shared_mem,2494,4,0.08896
spark,150_10,1,7,gpu_shared_mem,2495,5,0.09488
spark,150_10,1,7,gpu_shared_mem,2496,5,0.097056
spark,150_10,1,7,gpu_shared_mem,2497,2,0.078656
spark,150_10,1,7,gpu_shared_mem,2498,3,0.058688
spark,150_10,1,7,gpu_shared_mem,2499,3,0.110944
spark,150_10,1,7,gpu_shared_mem,2500,2,0.076928
spark,150_10,1,7,gpu_shared_mem,2501,2,0.041472
spark,150_10,1,7,gpu_shared_mem,2502,4,0.123072
spark,150_10,1,7,gpu_shared_mem,2503,1,0.054432
spark,150_10,1,7,gpu_shared_mem,2504,1,0.041472
spark,150_10,1,7,gpu_shared_mem,2505,1,0.084096
spark,150_10,1,7,gpu_shared_mem,2506,2,0.095936
spark,150_10,1,7,gpu_shared_mem,2507,3,0.096384
spark,150_10,1,7,gpu_shared_mem,2508,2,0.10768
spark,150_10,1,7,gpu_shared_mem,2509,2,0.055584
spark,150_10,1,7,gpu_shared_mem,2510,1,0.112352
spark,150_10,1,7,gpu_shared_mem,2511,1,0.06704
spark,150_10,1,7,gpu_shared_mem,2512,1,0.09168
spark,150_10,1,7,gpu_shared_mem,2513,1,0.034528
spark,150_10,1,7,gpu_shared_mem,2514,1,0.031264
spark,150_10,1,7,gpu_shared_mem,2515,2,0.068768
spark,150_10,1,7,gpu_shared_mem,2516,4,0.108928
spark,150_10,1,7,gpu_shared_mem,2517,6,0.10704
spark,150_10,1,7,gpu_shared_mem,2518,5,0.099168
spark,150_10,1,7,gpu_shared_mem,2519,2,0.08528
spark,150_10,1,7,gpu_shared_mem,2520,2,0.067904
spark,150_10,1,7,gpu_shared_mem,2521,2,0.091008
spark,150_10,1,7,gpu_shared_mem,2522,2,0.112896
spark,150_10,1,7,gpu_shared_mem,2523,1,0.03232
spark,150_10,1,7,gpu_shared_mem,2524,2,0.115456
spark,150_10,1,7,gpu_shared_mem,2525,2,0.09488
spark,150_10,1,7,gpu_shared_mem,2526,1,0.110752
spark,150_10,1,7,gpu_shared_mem,2527,1,0.068704
spark,150_10,1,7,gpu_shared_mem,2528,1,0.098144
spark,150_10,1,7,gpu_shared_mem,2529,2,0.101536
spark,150_10,1,7,gpu_shared_mem,2530,1,0.06608
spark,150_10,1,7,gpu_shared_mem,2531,2,0.097472
spark,150_10,1,7,gpu_shared_mem,2532,2,0.096768
spark,150_10,1,7,gpu_shared_mem,2533,2,0.074464
spark,150_10,1,7,gpu_shared_mem,2534,1,0.051072
spark,150_10,1,7,gpu_shared_mem,2535,1,0.0272
spark,150_10,1,7,gpu_shared_mem,2536,1,0.026944
spark,150_10,1,7,gpu_shared_mem,2537,2,0.071232
spark,150_10,1,7,gpu_shared_mem,2538,1,0.097504
spark,150_10,1,7,gpu_shared_mem,2539,1,0.111168
spark,150_10,1,7,gpu_shared_mem,2540,1,0.035168
spark,150_10,1,7,gpu_shared_mem,2541,2,0.10896
spark,150_10,1,7,gpu_shared_mem,2542,3,0.077824
spark,150_10,1,7,gpu_shared_mem,2543,3,0.090592
spark,150_10,1,7,gpu_shared_mem,2544,3,0.061696
spark,150_10,1,7,gpu_shared_mem,2545,3,0.097056
spark,150_10,1,7,gpu_shared_mem,2546,2,0.092672
spark,150_10,1,7,gpu_shared_mem,2547,1,0.061056
spark,150_10,1,7,gpu_shared_mem,2548,1,0.12096
spark,150_10,1,7,gpu_shared_mem,2549,1,0.052672
spark,150_10,1,7,gpu_shared_mem,2550,1,0.027392
spark,150_10,1,7,gpu_shared_mem,2551,1,0.094848
spark,150_10,1,7,gpu_shared_mem,2552,1,0.054208
spark,150_10,1,7,gpu_shared_mem,2553,1,0.093088
spark,150_10,1,7,gpu_shared_mem,2554,2,0.10384
spark,150_10,1,7,gpu_shared_mem,2555,1,0.03616
spark,150_10,1,7,gpu_shared_mem,2556,2,0.072576
spark,150_10,1,7,gpu_shared_mem,2557,2,0.05792
spark,150_10,1,7,gpu_shared_mem,2558,2,0.069088
spark,150_10,1,7,gpu_shared_mem,2559,1,0.090432
spark,150_10,1,7,gpu_shared_mem,2560,1,0.033632
spark,150_10,1,7,gpu_shared_mem,2561,1,0.0976
spark,150_10,1,7,gpu_shared_mem,2562,1,0.030624
spark,150_10,1,7,gpu_shared_mem,2563,1,0.091808
spark,150_10,1,7,gpu_shared_mem,2564,2,0.105696
spark,150_10,1,7,gpu_shared_mem,2565,3,0.104736
spark,150_10,1,7,gpu_shared_mem,2566,3,0.103712
spark,150_10,1,7,gpu_shared_mem,2567,4,0.109184
spark,150_10,1,7,gpu_shared_mem,2568,1,0.117952
spark,150_10,1,7,gpu_shared_mem,2569,1,0.043776
spark,150_10,1,7,gpu_shared_mem,2570,1,0.08336
spark,150_10,1,7,gpu_shared_mem,2571,1,0.07952
spark,150_10,1,7,gpu_shared_mem,2572,2,0.09968
spark,150_10,1,7,gpu_shared_mem,2573,4,0.107008
spark,150_10,1,7,gpu_shared_mem,2574,4,0.107008
spark,150_10,1,7,gpu_shared_mem,2575,2,0.086688
spark,150_10,1,7,gpu_shared_mem,2576,2,0.08768
spark,150_10,1,7,gpu_shared_mem,2577,1,0.03712
spark,150_10,1,7,gpu_shared_mem,2578,1,0.036
spark,150_10,1,7,gpu_shared_mem,2579,1,0.060576
spark,150_10,1,7,gpu_shared_mem,2580,2,0.02464
spark,150_10,1,7,gpu_shared_mem,2581,2,0.098368
spark,150_10,1,7,gpu_shared_mem,2582,2,0.095648
spark,150_10,1,7,gpu_shared_mem,2583,2,0.075904
spark,150_10,1,7,gpu_shared_mem,2584,2,0.078208
spark,150_10,1,7,gpu_shared_mem,2585,2,0.107232
spark,150_10,1,7,gpu_shared_mem,2586,2,0.109696
spark,150_10,1,7,gpu_shared_mem,2587,1,0.110048
spark,150_10,1,7,gpu_shared_mem,2588,1,0.061472
spark,150_10,1,7,gpu_shared_mem,2589,1,0.038464
spark,150_10,1,7,gpu_shared_mem,2590,2,0.072928
spark,150_10,1,7,gpu_shared_mem,2591,3,0.117728
spark,150_10,1,7,gpu_shared_mem,2592,2,0.038368
spark,150_10,1,7,gpu_shared_mem,2593,3,0.082656
spark,150_10,1,7,gpu_shared_mem,2594,2,0.093344
spark,150_10,1,7,gpu_shared_mem,2595,3,0.089824
spark,150_10,1,7,gpu_shared_mem,2596,1,0.041632
spark,150_10,1,7,gpu_shared_mem,2597,1,0.037408
spark,150_10,1,7,gpu_shared_mem,2598,1,0.040384
spark,150_10,1,7,gpu_shared_mem,2599,1,0.095968
spark,150_10,1,7,gpu_shared_mem,2600,2,0.100416
spark,150_10,1,7,gpu_shared_mem,2601,3,0.105504
spark,150_10,1,7,gpu_shared_mem,2602,3,0.095744
spark,150_10,1,7,gpu_shared_mem,2603,3,0.079904
spark,150_10,1,7,gpu_shared_mem,2604,2,0.118816
spark,150_10,1,7,gpu_shared_mem,2605,1,0.0712
spark,150_10,1,7,gpu_shared_mem,2606,1,0.04672
spark,150_10,1,7,gpu_shared_mem,2607,1,0.043808
spark,150_10,1,7,gpu_shared_mem,2608,1,0.090432
spark,150_10,1,7,gpu_shared_mem,2609,1,0.044512
spark,150_10,1,7,gpu_shared_mem,2610,1,0.068032
spark,150_10,1,7,gpu_shared_mem,2611,1,0.072128
spark,150_10,1,7,gpu_shared_mem,2612,2,0.06976
spark,150_10,1,7,gpu_shared_mem,2613,4,0.060928
spark,150_10,1,7,gpu_shared_mem,2614,2,0.10512
spark,150_10,1,7,gpu_shared_mem,2615,4,0.111968
spark,150_10,1,7,gpu_shared_mem,2616,3,0.100768
spark,150_10,1,7,gpu_shared_mem,2617,4,0.087648
spark,150_10,1,7,gpu_shared_mem,2618,2,0.108576
spark,150_10,1,7,gpu_shared_mem,2619,2,0.054432
spark,150_10,1,7,gpu_shared_mem,2620,1,0.048704
spark,150_10,1,7,gpu_shared_mem,2621,1,0.102912
spark,150_10,1,7,gpu_shared_mem,2622,1,0.060832
spark,150_10,1,7,gpu_shared_mem,2623,2,0.069088
spark,150_10,1,7,gpu_shared_mem,2624,3,0.0824
spark,150_10,1,7,gpu_shared_mem,2625,1,0.107648
spark,150_10,1,7,gpu_shared_mem,2626,1,0.061664
spark,150_10,1,7,gpu_shared_mem,2627,1,0.076032
spark,150_10,1,7,gpu_shared_mem,2628,1,0.044704
spark,150_10,1,7,gpu_shared_mem,2629,1,0.028256
spark,150_10,1,7,gpu_shared_mem,2630,2,0.082016
spark,150_10,1,7,gpu_shared_mem,2631,3,0.112448
spark,150_10,1,7,gpu_shared_mem,2632,2,0.105088
spark,150_10,1,7,gpu_shared_mem,2633,2,0.103776
spark,150_10,1,7,gpu_shared_mem,2634,1,0.10224
spark,150_10,1,7,gpu_shared_mem,2635,1,0.100032
spark,150_10,1,7,gpu_shared_mem,2636,1,0.092672
spark,150_10,1,7,gpu_shared_mem,2637,2,0.068448
spark,150_10,1,7,gpu_shared_mem,2638,3,0.105344
spark,150_10,1,7,gpu_shared_mem,2639,3,0.084128
spark,150_10,1,7,gpu_shared_mem,2640,5,0.069056
spark,150_10,1,7,gpu_shared_mem,2641,3,0.08064
spark,150_10,1,7,gpu_shared_mem,2642,3,0.070752
spark,150_10,1,7,gpu_shared_mem,2643,3,0.099488
spark,150_10,1,7,gpu_shared_mem,2644,4,0.073536
spark,150_10,1,7,gpu_shared_mem,2645,3,0.07904
spark,150_10,1,7,gpu_shared_mem,2646,1,0.051392
spark,150_10,1,7,gpu_shared_mem,2647,1,0.084608
spark,150_10,1,7,gpu_shared_mem,2648,1,0.049664
spark,150_10,1,7,gpu_shared_mem,2649,1,0.054144
spark,150_10,1,7,gpu_shared_mem,2650,1,0.084416
spark,150_10,1,7,gpu_shared_mem,2651,1,0.100192
spark,150_10,1,7,gpu_shared_mem,2652,2,0.111776
spark,150_10,1,7,gpu_shared_mem,2653,2,0.089184
spark,150_10,1,7,gpu_shared_mem,2654,2,0.118944
spark,150_10,1,7,gpu_shared_mem,2655,2,0.0664
spark,150_10,1,7,gpu_shared_mem,2656,1,0.084384
spark,150_10,1,7,gpu_shared_mem,2657,1,0.0384
spark,150_10,1,7,gpu_shared_mem,2658,1,0.069984
spark,150_10,1,7,gpu_shared_mem,2659,1,0.091712
spark,150_10,1,7,gpu_shared_mem,2660,2,0.082048
spark,150_10,1,7,gpu_shared_mem,2661,2,0.101952
spark,150_10,1,7,gpu_shared_mem,2662,2,0.081056
spark,150_10,1,7,gpu_shared_mem,2663,2,0.101536
spark,150_10,1,7,gpu_shared_mem,2664,2,0.110272
spark,150_10,1,7,gpu_shared_mem,2665,2,0.118592
spark,150_10,1,7,gpu_shared_mem,2666,1,0.065344
spark,150_10,1,7,gpu_shared_mem,2667,1,0.082176
spark,150_10,1,7,gpu_shared_mem,2668,1,0.083232
spark,150_10,1,7,gpu_shared_mem,2669,2,0.05792
spark,150_10,1,7,gpu_shared_mem,2670,3,0.106784
spark,150_10,1,7,gpu_shared_mem,2671,3,0.072224
spark,150_10,1,7,gpu_shared_mem,2672,1,0.027744
spark,150_10,1,7,gpu_shared_mem,2673,1,0.070464
spark,150_10,1,7,gpu_shared_mem,2674,1,0.075904
spark,150_10,1,7,gpu_shared_mem,2675,2,0.049408
spark,150_10,1,7,gpu_shared_mem,2676,2,0.103264
spark,150_10,1,7,gpu_shared_mem,2677,2,0.105344
spark,150_10,1,7,gpu_shared_mem,2678,1,0.05104
spark,150_10,1,7,gpu_shared_mem,2679,1,0.054912
spark,150_10,1,7,gpu_shared_mem,2680,1,0.0416
spark,150_10,1,7,gpu_shared_mem,2681,1,0.047264
spark,150_10,1,7,gpu_shared_mem,2682,1,0.073792
spark,150_10,1,7,gpu_shared_mem,2683,1,0.109088
spark,150_10,1,7,gpu_shared_mem,2684,1,0.1032
spark,150_10,1,7,gpu_shared_mem,2685,1,0.059712
spark,150_10,1,7,gpu_shared_mem,2686,1,0.068384
spark,150_10,1,7,gpu_shared_mem,2687,2,0.08176
spark,150_10,1,7,gpu_shared_mem,2688,3,0.060224
spark,150_10,1,7,gpu_shared_mem,2689,3,0.072704
spark,150_10,1,7,gpu_shared_mem,2690,3,0.108128
spark,150_10,1,7,gpu_shared_mem,2691,2,0.10992
spark,150_10,1,7,gpu_shared_mem,2692,1,0.037664
spark,150_10,1,7,gpu_shared_mem,2693,1,0.042304
spark,150_10,1,7,gpu_shared_mem,2694,1,0.070816
spark,150_10,1,7,gpu_shared_mem,2695,1,0.039744
spark,150_10,1,7,gpu_shared_mem,2696,1,0.114016
spark,150_10,1,7,gpu_shared_mem,2697,1,0.069472
spark,150_10,1,7,gpu_shared_mem,2698,2,0.102176
spark,150_10,1,7,gpu_shared_mem,2699,4,0.091936
spark,150_10,1,7,gpu_shared_mem,2700,3,0.106048
spark,150_10,1,7,gpu_shared_mem,2701,3,0.097792
spark,150_10,1,7,gpu_shared_mem,2702,3,0.10464
spark,150_10,1,7,gpu_shared_mem,2703,2,0.115456
spark,150_10,1,7,gpu_shared_mem,2704,1,0.097888
spark,150_10,1,7,gpu_shared_mem,2705,1,0.0856
spark,150_10,1,7,gpu_shared_mem,2706,1,0.10128
spark,150_10,1,7,gpu_shared_mem,2707,1,0.06976
spark,150_10,1,7,gpu_shared_mem,2708,2,0.090464
spark,150_10,1,7,gpu_shared_mem,2709,4,0.084064
spark,150_10,1,7,gpu_shared_mem,2710,4,0.08592
spark,150_10,1,7,gpu_shared_mem,2711,6,0.104384
spark,150_10,1,7,gpu_shared_mem,2712,2,0.116832
spark,150_10,1,7,gpu_shared_mem,2713,1,0.057216
spark,150_10,1,7,gpu_shared_mem,2714,1,0.102368
spark,150_10,1,7,gpu_shared_mem,2715,2,0.107296
spark,150_10,1,7,gpu_shared_mem,2716,3,0.102912
spark,150_10,1,7,gpu_shared_mem,2717,5,0.11328
spark,150_10,1,7,gpu_shared_mem,2718,4,0.07904
spark,150_10,1,7,gpu_shared_mem,2719,2,0.069216
spark,150_10,1,7,gpu_shared_mem,2720,3,0.104
spark,150_10,1,7,gpu_shared_mem,2721,2,0.092288
spark,150_10,1,7,gpu_shared_mem,2722,1,0.04528
spark,150_10,1,7,gpu_shared_mem,2723,1,0.11808
spark,150_10,1,7,gpu_shared_mem,2724,1,0.055424
spark,150_10,1,7,gpu_shared_mem,2725,2,0.098464
spark,150_10,1,7,gpu_shared_mem,2726,3,0.083296
spark,150_10,1,7,gpu_shared_mem,2727,3,0.072704
spark,150_10,1,7,gpu_shared_mem,2728,2,0.114528
spark,150_10,1,7,gpu_shared_mem,2729,3,0.112864
spark,150_10,1,7,gpu_shared_mem,2730,1,0.06912
spark,150_10,1,7,gpu_shared_mem,2731,1,0.057088
spark,150_10,1,7,gpu_shared_mem,2732,1,0.044288
spark,150_10,1,7,gpu_shared_mem,2733,1,0.115936
spark,150_10,1,7,gpu_shared_mem,2734,1,0.086464
spark,150_10,1,7,gpu_shared_mem,2735,2,0.11856
spark,150_10,1,7,gpu_shared_mem,2736,2,0.090496
spark,150_10,1,7,gpu_shared_mem,2737,1,0.049696
spark,150_10,1,7,gpu_shared_mem,2738,1,0.07344
spark,150_10,1,7,gpu_shared_mem,2739,1,0.088864
spark,150_10,1,7,gpu_shared_mem,2740,1,0.041248
spark,150_10,1,7,gpu_shared_mem,2741,1,0.021696
spark,150_10,1,7,gpu_shared_mem,2742,2,0.098432
spark,150_10,1,7,gpu_shared_mem,2743,3,0.1016
spark,150_10,1,7,gpu_shared_mem,2744,6,0.092544
spark,150_10,1,7,gpu_shared_mem,2745,5,0.086944
spark,150_10,1,7,gpu_shared_mem,2746,2,0.085472
spark,150_10,1,7,gpu_shared_mem,2747,2,0.08608
spark,150_10,1,7,gpu_shared_mem,2748,1,0.03728
spark,150_10,1,7,gpu_shared_mem,2749,1,0.086624
spark,150_10,1,7,gpu_shared_mem,2750,2,0.065696
spark,150_10,1,7,gpu_shared_mem,2751,1,0.085152
spark,150_10,1,7,gpu_shared_mem,2752,1,0.06896
spark,150_10,1,7,gpu_shared_mem,2753,2,0.04528
spark,150_10,1,7,gpu_shared_mem,2754,1,0.07696
spark,150_10,1,7,gpu_shared_mem,2755,1,0.0464
spark,150_10,1,7,gpu_shared_mem,2756,1,0.0384
spark,150_10,1,7,gpu_shared_mem,2757,1,0.057056
spark,150_10,1,7,gpu_shared_mem,2758,1,0.045696
spark,150_10,1,7,gpu_shared_mem,2759,2,0.05792
spark,150_10,1,7,gpu_shared_mem,2760,2,0.046816
spark,150_10,1,7,gpu_shared_mem,2761,2,0.113952
spark,150_10,1,7,gpu_shared_mem,2762,2,0.092384
spark,150_10,1,7,gpu_shared_mem,2763,2,0.097408
spark,150_10,1,7,gpu_shared_mem,2764,2,0.116256
spark,150_10,1,7,gpu_shared_mem,2765,2,0.063904
spark,150_10,1,7,gpu_shared_mem,2766,1,0.10816
spark,150_10,1,7,gpu_shared_mem,2767,1,0.123296
spark,150_10,1,7,gpu_shared_mem,2768,1,0.036384
spark,150_10,1,7,gpu_shared_mem,2769,2,0.085344
spark,150_10,1,7,gpu_shared_mem,2770,2,0.104672
spark,150_10,1,7,gpu_shared_mem,2771,3,0.096352
spark,150_10,1,7,gpu_shared_mem,2772,2,0.083872
spark,150_10,1,7,gpu_shared_mem,2773,1,0.091648
spark,150_10,1,7,gpu_shared_mem,2774,1,0.085248
spark,150_10,1,7,gpu_shared_mem,2775,1,0.099488
spark,150_10,1,7,gpu_shared_mem,2776,1,0.064224
spark,150_10,1,7,gpu_shared_mem,2777,2,0.07792
spark,150_10,1,7,gpu_shared_mem,2778,2,0.102336
spark,150_10,1,7,gpu_shared_mem,2779,4,0.115552
spark,150_10,1,7,gpu_shared_mem,2780,2,0.061824
spark,150_10,1,7,gpu_shared_mem,2781,1,0.036832
spark,150_10,1,7,gpu_shared_mem,2782,1,0.034336
spark,150_10,1,7,gpu_shared_mem,2783,1,0.054144
spark,150_10,1,7,gpu_shared_mem,2784,2,0.109984
spark,150_10,1,7,gpu_shared_mem,2785,2,0.102144
spark,150_10,1,7,gpu_shared_mem,2786,1,0.073024
spark,150_10,1,7,gpu_shared_mem,2787,1,0.120032
spark,150_10,1,7,gpu_shared_mem,2788,1,0.033024
spark,150_10,1,7,gpu_shared_mem,2789,1,0.05888
spark,150_10,1,7,gpu_shared_mem,2790,2,0.061824
spark,150_10,1,7,gpu_shared_mem,2791,3,0.084576
spark,150_10,1,7,gpu_shared_mem,2792,3,0.09872
spark,150_10,1,7,gpu_shared_mem,2793,1,0.073856
spark,150_10,1,7,gpu_shared_mem,2794,1,0.06016
spark,150_10,1,7,gpu_shared_mem,2795,2,0.055456
spark,150_10,1,7,gpu_shared_mem,2796,1,0.109248
spark,150_10,1,7,gpu_shared_mem,2797,2,0.10208
spark,150_10,1,7,gpu_shared_mem,2798,1,0.115456
spark,150_10,1,7,gpu_shared_mem,2799,1,0.070784
spark,150_10,1,7,gpu_shared_mem,2800,2,0.056992
spark,150_10,1,7,gpu_shared_mem,2801,4,0.099584
spark,150_10,1,7,gpu_shared_mem,2802,4,0.109376
spark,150_10,1,7,gpu_shared_mem,2803,2,0.093856
spark,150_10,1,7,gpu_shared_mem,2804,3,0.098464
spark,150_10,1,7,gpu_shared_mem,2805,1,0.073376
spark,150_10,1,7,gpu_shared_mem,2806,1,0.105184
spark,150_10,1,7,gpu_shared_mem,2807,1,0.071008
spark,150_10,1,7,gpu_shared_mem,2808,1,0.098208
spark,150_10,1,7,gpu_shared_mem,2809,1,0.1096
spark,150_10,1,7,gpu_shared_mem,2810,1,0.103584
spark,150_10,1,7,gpu_shared_mem,2811,1,0.041056
spark,150_10,1,7,gpu_shared_mem,2812,1,0.0544
spark,150_10,1,7,gpu_shared_mem,2813,2,0.037664
spark,150_10,1,7,gpu_shared_mem,2814,4,0.101952
spark,150_10,1,7,gpu_shared_mem,2815,4,0.109952
spark,150_10,1,7,gpu_shared_mem,2816,2,0.077856
spark,150_10,1,7,gpu_shared_mem,2817,3,0.077152
spark,150_10,1,7,gpu_shared_mem,2818,3,0.10928
spark,150_10,1,7,gpu_shared_mem,2819,1,0.042592
spark,150_10,1,7,gpu_shared_mem,2820,1,0.067744
spark,150_10,1,7,gpu_shared_mem,2821,1,0.074496
spark,150_10,1,7,gpu_shared_mem,2822,1,0.084064
spark,150_10,1,7,gpu_shared_mem,2823,1,0.11216
spark,150_10,1,7,gpu_shared_mem,2824,1,0.08032
spark,150_10,1,7,gpu_shared_mem,2825,1,0.098944
spark,150_10,1,7,gpu_shared_mem,2826,1,0.054624
spark,150_10,1,7,gpu_shared_mem,2827,1,0.066464
spark,150_10,1,7,gpu_shared_mem,2828,1,0.028
spark,150_10,1,7,gpu_shared_mem,2829,2,0.100352
spark,150_10,1,7,gpu_shared_mem,2830,2,0.090688
spark,150_10,1,7,gpu_shared_mem,2831,3,0.090016
spark,150_10,1,7,gpu_shared_mem,2832,1,0.07712
spark,150_10,1,7,gpu_shared_mem,2833,1,0.034816
spark,150_10,1,7,gpu_shared_mem,2834,1,0.07056
spark,150_10,1,7,gpu_shared_mem,2835,1,0.03424
spark,150_10,1,7,gpu_shared_mem,2836,1,0.099488
spark,150_10,1,7,gpu_shared_mem,2837,1,0.039168
spark,150_10,1,7,gpu_shared_mem,2838,1,0.033984
spark,150_10,1,7,gpu_shared_mem,2839,2,0.106016
spark,150_10,1,7,gpu_shared_mem,2840,2,0.11104
spark,150_10,1,7,gpu_shared_mem,2841,3,0.085344
spark,150_10,1,7,gpu_shared_mem,2842,3,0.115904
spark,150_10,1,7,gpu_shared_mem,2843,1,0.04288
spark,150_10,1,7,gpu_shared_mem,2844,1,0.045024
spark,150_10,1,7,gpu_shared_mem,2845,1,0.038528
spark,150_10,1,7,gpu_shared_mem,2846,1,0.084224
spark,150_10,1,7,gpu_shared_mem,2847,2,0.093568
spark,150_10,1,7,gpu_shared_mem,2848,2,0.065856
spark,150_10,1,7,gpu_shared_mem,2849,3,0.05472
spark,150_10,1,7,gpu_shared_mem,2850,2,0.08368
spark,150_10,1,7,gpu_shared_mem,2851,1,0.044256
spark,150_10,1,7,gpu_shared_mem,2852,1,0.111104
spark,150_10,1,7,gpu_shared_mem,2853,1,0.11088
spark,150_10,1,7,gpu_shared_mem,2854,1,0.073248
spark,150_10,1,7,gpu_shared_mem,2855,1,0.10512
spark,150_10,1,7,gpu_shared_mem,2856,1,0.032288
spark,150_10,1,7,gpu_shared_mem,2857,2,0.109248
spark,150_10,1,7,gpu_shared_mem,2858,4,0.092608
spark,150_10,1,7,gpu_shared_mem,2859,3,0.109792
spark,150_10,1,7,gpu_shared_mem,2860,3,0.099488
spark,150_10,1,7,gpu_shared_mem,2861,2,0.087456
spark,150_10,1,7,gpu_shared_mem,2862,2,0.08448
spark,150_10,1,7,gpu_shared_mem,2863,1,0.094432
spark,150_10,1,7,gpu_shared_mem,2864,1,0.109504
spark,150_10,1,7,gpu_shared_mem,2865,1,0.070816
spark,150_10,1,7,gpu_shared_mem,2866,1,0.040576
spark,150_10,1,7,gpu_shared_mem,2867,2,0.105632
spark,150_10,1,7,gpu_shared_mem,2868,3,0.11248
spark,150_10,1,7,gpu_shared_mem,2869,3,0.101856
spark,150_10,1,7,gpu_shared_mem,2870,3,0.116192
spark,150_10,1,7,gpu_shared_mem,2871,2,0.115584
spark,150_10,1,7,gpu_shared_mem,2872,1,0.036384
spark,150_10,1,7,gpu_shared_mem,2873,1,0.037184
spark,150_10,1,7,gpu_shared_mem,2874,1,0.1032
spark,150_10,1,7,gpu_shared_mem,2875,2,0.087488
spark,150_10,1,7,gpu_shared_mem,2876,3,0.098592
spark,150_10,1,7,gpu_shared_mem,2877,4,0.074272
spark,150_10,1,7,gpu_shared_mem,2878,5,0.08624
spark,150_10,1,7,gpu_shared_mem,2879,3,0.109056
spark,150_10,1,7,gpu_shared_mem,2880,1,0.046912
spark,150_10,1,7,gpu_shared_mem,2881,2,0.04224
spark,150_10,1,7,gpu_shared_mem,2882,1,0.06496
spark,150_10,1,7,gpu_shared_mem,2883,1,0.076128
spark,150_10,1,7,gpu_shared_mem,2884,2,0.093888
spark,150_10,1,7,gpu_shared_mem,2885,1,0.0416
spark,150_10,1,7,gpu_shared_mem,2886,1,0.064928
spark,150_10,1,7,gpu_shared_mem,2887,1,0.101888
spark,150_10,1,7,gpu_shared_mem,2888,1,0.037312
spark,150_10,1,7,gpu_shared_mem,2889,1,0.102624
spark,150_10,1,7,gpu_shared_mem,2890,1,0.063616
spark,150_10,1,7,gpu_shared_mem,2891,1,0.081088
spark,150_10,1,7,gpu_shared_mem,2892,1,0.066272
spark,150_10,1,7,gpu_shared_mem,2893,2,0.078688
spark,150_10,1,7,gpu_shared_mem,2894,3,0.10832
spark,150_10,1,7,gpu_shared_mem,2895,3,0.110848
spark,150_10,1,7,gpu_shared_mem,2896,4,0.118528
spark,150_10,1,7,gpu_shared_mem,2897,2,0.081664
spark,150_10,1,7,gpu_shared_mem,2898,2,0.098464
spark,150_10,1,7,gpu_shared_mem,2899,2,0.109696
spark,150_10,1,7,gpu_shared_mem,2900,1,0.0872
spark,150_10,1,7,gpu_shared_mem,2901,1,0.041472
spark,150_10,1,7,gpu_shared_mem,2902,1,0.107232
spark,150_10,1,7,gpu_shared_mem,2903,2,0.050624
spark,150_10,1,7,gpu_shared_mem,2904,1,0.046176
spark,150_10,1,7,gpu_shared_mem,2905,1,0.086016
spark,150_10,1,7,gpu_shared_mem,2906,2,0.101536
spark,150_10,1,7,gpu_shared_mem,2907,4,0.118016
spark,150_10,1,7,gpu_shared_mem,2908,1,0.105728
spark,150_10,1,7,gpu_shared_mem,2909,2,0.09696
spark,150_10,1,7,gpu_shared_mem,2910,1,0.052608
spark,150_10,1,7,gpu_shared_mem,2911,1,0.0736
spark,150_10,1,7,gpu_shared_mem,2912,1,0.07264
spark,150_10,1,7,gpu_shared_mem,2913,1,0.074208
spark,150_10,1,7,gpu_shared_mem,2914,2,0.095968
spark,150_10,1,7,gpu_shared_mem,2915,2,0.096896
spark,150_10,1,7,gpu_shared_mem,2916,1,0.037952
spark,150_10,1,7,gpu_shared_mem,2917,1,0.084864
spark,150_10,1,7,gpu_shared_mem,2918,1,0.051552
spark,150_10,1,7,gpu_shared_mem,2919,1,0.077312
spark,150_10,1,7,gpu_shared_mem,2920,1,0.041856
spark,150_10,1,7,gpu_shared_mem,2921,1,0.044192
spark,150_10,1,7,gpu_shared_mem,2922,1,0.093024
spark,150_10,1,7,gpu_shared_mem,2923,2,0.117376
spark,150_10,1,7,gpu_shared_mem,2924,1,0.101344
spark,150_10,1,7,gpu_shared_mem,2925,1,0.093984
spark,150_10,1,7,gpu_shared_mem,2926,1,0.121568
spark,150_10,1,7,gpu_shared_mem,2927,1,0.112672
spark,150_10,1,7,gpu_shared_mem,2928,1,0.024128
spark,150_10,1,7,gpu_shared_mem,2929,2,0.09184
spark,150_10,1,7,gpu_shared_mem,2930,3,0.113344
spark,150_10,1,7,gpu_shared_mem,2931,3,0.098848
spark,150_10,1,7,gpu_shared_mem,2932,2,0.116544
spark,150_10,1,7,gpu_shared_mem,2933,1,0.086336
spark,150_10,1,7,gpu_shared_mem,2934,2,0.061792
spark,150_10,1,7,gpu_shared_mem,2935,1,0.050336
spark,150_10,1,7,gpu_shared_mem,2936,1,0.107968
spark,150_10,1,7,gpu_shared_mem,2937,1,0.085152
spark,150_10,1,7,gpu_shared_mem,2938,2,0.073056
spark,150_10,1,7,gpu_shared_mem,2939,3,0.110208
spark,150_10,1,7,gpu_shared_mem,2940,4,0.107456
spark,150_10,1,7,gpu_shared_mem,2941,4,0.065184
spark,150_10,1,7,gpu_shared_mem,2942,3,0.061888
spark,150_10,1,7,gpu_shared_mem,2943,1,0.039328
spark,150_10,1,7,gpu_shared_mem,2944,1,0.08016
spark,150_10,1,7,gpu_shared_mem,2945,1,0.092544
spark,150_10,1,7,gpu_shared_mem,2946,1,0.123712
spark,150_10,1,7,gpu_shared_mem,2947,1,0.10768
spark,150_10,1,7,gpu_shared_mem,2948,1,0.088128
spark,150_10,1,7,gpu_shared_mem,2949,1,0.072896
spark,150_10,1,7,gpu_shared_mem,2950,1,0.074912
spark,150_10,1,7,gpu_shared_mem,2951,1,0.026816
spark,150_10,1,7,gpu_shared_mem,2952,2,0.085632
spark,150_10,1,7,gpu_shared_mem,2953,3,0.088128
spark,150_10,1,7,gpu_shared_mem,2954,4,0.107584
spark,150_10,1,7,gpu_shared_mem,2955,1,0.044544
spark,150_10,1,7,gpu_shared_mem,2956,1,0.111808
spark,150_10,1,7,gpu_shared_mem,2957,1,0.045728
spark,150_10,1,7,gpu_shared_mem,2958,1,0.0584
spark,150_10,1,7,gpu_shared_mem,2959,1,0.071296
spark,150_10,1,7,gpu_shared_mem,2960,1,0.074688
spark,150_10,1,7,gpu_shared_mem,2961,2,0.061824
spark,150_10,1,7,gpu_shared_mem,2962,1,0.111904
spark,150_10,1,7,gpu_shared_mem,2963,1,0.039584
spark,150_10,1,7,gpu_shared_mem,2964,1,0.045472
spark,150_10,1,7,gpu_shared_mem,2965,1,0.103168
spark,150_10,1,7,gpu_shared_mem,2966,1,0.095072
spark,150_10,1,7,gpu_shared_mem,2967,2,0.055744
spark,150_10,1,7,gpu_shared_mem,2968,3,0.108992
spark,150_10,1,7,gpu_shared_mem,2969,5,0.081472
spark,150_10,1,7,gpu_shared_mem,2970,3,0.080608
spark,150_10,1,7,gpu_shared_mem,2971,1,0.041376
spark,150_10,1,7,gpu_shared_mem,2972,1,0.071616
spark,150_10,1,7,gpu_shared_mem,2973,1,0.098688
spark,150_10,1,7,gpu_shared_mem,2974,1,0.104768
spark,150_10,1,7,gpu_shared_mem,2975,1,0.107264
spark,150_10,1,7,gpu_shared_mem,2976,1,0.10336
spark,150_10,1,7,gpu_shared_mem,2977,1,0.110688
spark,150_10,1,7,gpu_shared_mem,2978,1,0.110752
spark,150_10,1,7,gpu_shared_mem,2979,2,0.094336
spark,150_10,1,7,gpu_shared_mem,2980,2,0.080256
spark,150_10,1,7,gpu_shared_mem,2981,3,0.109088
spark,150_10,1,7,gpu_shared_mem,2982,3,0.093472
spark,150_10,1,7,gpu_shared_mem,2983,2,0.08896
spark,150_10,1,7,gpu_shared_mem,2984,2,0.100736
spark,150_10,1,7,gpu_shared_mem,2985,1,0.031392
spark,150_10,1,7,gpu_shared_mem,2986,1,0.076896
spark,150_10,1,7,gpu_shared_mem,2987,1,0.09792
spark,150_10,1,7,gpu_shared_mem,2988,2,0.08992
spark,150_10,1,7,gpu_shared_mem,2989,4,0.111744
spark,150_10,1,7,gpu_shared_mem,2990,5,0.091904
spark,150_10,1,7,gpu_shared_mem,2991,5,0.11664
spark,150_10,1,7,gpu_shared_mem,2992,3,0.070144
spark,150_10,1,7,gpu_shared_mem,2993,3,0.105216
spark,150_10,1,7,gpu_shared_mem,2994,2,0.066912
spark,150_10,1,7,gpu_shared_mem,2995,1,0.040224
spark,150_10,1,7,gpu_shared_mem,2996,1,0.038912
spark,150_10,1,7,gpu_shared_mem,2997,1,0.080032
spark,150_10,1,7,gpu_shared_mem,2998,1,0.096448
spark,150_10,1,7,gpu_shared_mem,2999,1,0.039424
spark,150_10,1,7,gpu_shared_mem,3000,2,0.026496
spark,150_10,1,7,gpu_shared_mem,3001,2,0.099936
spark,150_10,1,7,gpu_shared_mem,3002,2,0.082848
spark,150_10,1,7,gpu_shared_mem,3003,3,0.084864
spark,150_10,1,7,gpu_shared_mem,3004,3,0.095424
spark,150_10,1,7,gpu_shared_mem,3005,3,0.073856
spark,150_10,1,7,gpu_shared_mem,3006,4,0.116192
spark,150_10,1,7,gpu_shared_mem,3007,2,0.057824
spark,150_10,1,7,gpu_shared_mem,3008,1,0.08672
spark,150_10,1,7,gpu_shared_mem,3009,1,0.078848
spark,150_10,1,7,gpu_shared_mem,3010,1,0.042464
spark,150_10,1,7,gpu_shared_mem,3011,1,0.040096
spark,150_10,1,7,gpu_shared_mem,3012,1,0.056576
spark,150_10,1,7,gpu_shared_mem,3013,1,0.060576
spark,150_10,1,7,gpu_shared_mem,3014,2,0.074624
spark,150_10,1,7,gpu_shared_mem,3015,1,0.081056
spark,150_10,1,7,gpu_shared_mem,3016,1,0.112992
spark,150_10,1,7,gpu_shared_mem,3017,1,0.044384
spark,150_10,1,7,gpu_shared_mem,3018,2,0.061248
spark,150_10,1,7,gpu_shared_mem,3019,3,0.09648
spark,150_10,1,7,gpu_shared_mem,3020,1,0.04112
spark,150_10,1,7,gpu_shared_mem,3021,1,0.034752
spark,150_10,1,7,gpu_shared_mem,3022,1,0.067456
spark,150_10,1,7,gpu_shared_mem,3023,1,0.048512
spark,150_10,1,7,gpu_shared_mem,3024,1,0.120832
spark,150_10,1,7,gpu_shared_mem,3025,1,0.028864
spark,150_10,1,7,gpu_shared_mem,3026,1,0.032064
spark,150_10,1,7,gpu_shared_mem,3027,2,0.11296
spark,150_10,1,7,gpu_shared_mem,3028,2,0.071296
spark,150_10,1,7,gpu_shared_mem,3029,2,0.035648
spark,150_10,1,7,gpu_shared_mem,3030,1,0.100448
spark,150_10,1,7,gpu_shared_mem,3031,1,0.111488
spark,150_10,1,7,gpu_shared_mem,3032,1,0.0736
spark,150_10,1,7,gpu_shared_mem,3033,2,0.10768
spark,150_10,1,7,gpu_shared_mem,3034,2,0.107296
spark,150_10,1,7,gpu_shared_mem,3035,2,0.09344
spark,150_10,1,7,gpu_shared_mem,3036,2,0.06832
spark,150_10,1,7,gpu_shared_mem,3037,1,0.11888
spark,150_10,1,7,gpu_shared_mem,3038,1,0.069824
spark,150_10,1,7,gpu_shared_mem,3039,1,0.070816
spark,150_10,1,7,gpu_shared_mem,3040,1,0.065696
spark,150_10,1,7,gpu_shared_mem,3041,2,0.107808
spark,150_10,1,7,gpu_shared_mem,3042,4,0.080768
spark,150_10,1,7,gpu_shared_mem,3043,3,0.089248
spark,150_10,1,7,gpu_shared_mem,3044,5,0.102112
spark,150_10,1,7,gpu_shared_mem,3045,3,0.103392
spark,150_10,1,7,gpu_shared_mem,3046,3,0.089408
spark,150_10,1,7,gpu_shared_mem,3047,3,0.099008
spark,150_10,1,7,gpu_shared_mem,3048,3,0.112896
spark,150_10,1,7,gpu_shared_mem,3049,2,0.076192
spark,150_10,1,7,gpu_shared_mem,3050,1,0.072128
spark,150_10,1,7,gpu_shared_mem,3051,1,0.118752
spark,150_10,1,7,gpu_shared_mem,3052,1,0.067424
spark,150_10,1,7,gpu_shared_mem,3053,1,0.060032
spark,150_10,1,7,gpu_shared_mem,3054,1,0.095008
spark,150_10,1,7,gpu_shared_mem,3055,1,0.070112
spark,150_10,1,7,gpu_shared_mem,3056,1,0.022368
spark,150_10,1,7,gpu_shared_mem,3057,1,0.092416
spark,150_10,1,7,gpu_shared_mem,3058,1,0.079744
spark,150_10,1,7,gpu_shared_mem,3059,1,0.05472
spark,150_10,1,7,gpu_shared_mem,3060,1,0.067712
spark,150_10,1,7,gpu_shared_mem,3061,2,0.102624
spark,150_10,1,7,gpu_shared_mem,3062,3,0.101952
spark,150_10,1,7,gpu_shared_mem,3063,3,0.079808
spark,150_10,1,7,gpu_shared_mem,3064,3,0.078816
spark,150_10,1,7,gpu_shared_mem,3065,2,0.037056
spark,150_10,1,7,gpu_shared_mem,3066,1,0.078176
spark,150_10,1,7,gpu_shared_mem,3067,1,0.104928
spark,150_10,1,7,gpu_shared_mem,3068,1,0.087968
spark,150_10,1,7,gpu_shared_mem,3069,1,0.023808
spark,150_10,1,7,gpu_shared_mem,3070,2,0.099712
spark,150_10,1,7,gpu_shared_mem,3071,3,0.115328
spark,150_10,1,7,gpu_shared_mem,3072,2,0.075232
spark,150_10,1,7,gpu_shared_mem,3073,3,0.107328
spark,150_10,1,7,gpu_shared_mem,3074,1,0.093888
spark,150_10,1,7,gpu_shared_mem,3075,2,0.08544
spark,150_10,1,7,gpu_shared_mem,3076,1,0.07232
spark,150_10,1,7,gpu_shared_mem,3077,1,0.045024
spark,150_10,1,7,gpu_shared_mem,3078,1,0.035616
spark,150_10,1,7,gpu_shared_mem,3079,1,0.081664
spark,150_10,1,7,gpu_shared_mem,3080,2,0.062464
spark,150_10,1,7,gpu_shared_mem,3081,2,0.076448
spark,150_10,1,7,gpu_shared_mem,3082,3,0.091808
spark,150_10,1,7,gpu_shared_mem,3083,4,0.117024
spark,150_10,1,7,gpu_shared_mem,3084,3,0.07632
spark,150_10,1,7,gpu_shared_mem,3085,4,0.112704
spark,150_10,1,7,gpu_shared_mem,3086,2,0.053792
spark,150_10,1,7,gpu_shared_mem,3087,1,0.032352
spark,150_10,1,7,gpu_shared_mem,3088,2,0.100352
spark,150_10,1,7,gpu_shared_mem,3089,1,0.093056
spark,150_10,1,7,gpu_shared_mem,3090,1,0.084448
spark,150_10,1,7,gpu_shared_mem,3091,1,0.10704
spark,150_10,1,7,gpu_shared_mem,3092,2,0.095552
spark,150_10,1,7,gpu_shared_mem,3093,2,0.117856
spark,150_10,1,7,gpu_shared_mem,3094,3,0.112736
spark,150_10,1,7,gpu_shared_mem,3095,3,0.108032
spark,150_10,1,7,gpu_shared_mem,3096,1,0.08128
spark,150_10,1,7,gpu_shared_mem,3097,1,0.111776
spark,150_10,1,7,gpu_shared_mem,3098,1,0.0848
spark,150_10,1,7,gpu_shared_mem,3099,1,0.111232
spark,150_10,1,7,gpu_shared_mem,3100,2,0.108544
spark,150_10,1,7,gpu_shared_mem,3101,2,0.059168
spark,150_10,1,7,gpu_shared_mem,3102,3,0.090112
spark,150_10,1,7,gpu_shared_mem,3103,2,0.117216
spark,150_10,1,7,gpu_shared_mem,3104,2,0.106368
spark,150_10,1,7,gpu_shared_mem,3105,2,0.079456
spark,150_10,1,7,gpu_shared_mem,3106,1,0.057952
spark,150_10,1,7,gpu_shared_mem,3107,1,0.072832
spark,150_10,1,7,gpu_shared_mem,3108,1,0.032288
spark,150_10,1,7,gpu_shared_mem,3109,2,0.108064
spark,150_10,1,7,gpu_shared_mem,3110,2,0.110592
spark,150_10,1,7,gpu_shared_mem,3111,2,0.112448
spark,150_10,1,7,gpu_shared_mem,3112,3,0.116896
spark,150_10,1,7,gpu_shared_mem,3113,2,0.091456
spark,150_10,1,7,gpu_shared_mem,3114,2,0.077184
spark,150_10,1,7,gpu_shared_mem,3115,2,0.107808
spark,150_10,1,7,gpu_shared_mem,3116,1,0.038464
spark,150_10,1,7,gpu_shared_mem,3117,1,0.10512
spark,150_10,1,7,gpu_shared_mem,3118,2,0.064928
spark,150_10,1,7,gpu_shared_mem,3119,2,0.046432
spark,150_10,1,7,gpu_shared_mem,3120,1,0.113152
spark,150_10,1,7,gpu_shared_mem,3121,1,0.078272
spark,150_10,1,7,gpu_shared_mem,3122,1,0.047872
spark,150_10,1,7,gpu_shared_mem,3123,1,0.029184
spark,150_10,1,7,gpu_shared_mem,3124,1,0.059584
spark,150_10,1,7,gpu_shared_mem,3125,2,0.070176
spark,150_10,1,7,gpu_shared_mem,3126,2,0.061152
spark,150_10,1,7,gpu_shared_mem,3127,3,0.104192
spark,150_10,1,7,gpu_shared_mem,3128,3,0.060864
spark,150_10,1,7,gpu_shared_mem,3129,2,0.100896
spark,150_10,1,7,gpu_shared_mem,3130,2,0.105888
spark,150_10,1,7,gpu_shared_mem,3131,1,0.105472
spark,150_10,1,7,gpu_shared_mem,3132,1,0.1216
spark,150_10,1,7,gpu_shared_mem,3133,1,0.099488
spark,150_10,1,7,gpu_shared_mem,3134,1,0.097504
spark,150_10,1,7,gpu_shared_mem,3135,1,0.051552
spark,150_10,1,7,gpu_shared_mem,3136,2,0.087232
spark,150_10,1,7,gpu_shared_mem,3137,1,0.091296
spark,150_10,1,7,gpu_shared_mem,3138,1,0.111808
spark,150_10,1,7,gpu_shared_mem,3139,1,0.051712
spark,150_10,1,7,gpu_shared_mem,3140,2,0.082048
spark,150_10,1,7,gpu_shared_mem,3141,2,0.071584
spark,150_10,1,7,gpu_shared_mem,3142,1,0.100128
spark,150_10,1,7,gpu_shared_mem,3143,1,0.04416
spark,150_10,1,7,gpu_shared_mem,3144,1,0.041472
spark,150_10,1,7,gpu_shared_mem,3145,1,0.023872
spark,150_10,1,7,gpu_shared_mem,3146,2,0.080192
spark,150_10,1,7,gpu_shared_mem,3147,3,0.075392
spark,150_10,1,7,gpu_shared_mem,3148,5,0.079936
spark,150_10,1,7,gpu_shared_mem,3149,5,0.10592
spark,150_10,1,7,gpu_shared_mem,3150,4,0.111168
spark,150_10,1,7,gpu_shared_mem,3151,3,0.095008
spark,150_10,1,7,gpu_shared_mem,3152,2,0.071968
spark,150_10,1,7,gpu_shared_mem,3153,1,0.088256
spark,150_10,1,7,gpu_shared_mem,3154,2,0.068032
spark,150_10,1,7,gpu_shared_mem,3155,2,0.066784
spark,150_10,1,7,gpu_shared_mem,3156,1,0.086464
spark,150_10,1,7,gpu_shared_mem,3157,1,0.054528
spark,150_10,1,7,gpu_shared_mem,3158,2,0.109728
spark,150_10,1,7,gpu_shared_mem,3159,2,0.072
spark,150_10,1,7,gpu_shared_mem,3160,1,0.074144
spark,150_10,1,7,gpu_shared_mem,3161,1,0.088928
spark,150_10,1,7,gpu_shared_mem,3162,2,0.095552
spark,150_10,1,7,gpu_shared_mem,3163,3,0.084256
spark,150_10,1,7,gpu_shared_mem,3164,4,0.108416
spark,150_10,1,7,gpu_shared_mem,3165,2,0.08032
spark,150_10,1,7,gpu_shared_mem,3166,3,0.072992
spark,150_10,1,7,gpu_shared_mem,3167,2,0.091296
spark,150_10,1,7,gpu_shared_mem,3168,2,0.100768
spark,150_10,1,7,gpu_shared_mem,3169,2,0.106304
spark,150_10,1,7,gpu_shared_mem,3170,1,0.058944
spark,150_10,1,7,gpu_shared_mem,3171,1,0.096512
spark,150_10,1,7,gpu_shared_mem,3172,1,0.109792
spark,150_10,1,7,gpu_shared_mem,3173,2,0.104832
spark,150_10,1,7,gpu_shared_mem,3174,3,0.107104
spark,150_10,1,7,gpu_shared_mem,3175,2,0.091424
spark,150_10,1,7,gpu_shared_mem,3176,2,0.086464
spark,150_10,1,7,gpu_shared_mem,3177,1,0.054688
spark,150_10,1,7,gpu_shared_mem,3178,1,0.049856
spark,150_10,1,7,gpu_shared_mem,3179,1,0.080928
spark,150_10,1,7,gpu_shared_mem,3180,1,0.0504
spark,150_10,1,7,gpu_shared_mem,3181,2,0.10768
spark,150_10,1,7,gpu_shared_mem,3182,3,0.086208
spark,150_10,1,7,gpu_shared_mem,3183,2,0.083136
spark,150_10,1,7,gpu_shared_mem,3184,1,0.026304
spark,150_10,1,7,gpu_shared_mem,3185,1,0.113856
spark,150_10,1,7,gpu_shared_mem,3186,2,0.083104
spark,150_10,1,7,gpu_shared_mem,3187,1,0.040128
spark,150_10,1,7,gpu_shared_mem,3188,1,0.061088
spark,150_10,1,7,gpu_shared_mem,3189,1,0.10064
spark,150_10,1,7,gpu_shared_mem,3190,1,0.0752
spark,150_10,1,7,gpu_shared_mem,3191,2,0.112128
spark,150_10,1,7,gpu_shared_mem,3192,1,0.030496
spark,150_10,1,7,gpu_shared_mem,3193,1,0.06
spark,150_10,1,7,gpu_shared_mem,3194,1,0.090336
spark,150_10,1,7,gpu_shared_mem,3195,1,0.04592
spark,150_10,1,7,gpu_shared_mem,3196,2,0.117184
spark,150_10,1,7,gpu_shared_mem,3197,1,0.08624
spark,150_10,1,7,gpu_shared_mem,3198,1,0.106112
spark,150_10,1,7,gpu_shared_mem,3199,2,0.109088
spark,150_10,1,7,gpu_shared_mem,3200,3,0.111232
spark,150_10,1,7,gpu_shared_mem,3201,3,0.100768
spark,150_10,1,7,gpu_shared_mem,3202,2,0.08864
spark,150_10,1,7,gpu_shared_mem,3203,2,0.111008
spark,150_10,1,7,gpu_shared_mem,3204,2,0.105536
spark,150_10,1,7,gpu_shared_mem,3205,1,0.076992
spark,150_10,1,7,gpu_shared_mem,3206,1,0.087488
spark,150_10,1,7,gpu_shared_mem,3207,1,0.063872
spark,150_10,1,7,gpu_shared_mem,3208,2,0.106752
spark,150_10,1,7,gpu_shared_mem,3209,2,0.064416
spark,150_10,1,7,gpu_shared_mem,3210,1,0.108352
spark,150_10,1,7,gpu_shared_mem,3211,1,0.076992
spark,150_10,1,7,gpu_shared_mem,3212,1,0.096384
spark,150_10,1,7,gpu_shared_mem,3213,1,0.036672
spark,150_10,1,7,gpu_shared_mem,3214,2,0.110944
spark,150_10,1,7,gpu_shared_mem,3215,2,0.08128
spark,150_10,1,7,gpu_shared_mem,3216,3,0.077824
spark,150_10,1,7,gpu_shared_mem,3217,3,0.074272
spark,150_10,1,7,gpu_shared_mem,3218,4,0.089344
spark,150_10,1,7,gpu_shared_mem,3219,4,0.081824
spark,150_10,1,7,gpu_shared_mem,3220,3,0.11296
spark,150_10,1,7,gpu_shared_mem,3221,3,0.099872
spark,150_10,1,7,gpu_shared_mem,3222,2,0.07328
spark,150_10,1,7,gpu_shared_mem,3223,2,0.11888
spark,150_10,1,7,gpu_shared_mem,3224,1,0.048
spark,150_10,1,7,gpu_shared_mem,3225,1,0.098688
spark,150_10,1,7,gpu_shared_mem,3226,2,0.111168
spark,150_10,1,7,gpu_shared_mem,3227,4,0.110976
spark,150_10,1,7,gpu_shared_mem,3228,4,0.104608
spark,150_10,1,7,gpu_shared_mem,3229,4,0.109184
spark,150_10,1,7,gpu_shared_mem,3230,3,0.075552
spark,150_10,1,7,gpu_shared_mem,3231,1,0.038048
spark,150_10,1,7,gpu_shared_mem,3232,1,0.05632
spark,150_10,1,7,gpu_shared_mem,3233,1,0.105152
spark,150_10,1,7,gpu_shared_mem,3234,1,0.08144
spark,150_10,1,7,gpu_shared_mem,3235,1,0.05328
spark,150_10,1,7,gpu_shared_mem,3236,2,0.112
spark,150_10,1,7,gpu_shared_mem,3237,3,0.088384
spark,150_10,1,7,gpu_shared_mem,3238,2,0.070432
spark,150_10,1,7,gpu_shared_mem,3239,2,0.067488
spark,150_10,1,7,gpu_shared_mem,3240,1,0.057024
spark,150_10,1,7,gpu_shared_mem,3241,1,0.04704
spark,150_10,1,7,gpu_shared_mem,3242,2,0.06224
spark,150_10,1,7,gpu_shared_mem,3243,2,0.078624
spark,150_10,1,7,gpu_shared_mem,3244,1,0.051552
spark,150_10,1,7,gpu_shared_mem,3245,1,0.072992
spark,150_10,1,7,gpu_shared_mem,3246,2,0.079136
spark,150_10,1,7,gpu_shared_mem,3247,2,0.063712
spark,150_10,1,7,gpu_shared_mem,3248,1,0.082048
spark,150_10,1,7,gpu_shared_mem,3249,1,0.095488
spark,150_10,1,7,gpu_shared_mem,3250,1,0.020736
spark,150_10,1,7,gpu_shared_mem,3251,2,0.098592
spark,150_10,1,7,gpu_shared_mem,3252,3,0.074784
spark,150_10,1,7,gpu_shared_mem,3253,1,0.044192
spark,150_10,1,7,gpu_shared_mem,3254,2,0.11152
spark,150_10,1,7,gpu_shared_mem,3255,1,0.043616
spark,150_10,1,7,gpu_shared_mem,3256,1,0.10128
spark,150_10,1,7,gpu_shared_mem,3257,1,0.095584
spark,150_10,1,7,gpu_shared_mem,3258,1,0.092832
spark,150_10,1,7,gpu_shared_mem,3259,1,0.094592
spark,150_10,1,7,gpu_shared_mem,3260,1,0.032704
spark,150_10,1,7,gpu_shared_mem,3261,1,0.075488
spark,150_10,1,7,gpu_shared_mem,3262,2,0.055104
spark,150_10,1,7,gpu_shared_mem,3263,3,0.11232
spark,150_10,1,7,gpu_shared_mem,3264,4,0.107648
spark,150_10,1,7,gpu_shared_mem,3265,6,0.087072
spark,150_10,1,7,gpu_shared_mem,3266,4,0.086944
spark,150_10,1,7,gpu_shared_mem,3267,1,0.030144
spark,150_10,1,7,gpu_shared_mem,3268,1,0.038784
spark,150_10,1,7,gpu_shared_mem,3269,2,0.102848
spark,150_10,1,7,gpu_shared_mem,3270,1,0.035744
spark,150_10,1,7,gpu_shared_mem,3271,2,0.098912
spark,150_10,1,7,gpu_shared_mem,3272,1,0.10064
spark,150_10,1,7,gpu_shared_mem,3273,1,0.092448
spark,150_10,1,7,gpu_shared_mem,3274,2,0.073056
spark,150_10,1,7,gpu_shared_mem,3275,2,0.061376
spark,150_10,1,7,gpu_shared_mem,3276,2,0.067424
spark,150_10,1,7,gpu_shared_mem,3277,3,0.106848
spark,150_10,1,7,gpu_shared_mem,3278,4,0.067072
spark,150_10,1,7,gpu_shared_mem,3279,4,0.043808
spark,150_10,1,7,gpu_shared_mem,3280,2,0.039328
spark,150_10,1,7,gpu_shared_mem,3281,2,0.075104
spark,150_10,1,7,gpu_shared_mem,3282,2,0.094816
spark,150_10,1,7,gpu_shared_mem,3283,1,0.0928
spark,150_10,1,7,gpu_shared_mem,3284,1,0.080928
spark,150_10,1,7,gpu_shared_mem,3285,1,0.08384
spark,150_10,1,7,gpu_shared_mem,3286,1,0.105248
spark,150_10,1,7,gpu_shared_mem,3287,2,0.105824
spark,150_10,1,7,gpu_shared_mem,3288,4,0.0952
spark,150_10,1,7,gpu_shared_mem,3289,5,0.067328
spark,150_10,1,7,gpu_shared_mem,3290,5,0.10416
spark,150_10,1,7,gpu_shared_mem,3291,4,0.117824
spark,150_10,1,7,gpu_shared_mem,3292,3,0.096992
spark,150_10,1,7,gpu_shared_mem,3293,5,0.108864
spark,150_10,1,7,gpu_shared_mem,3294,3,0.105088
spark,150_10,1,7,gpu_shared_mem,3295,2,0.071872
spark,150_10,1,7,gpu_shared_mem,3296,1,0.085536
spark,150_10,1,7,gpu_shared_mem,3297,1,0.102752
spark,150_10,1,7,gpu_shared_mem,3298,1,0.084096
spark,150_10,1,7,gpu_shared_mem,3299,2,0.073184
spark,150_10,1,7,gpu_shared_mem,3300,3,0.095136
spark,150_10,1,7,gpu_shared_mem,3301,3,0.108544
spark,150_10,1,7,gpu_shared_mem,3302,3,0.098848
spark,150_10,1,7,gpu_shared_mem,3303,2,0.096
spark,150_10,1,7,gpu_shared_mem,3304,2,0.095264
spark,150_10,1,7,gpu_shared_mem,3305,1,0.057696
spark,150_10,1,7,gpu_shared_mem,3306,1,0.047104
spark,150_10,1,7,gpu_shared_mem,3307,1,0.051296
spark,150_10,1,7,gpu_shared_mem,3308,1,0.020736
spark,150_10,1,7,gpu_shared_mem,3309,2,0.069184
spark,150_10,1,7,gpu_shared_mem,3310,3,0.08448
spark,150_10,1,7,gpu_shared_mem,3311,3,0.06992
spark,150_10,1,7,gpu_shared_mem,3312,3,0.094144
spark,150_10,1,7,gpu_shared_mem,3313,2,0.062432
spark,150_10,1,7,gpu_shared_mem,3314,1,0.051488
spark,150_10,1,7,gpu_shared_mem,3315,1,0.041792
spark,150_10,1,7,gpu_shared_mem,3316,1,0.067872
spark,150_10,1,7,gpu_shared_mem,3317,2,0.080128
spark,150_10,1,7,gpu_shared_mem,3318,1,0.113312
spark,150_10,1,7,gpu_shared_mem,3319,1,0.096736
spark,150_10,1,7,gpu_shared_mem,3320,2,0.062976
spark,150_10,1,7,gpu_shared_mem,3321,3,0.107232
spark,150_10,1,7,gpu_shared_mem,3322,2,0.094528
spark,150_10,1,7,gpu_shared_mem,3323,3,0.084
spark,150_10,1,7,gpu_shared_mem,3324,2,0.106656
spark,150_10,1,7,gpu_shared_mem,3325,3,0.078752
spark,150_10,1,7,gpu_shared_mem,3326,3,0.104512
spark,150_10,1,7,gpu_shared_mem,3327,1,0.072864
spark,150_10,1,7,gpu_shared_mem,3328,1,0.056736
spark,150_10,1,7,gpu_shared_mem,3329,1,0.109824
spark,150_10,1,7,gpu_shared_mem,3330,1,0.07392
spark,150_10,1,7,gpu_shared_mem,3331,1,0.025408
spark,150_10,1,7,gpu_shared_mem,3332,2,0.108672
spark,150_10,1,7,gpu_shared_mem,3333,4,0.0616
spark,150_10,1,7,gpu_shared_mem,3334,4,0.086752
spark,150_10,1,7,gpu_shared_mem,3335,2,0.077664
spark,150_10,1,7,gpu_shared_mem,3336,2,0.091008
spark,150_10,1,7,gpu_shared_mem,3337,1,0.10976
spark,150_10,1,7,gpu_shared_mem,3338,1,0.059648
spark,150_10,1,7,gpu_shared_mem,3339,1,0.076672
spark,150_10,1,7,gpu_shared_mem,3340,1,0.081472
spark,150_10,1,7,gpu_shared_mem,3341,1,0.100416
spark,150_10,1,7,gpu_shared_mem,3342,1,0.061952
spark,150_10,1,7,gpu_shared_mem,3343,2,0.10464
spark,150_10,1,7,gpu_shared_mem,3344,2,0.099712
spark,150_10,1,7,gpu_shared_mem,3345,3,0.088864
spark,150_10,1,7,gpu_shared_mem,3346,2,0.094528
spark,150_10,1,7,gpu_shared_mem,3347,2,0.088192
spark,150_10,1,7,gpu_shared_mem,3348,3,0.065152
spark,150_10,1,7,gpu_shared_mem,3349,1,0.113344
spark,150_10,1,7,gpu_shared_mem,3350,1,0.098944
spark,150_10,1,7,gpu_shared_mem,3351,1,0.0928
spark,150_10,1,7,gpu_shared_mem,3352,2,0.085536
spark,150_10,1,7,gpu_shared_mem,3353,1,0.04448
spark,150_10,1,7,gpu_shared_mem,3354,1,0.056128
spark,150_10,1,7,gpu_shared_mem,3355,2,0.076608
spark,150_10,1,7,gpu_shared_mem,3356,3,0.106816
spark,150_10,1,7,gpu_shared_mem,3357,2,0.0864
spark,150_10,1,7,gpu_shared_mem,3358,2,0.114208
spark,150_10,1,7,gpu_shared_mem,3359,2,0.072864
spark,150_10,1,7,gpu_shared_mem,3360,1,0.042656
spark,150_10,1,7,gpu_shared_mem,3361,1,0.083712
spark,150_10,1,7,gpu_shared_mem,3362,1,0.066304
spark,150_10,1,7,gpu_shared_mem,3363,2,0.096192
spark,150_10,1,7,gpu_shared_mem,3364,3,0.106112
spark,150_10,1,7,gpu_shared_mem,3365,3,0.091328
spark,150_10,1,7,gpu_shared_mem,3366,2,0.095328
spark,150_10,1,7,gpu_shared_mem,3367,3,0.117024
spark,150_10,1,7,gpu_shared_mem,3368,2,0.07504
spark,150_10,1,7,gpu_shared_mem,3369,2,0.0816
spark,150_10,1,7,gpu_shared_mem,3370,1,0.105248
spark,150_10,1,7,gpu_shared_mem,3371,1,0.027264
spark,150_10,1,7,gpu_shared_mem,3372,2,0.072736
spark,150_10,1,7,gpu_shared_mem,3373,4,0.09024
spark,150_10,1,7,gpu_shared_mem,3374,4,0.104448
spark,150_10,1,7,gpu_shared_mem,3375,3,0.115296
spark,150_10,1,7,gpu_shared_mem,3376,3,0.071936
spark,150_10,1,7,gpu_shared_mem,3377,4,0.098976
spark,150_10,1,7,gpu_shared_mem,3378,2,0.04064
spark,150_10,1,7,gpu_shared_mem,3379,1,0.062656
spark,150_10,1,7,gpu_shared_mem,3380,1,0.04272
spark,150_10,1,7,gpu_shared_mem,3381,1,0.055264
spark,150_10,1,7,gpu_shared_mem,3382,1,0.059648
spark,150_10,1,7,gpu_shared_mem,3383,1,0.088832
spark,150_10,1,7,gpu_shared_mem,3384,1,0.03552
spark,150_10,1,7,gpu_shared_mem,3385,2,0.109408
spark,150_10,1,7,gpu_shared_mem,3386,3,0.095872
spark,150_10,1,7,gpu_shared_mem,3387,4,0.093536
spark,150_10,1,7,gpu_shared_mem,3388,2,0.081408
spark,150_10,1,7,gpu_shared_mem,3389,3,0.104
spark,150_10,1,7,gpu_shared_mem,3390,4,0.111008
spark,150_10,1,7,gpu_shared_mem,3391,3,0.060352
spark,150_10,1,7,gpu_shared_mem,3392,3,0.080192
spark,150_10,1,7,gpu_shared_mem,3393,2,0.081984
spark,150_10,1,7,gpu_shared_mem,3394,1,0.111328
spark,150_10,1,7,gpu_shared_mem,3395,1,0.065664
spark,150_10,1,7,gpu_shared_mem,3396,2,0.090528
spark,150_10,1,7,gpu_shared_mem,3397,4,0.096512
spark,150_10,1,7,gpu_shared_mem,3398,5,0.077152
spark,150_10,1,7,gpu_shared_mem,3399,3,0.106752
spark,150_10,1,7,gpu_shared_mem,3400,3,0.100352
spark,150_10,1,7,gpu_shared_mem,3401,2,0.0976
spark,150_10,1,7,gpu_shared_mem,3402,1,0.073312
spark,150_10,1,7,gpu_shared_mem,3403,1,0.033376
spark,150_10,1,7,gpu_shared_mem,3404,1,0.05168
spark,150_10,1,7,gpu_shared_mem,3405,2,0.067104
spark,150_10,1,7,gpu_shared_mem,3406,2,0.102656
spark,150_10,1,7,gpu_shared_mem,3407,2,0.095392
spark,150_10,1,7,gpu_shared_mem,3408,1,0.031712
spark,150_10,1,7,gpu_shared_mem,3409,1,0.050336
spark,150_10,1,7,gpu_shared_mem,3410,1,0.1064
spark,150_10,1,7,gpu_shared_mem,3411,2,0.107744
spark,150_10,1,7,gpu_shared_mem,3412,2,0.1032
spark,150_10,1,7,gpu_shared_mem,3413,1,0.104032
spark,150_10,1,7,gpu_shared_mem,3414,1,0.082432
spark,150_10,1,7,gpu_shared_mem,3415,1,0.042528
spark,150_10,1,7,gpu_shared_mem,3416,1,0.035488
spark,150_10,1,7,gpu_shared_mem,3417,1,0.075392
spark,150_10,1,7,gpu_shared_mem,3418,2,0.076928
spark,150_10,1,7,gpu_shared_mem,3419,3,0.102432
spark,150_10,1,7,gpu_shared_mem,3420,4,0.100128
spark,150_10,1,7,gpu_shared_mem,3421,2,0.068768
spark,150_10,1,7,gpu_shared_mem,3422,1,0.084224
spark,150_10,1,7,gpu_shared_mem,3423,2,0.106656
spark,150_10,1,7,gpu_shared_mem,3424,1,0.06848
spark,150_10,1,7,gpu_shared_mem,3425,1,0.062144
spark,150_10,1,7,gpu_shared_mem,3426,1,0.020768
spark,150_10,1,7,gpu_shared_mem,3427,1,0.082496
spark,150_10,1,7,gpu_shared_mem,3428,1,0.09856
spark,150_10,1,7,gpu_shared_mem,3429,1,0.03392
spark,150_10,1,7,gpu_shared_mem,3430,1,0.022112
spark,150_10,1,7,gpu_shared_mem,3431,1,0.031232
spark,150_10,1,7,gpu_shared_mem,3432,2,0.05056
spark,150_10,1,7,gpu_shared_mem,3433,3,0.113568
spark,150_10,1,7,gpu_shared_mem,3434,3,0.106752
spark,150_10,1,7,gpu_shared_mem,3435,2,0.076992
spark,150_10,1,7,gpu_shared_mem,3436,2,0.107936
spark,150_10,1,7,gpu_shared_mem,3437,2,0.092032
spark,150_10,1,7,gpu_shared_mem,3438,1,0.0872
spark,150_10,1,7,gpu_shared_mem,3439,2,0.089888
spark,150_10,1,7,gpu_shared_mem,3440,2,0.043968
spark,150_10,1,7,gpu_shared_mem,3441,1,0.093952
spark,150_10,1,7,gpu_shared_mem,3442,1,0.116032
spark,150_10,1,7,gpu_shared_mem,3443,1,0.073216
spark,150_10,1,7,gpu_shared_mem,3444,2,0.081312
spark,150_10,1,7,gpu_shared_mem,3445,3,0.085216
spark,150_10,1,7,gpu_shared_mem,3446,4,0.100096
spark,150_10,1,7,gpu_shared_mem,3447,2,0.082432
spark,150_10,1,7,gpu_shared_mem,3448,1,0.025056
spark,150_10,1,7,gpu_shared_mem,3449,1,0.029184
spark,150_10,1,7,gpu_shared_mem,3450,1,0.073504
spark,150_10,1,7,gpu_shared_mem,3451,1,0.089088
spark,150_10,1,7,gpu_shared_mem,3452,1,0.05648
spark,150_10,1,7,gpu_shared_mem,3453,1,0.105632
spark,150_10,1,7,gpu_shared_mem,3454,1,0.0304
spark,150_10,1,7,gpu_shared_mem,3455,1,0.029856
spark,150_10,1,7,gpu_shared_mem,3456,1,0.087616
spark,150_10,1,7,gpu_shared_mem,3457,1,0.079104
spark,150_10,1,7,gpu_shared_mem,3458,2,0.105792
spark,150_10,1,7,gpu_shared_mem,3459,3,0.107776
spark,150_10,1,7,gpu_shared_mem,3460,5,0.118432
spark,150_10,1,7,gpu_shared_mem,3461,6,0.104672
spark,150_10,1,7,gpu_shared_mem,3462,3,0.063296
spark,150_10,1,7,gpu_shared_mem,3463,2,0.116608
spark,150_10,1,7,gpu_shared_mem,3464,1,0.08
spark,150_10,1,7,gpu_shared_mem,3465,1,0.11216
spark,150_10,1,7,gpu_shared_mem,3466,1,0.077632
spark,150_10,1,7,gpu_shared_mem,3467,1,0.09088
spark,150_10,1,7,gpu_shared_mem,3468,1,0.042144
spark,150_10,1,7,gpu_shared_mem,3469,1,0.074528
spark,150_10,1,7,gpu_shared_mem,3470,2,0.079616
spark,150_10,1,7,gpu_shared_mem,3471,1,0.071872
spark,150_10,1,7,gpu_shared_mem,3472,2,0.07824
spark,150_10,1,7,gpu_shared_mem,3473,2,0.078528
spark,150_10,1,7,gpu_shared_mem,3474,2,0.119456
spark,150_10,1,7,gpu_shared_mem,3475,2,0.118336
spark,150_10,1,7,gpu_shared_mem,3476,1,0.060544
spark,150_10,1,7,gpu_shared_mem,3477,1,0.032096
spark,150_10,1,7,gpu_shared_mem,3478,2,0.088032
spark,150_10,1,7,gpu_shared_mem,3479,3,0.067136
spark,150_10,1,7,gpu_shared_mem,3480,2,0.059584
spark,150_10,1,7,gpu_shared_mem,3481,3,0.061568
spark,150_10,1,7,gpu_shared_mem,3482,2,0.10976
spark,150_10,1,7,gpu_shared_mem,3483,3,0.083968
spark,150_10,1,7,gpu_shared_mem,3484,1,0.10288
spark,150_10,1,7,gpu_shared_mem,3485,1,0.098656
spark,150_10,1,7,gpu_shared_mem,3486,1,0.036128
spark,150_10,1,7,gpu_shared_mem,3487,1,0.082208
spark,150_10,1,7,gpu_shared_mem,3488,1,0.034144
spark,150_10,1,7,gpu_shared_mem,3489,2,0.084128
spark,150_10,1,7,gpu_shared_mem,3490,2,0.094496
spark,150_10,1,7,gpu_shared_mem,3491,3,0.097056
spark,150_10,1,7,gpu_shared_mem,3492,2,0.076864
spark,150_10,1,7,gpu_shared_mem,3493,2,0.06816
spark,150_10,1,7,gpu_shared_mem,3494,1,0.12128
spark,150_10,1,7,gpu_shared_mem,3495,1,0.0424
spark,150_10,1,7,gpu_shared_mem,3496,1,0.044064
spark,150_10,1,7,gpu_shared_mem,3497,1,0.112096
spark,150_10,1,7,gpu_shared_mem,3498,1,0.09248
spark,150_10,1,7,gpu_shared_mem,3499,1,0.050624
spark,150_10,1,7,gpu_shared_mem,3500,2,0.092448
spark,150_10,1,7,gpu_shared_mem,3501,2,0.10832
spark,150_10,1,7,gpu_shared_mem,3502,1,0.102176
spark,150_10,1,7,gpu_shared_mem,3503,1,0.08272
spark,150_10,1,7,gpu_shared_mem,3504,1,0.065344
spark,150_10,1,7,gpu_shared_mem,3505,1,0.085248
spark,150_10,1,7,gpu_shared_mem,3506,1,0.0616
spark,150_10,1,7,gpu_shared_mem,3507,1,0.055232
spark,150_10,1,7,gpu_shared_mem,3508,2,0.092928
spark,150_10,1,7,gpu_shared_mem,3509,3,0.066144
spark,150_10,1,7,gpu_shared_mem,3510,2,0.06224
spark,150_10,1,7,gpu_shared_mem,3511,1,0.059968
spark,150_10,1,7,gpu_shared_mem,3512,2,0.07936
spark,150_10,1,7,gpu_shared_mem,3513,1,0.034272
spark,150_10,1,7,gpu_shared_mem,3514,1,0.068896
spark,150_10,1,7,gpu_shared_mem,3515,1,0.02928
spark,150_10,1,7,gpu_shared_mem,3516,2,0.029856
spark,150_10,1,7,gpu_shared_mem,3517,3,0.062272
spark,150_10,1,7,gpu_shared_mem,3518,4,0.104608
spark,150_10,1,7,gpu_shared_mem,3519,3,0.114208
spark,150_10,1,7,gpu_shared_mem,3520,2,0.036224
spark,150_10,1,7,gpu_shared_mem,3521,2,0.1168
spark,150_10,1,7,gpu_shared_mem,3522,1,0.036064
spark,150_10,1,7,gpu_shared_mem,3523,1,0.108928
spark,150_10,1,7,gpu_shared_mem,3524,2,0.115232
spark,150_10,1,7,gpu_shared_mem,3525,2,0.091328
spark,150_10,1,7,gpu_shared_mem,3526,4,0.113952
spark,150_10,1,7,gpu_shared_mem,3527,3,0.09392
spark,150_10,1,7,gpu_shared_mem,3528,2,0.07824
spark,150_10,1,7,gpu_shared_mem,3529,1,0.03248
spark,150_10,1,7,gpu_shared_mem,3530,1,0.093792
spark,150_10,1,7,gpu_shared_mem,3531,1,0.065824
spark,150_10,1,7,gpu_shared_mem,3532,2,0.073888
spark,150_10,1,7,gpu_shared_mem,3533,2,0.066752
spark,150_10,1,7,gpu_shared_mem,3534,1,0.05776
spark,150_10,1,7,gpu_shared_mem,3535,1,0.070272
spark,150_10,1,7,gpu_shared_mem,3536,1,0.111104
spark,150_10,1,7,gpu_shared_mem,3537,1,0.082176
spark,150_10,1,7,gpu_shared_mem,3538,1,0.072256
spark,150_10,1,7,gpu_shared_mem,3539,1,0.09024
spark,150_10,1,7,gpu_shared_mem,3540,1,0.051008
spark,150_10,1,7,gpu_shared_mem,3541,2,0.082784
spark,150_10,1,7,gpu_shared_mem,3542,2,0.111776
spark,150_10,1,7,gpu_shared_mem,3543,2,0.087584
spark,150_10,1,7,gpu_shared_mem,3544,4,0.10896
spark,150_10,1,7,gpu_shared_mem,3545,3,0.111424
spark,150_10,1,7,gpu_shared_mem,3546,4,0.10992
spark,150_10,1,7,gpu_shared_mem,3547,3,0.098528
spark,150_10,1,7,gpu_shared_mem,3548,2,0.10944
spark,150_10,1,7,gpu_shared_mem,3549,2,0.11632
spark,150_10,1,7,gpu_shared_mem,3550,1,0.116544
spark,150_10,1,7,gpu_shared_mem,3551,1,0.02512
spark,150_10,1,7,gpu_shared_mem,3552,2,0.084544
spark,150_10,1,7,gpu_shared_mem,3553,4,0.108128
spark,150_10,1,7,gpu_shared_mem,3554,7,0.108064
spark,150_10,1,7,gpu_shared_mem,3555,7,0.093504
spark,150_10,1,7,gpu_shared_mem,3556,3,0.115936
spark,150_10,1,7,gpu_shared_mem,3557,1,0.086752
spark,150_10,1,7,gpu_shared_mem,3558,1,0.041056
spark,150_10,1,7,gpu_shared_mem,3559,1,0.095616
spark,150_10,1,7,gpu_shared_mem,3560,1,0.069536
spark,150_10,1,7,gpu_shared_mem,3561,1,0.039584
spark,150_10,1,7,gpu_shared_mem,3562,1,0.019968
spark,150_10,1,7,gpu_shared_mem,3563,1,0.093376
spark,150_10,1,7,gpu_shared_mem,3564,2,0.103712
spark,150_10,1,7,gpu_shared_mem,3565,3,0.075008
spark,150_10,1,7,gpu_shared_mem,3566,1,0.101632
spark,150_10,1,7,gpu_shared_mem,3567,2,0.104896
spark,150_10,1,7,gpu_shared_mem,3568,1,0.117856
spark,150_10,1,7,gpu_shared_mem,3569,1,0.039264
spark,150_10,1,7,gpu_shared_mem,3570,1,0.078112
spark,150_10,1,7,gpu_shared_mem,3571,1,0.02576
spark,150_10,1,7,gpu_shared_mem,3572,2,0.058784
spark,150_10,1,7,gpu_shared_mem,3573,2,0.066112
spark,150_10,1,7,gpu_shared_mem,3574,3,0.069152
spark,150_10,1,7,gpu_shared_mem,3575,2,0.044672
spark,150_10,1,7,gpu_shared_mem,3576,2,0.062176
spark,150_10,1,7,gpu_shared_mem,3577,1,0.11184
spark,150_10,1,7,gpu_shared_mem,3578,1,0.082752
spark,150_10,1,7,gpu_shared_mem,3579,1,0.073472
spark,150_10,1,7,gpu_shared_mem,3580,2,0.095968
spark,150_10,1,7,gpu_shared_mem,3581,1,0.080064
spark,150_10,1,7,gpu_shared_mem,3582,1,0.090784
spark,150_10,1,7,gpu_shared_mem,3583,2,0.093216
spark,150_10,1,7,gpu_shared_mem,3584,4,0.071008
spark,150_10,1,7,gpu_shared_mem,3585,3,0.089984
spark,150_10,1,7,gpu_shared_mem,3586,4,0.105216
spark,150_10,1,7,gpu_shared_mem,3587,4,0.112256
spark,150_10,1,7,gpu_shared_mem,3588,4,0.10336
spark,150_10,1,7,gpu_shared_mem,3589,4,0.098464
spark,150_10,1,7,gpu_shared_mem,3590,2,0.080032
spark,150_10,1,7,gpu_shared_mem,3591,1,0.09808
spark,150_10,1,7,gpu_shared_mem,3592,1,0.115296
spark,150_10,1,7,gpu_shared_mem,3593,1,0.092256
spark,150_10,1,7,gpu_shared_mem,3594,1,0.10896
spark,150_10,1,7,gpu_shared_mem,3595,2,0.062144
spark,150_10,1,7,gpu_shared_mem,3596,3,0.107008
spark,150_10,1,7,gpu_shared_mem,3597,2,0.085088
spark,150_10,1,7,gpu_shared_mem,3598,1,0.087712
spark,150_10,1,7,gpu_shared_mem,3599,2,0.094432
spark,150_10,1,7,gpu_shared_mem,3600,1,0.038816
spark,150_10,1,7,gpu_shared_mem,3601,1,0.118656
spark,150_10,1,7,gpu_shared_mem,3602,1,0.096
spark,150_10,1,7,gpu_shared_mem,3603,2,0.105824
spark,150_10,1,7,gpu_shared_mem,3604,2,0.111776
spark,150_10,1,7,gpu_shared_mem,3605,3,0.074944
spark,150_10,1,7,gpu_shared_mem,3606,3,0.109088
spark,150_10,1,7,gpu_shared_mem,3607,3,0.108768
spark,150_10,1,7,gpu_shared_mem,3608,1,0.052768
spark,150_10,1,7,gpu_shared_mem,3609,1,0.048736
spark,150_10,1,7,gpu_shared_mem,3610,1,0.069216
spark,150_10,1,7,gpu_shared_mem,3611,2,0.08752
spark,150_10,1,7,gpu_shared_mem,3612,2,0.034976
spark,150_10,1,7,gpu_shared_mem,3613,2,0.08496
spark,150_10,1,7,gpu_shared_mem,3614,2,0.074912
spark,150_10,1,7,gpu_shared_mem,3615,2,0.101664
spark,150_10,1,7,gpu_shared_mem,3616,1,0.088128
spark,150_10,1,7,gpu_shared_mem,3617,1,0.083104
spark,150_10,1,7,gpu_shared_mem,3618,1,0.116864
spark,150_10,1,7,gpu_shared_mem,3619,1,0.093632
spark,150_10,1,7,gpu_shared_mem,3620,2,0.11088
spark,150_10,1,7,gpu_shared_mem,3621,3,0.109952
spark,150_10,1,7,gpu_shared_mem,3622,4,0.074048
spark,150_10,1,7,gpu_shared_mem,3623,5,0.097888
spark,150_10,1,7,gpu_shared_mem,3624,3,0.093664
spark,150_10,1,7,gpu_shared_mem,3625,2,0.043584
spark,150_10,1,7,gpu_shared_mem,3626,1,0.058144
spark,150_10,1,7,gpu_shared_mem,3627,1,0.074176
spark,150_10,1,7,gpu_shared_mem,3628,1,0.119328
spark,150_10,1,7,gpu_shared_mem,3629,1,0.036
spark,150_10,1,7,gpu_shared_mem,3630,2,0.0664
spark,150_10,1,7,gpu_shared_mem,3631,4,0.110496
spark,150_10,1,7,gpu_shared_mem,3632,3,0.09872
spark,150_10,1,7,gpu_shared_mem,3633,2,0.085664
spark,150_10,1,7,gpu_shared_mem,3634,2,0.099104
spark,150_10,1,7,gpu_shared_mem,3635,2,0.081344
spark,150_10,1,7,gpu_shared_mem,3636,1,0.039424
spark,150_10,1,7,gpu_shared_mem,3637,1,0.099616
spark,150_10,1,7,gpu_shared_mem,3638,2,0.109152
spark,150_10,1,7,gpu_shared_mem,3639,2,0.066048
spark,150_10,1,7,gpu_shared_mem,3640,2,0.074624
spark,150_10,1,7,gpu_shared_mem,3641,3,0.096256
spark,150_10,1,7,gpu_shared_mem,3642,3,0.1128
spark,150_10,1,7,gpu_shared_mem,3643,3,0.109984
spark,150_10,1,7,gpu_shared_mem,3644,3,0.04128
spark,150_10,1,7,gpu_shared_mem,3645,3,0.109376
spark,150_10,1,7,gpu_shared_mem,3646,1,0.0648
spark,150_10,1,7,gpu_shared_mem,3647,1,0.030752
spark,150_10,1,7,gpu_shared_mem,3648,1,0.074432
spark,150_10,1,7,gpu_shared_mem,3649,1,0.097664
spark,150_10,1,7,gpu_shared_mem,3650,2,0.051488
spark,150_10,1,7,gpu_shared_mem,3651,1,0.02512
spark,150_10,1,7,gpu_shared_mem,3652,1,0.102368
spark,150_10,1,7,gpu_shared_mem,3653,1,0.093024
spark,150_10,1,7,gpu_shared_mem,3654,1,0.085824
spark,150_10,1,7,gpu_shared_mem,3655,2,0.092576
spark,150_10,1,7,gpu_shared_mem,3656,2,0.112256
spark,150_10,1,7,gpu_shared_mem,3657,2,0.055584
spark,150_10,1,7,gpu_shared_mem,3658,2,0.108064
spark,150_10,1,7,gpu_shared_mem,3659,2,0.091424
spark,150_10,1,7,gpu_shared_mem,3660,2,0.055968
spark,150_10,1,7,gpu_shared_mem,3661,1,0.08528
spark,150_10,1,7,gpu_shared_mem,3662,1,0.09024
spark,150_10,1,7,gpu_shared_mem,3663,2,0.076352
spark,150_10,1,7,gpu_shared_mem,3664,1,0.073536
spark,150_10,1,7,gpu_shared_mem,3665,1,0.059008
spark,150_10,1,7,gpu_shared_mem,3666,1,0.07008
spark,150_10,1,7,gpu_shared_mem,3667,2,0.095392
spark,150_10,1,7,gpu_shared_mem,3668,2,0.07344
spark,150_10,1,7,gpu_shared_mem,3669,2,0.081056
spark,150_10,1,7,gpu_shared_mem,3670,2,0.100704
spark,150_10,1,7,gpu_shared_mem,3671,1,0.09264
spark,150_10,1,7,gpu_shared_mem,3672,1,0.083744
spark,150_10,1,7,gpu_shared_mem,3673,1,0.067424
spark,150_10,1,7,gpu_shared_mem,3674,2,0.083488
spark,150_10,1,7,gpu_shared_mem,3675,1,0.04976
spark,150_10,1,7,gpu_shared_mem,3676,1,0.036544
spark,150_10,1,7,gpu_shared_mem,3677,2,0.057824
spark,150_10,1,7,gpu_shared_mem,3678,1,0.065088
spark,150_10,1,7,gpu_shared_mem,3679,1,0.10592
spark,150_10,1,7,gpu_shared_mem,3680,1,0.095744
spark,150_10,1,7,gpu_shared_mem,3681,1,0.084512
spark,150_10,1,7,gpu_shared_mem,3682,2,0.084992
spark,150_10,1,7,gpu_shared_mem,3683,3,0.09696
spark,150_10,1,7,gpu_shared_mem,3684,3,0.075872
spark,150_10,1,7,gpu_shared_mem,3685,4,0.107712
spark,150_10,1,7,gpu_shared_mem,3686,5,0.111168
spark,150_10,1,7,gpu_shared_mem,3687,4,0.115936
spark,150_10,1,7,gpu_shared_mem,3688,2,0.044
spark,150_10,1,7,gpu_shared_mem,3689,2,0.089568
spark,150_10,1,7,gpu_shared_mem,3690,2,0.067168
spark,150_10,1,7,gpu_shared_mem,3691,2,0.106816
spark,150_10,1,7,gpu_shared_mem,3692,1,0.110496
spark,150_10,1,7,gpu_shared_mem,3693,2,0.088224
spark,150_10,1,7,gpu_shared_mem,3694,2,0.036032
spark,150_10,1,7,gpu_shared_mem,3695,1,0.058912
spark,150_10,1,7,gpu_shared_mem,3696,1,0.066144
spark,150_10,1,7,gpu_shared_mem,3697,1,0.054656
spark,150_10,1,7,gpu_shared_mem,3698,2,0.06688
spark,150_10,1,7,gpu_shared_mem,3699,1,0.0416
spark,150_10,1,7,gpu_shared_mem,3700,2,0.03744
spark,150_10,1,7,gpu_shared_mem,3701,1,0.0736
spark,150_10,1,7,gpu_shared_mem,3702,2,0.101248
spark,150_10,1,7,gpu_shared_mem,3703,1,0.104384
spark,150_10,1,7,gpu_shared_mem,3704,1,0.039296
spark,150_10,1,7,gpu_shared_mem,3705,1,0.041504
spark,150_10,1,7,gpu_shared_mem,3706,1,0.106752
spark,150_10,1,7,gpu_shared_mem,3707,1,0.02176
spark,150_10,1,7,gpu_shared_mem,3708,1,0.080096
spark,150_10,1,7,gpu_shared_mem,3709,1,0.119072
spark,150_10,1,7,gpu_shared_mem,3710,1,0.109088
spark,150_10,1,7,gpu_shared_mem,3711,1,0.051264
spark,150_10,1,7,gpu_shared_mem,3712,2,0.111648
spark,150_10,1,7,gpu_shared_mem,3713,1,0.0456
spark,150_10,1,7,gpu_shared_mem,3714,1,0.051968
spark,150_10,1,7,gpu_shared_mem,3715,1,0.089632
spark,150_10,1,7,gpu_shared_mem,3716,1,0.055136
spark,150_10,1,7,gpu_shared_mem,3717,1,0.035232
spark,150_10,1,7,gpu_shared_mem,3718,1,0.026112
spark,150_10,1,7,gpu_shared_mem,3719,2,0.07696
spark,150_10,1,7,gpu_shared_mem,3720,3,0.094912
spark,150_10,1,7,gpu_shared_mem,3721,2,0.085824
spark,150_10,1,7,gpu_shared_mem,3722,3,0.104352
spark,150_10,1,7,gpu_shared_mem,3723,2,0.107328
spark,150_10,1,7,gpu_shared_mem,3724,1,0.109088
spark,150_10,1,7,gpu_shared_mem,3725,1,0.0984
spark,150_10,1,7,gpu_shared_mem,3726,1,0.042784
spark,150_10,1,7,gpu_shared_mem,3727,1,0.106336
spark,150_10,1,7,gpu_shared_mem,3728,1,0.097056
spark,150_10,1,7,gpu_shared_mem,3729,1,0.065152
spark,150_10,1,7,gpu_shared_mem,3730,2,0.095392
spark,150_10,1,7,gpu_shared_mem,3731,3,0.107744
spark,150_10,1,7,gpu_shared_mem,3732,2,0.082464
spark,150_10,1,7,gpu_shared_mem,3733,1,0.077792
spark,150_10,1,7,gpu_shared_mem,3734,1,0.08416
spark,150_10,1,7,gpu_shared_mem,3735,1,0.06528
spark,150_10,1,7,gpu_shared_mem,3736,1,0.038816
spark,150_10,1,7,gpu_shared_mem,3737,1,0.035136
spark,150_10,1,7,gpu_shared_mem,3738,1,0.041888
spark,150_10,1,7,gpu_shared_mem,3739,1,0.061312
spark,150_10,1,7,gpu_shared_mem,3740,1,0.07088
spark,150_10,1,7,gpu_shared_mem,3741,1,0.053568
spark,150_10,1,7,gpu_shared_mem,3742,1,0.082784
spark,150_10,1,7,gpu_shared_mem,3743,1,0.109056
spark,150_10,1,8,gpu_last_col,0,18600,5.363904
spark,150_10,1,8,gpu_last_col,1,8550,2.501664
spark,150_10,1,8,gpu_last_col,2,5746,1.704896
spark,150_10,1,8,gpu_last_col,3,3768,1.129088
spark,150_10,1,8,gpu_last_col,4,2499,0.781248
spark,150_10,1,8,gpu_last_col,5,1639,0.534656
spark,150_10,1,8,gpu_last_col,6,1036,0.495296
spark,150_10,1,8,gpu_last_col,7,628,0.263168
spark,150_10,1,8,gpu_last_col,8,367,0.187008
spark,150_10,1,8,gpu_last_col,9,188,0.1008
spark,150_10,1,8,gpu_last_col,10,109,0.088672
spark,150_10,1,8,gpu_last_col,11,47,0.077184
spark,150_10,1,8,gpu_last_col,12,25,0.08
spark,150_10,1,8,gpu_last_col,13,14,0.069536
spark,150_10,1,8,gpu_last_col,14,7,0.06416
spark,150_10,1,8,gpu_last_col,15,4,0.073824
spark,150_10,1,8,gpu_last_col,16,2,0.07168
spark,150_10,1,8,gpu_last_col,17,3,0.074304
spark,150_10,1,8,gpu_last_col,18,3,0.052608
spark,150_10,1,8,gpu_last_col,19,2,0.060128
spark,150_10,1,8,gpu_last_col,20,2,0.070912
spark,150_10,1,8,gpu_last_col,21,2,0.063744
spark,150_10,1,8,gpu_last_col,22,2,0.063008
spark,150_10,1,8,gpu_last_col,23,2,0.079328
spark,150_10,1,8,gpu_last_col,24,1,0.037504
spark,150_10,1,8,gpu_last_col,25,1,0.072384
spark,150_10,1,8,gpu_last_col,26,1,0.049312
spark,150_10,1,8,gpu_last_col,27,2,0.062976
spark,150_10,1,8,gpu_last_col,28,2,0.061664
spark,150_10,1,8,gpu_last_col,29,2,0.074912
spark,150_10,1,8,gpu_last_col,30,1,0.026176
spark,150_10,1,8,gpu_last_col,31,1,0.027392
spark,150_10,1,8,gpu_last_col,32,1,0.071104
spark,150_10,1,8,gpu_last_col,33,2,0.042784
spark,150_10,1,8,gpu_last_col,34,2,0.072704
spark,150_10,1,8,gpu_last_col,35,1,0.052352
spark,150_10,1,8,gpu_last_col,36,1,0.046912
spark,150_10,1,8,gpu_last_col,37,2,0.031296
spark,150_10,1,8,gpu_last_col,38,3,0.052672
spark,150_10,1,8,gpu_last_col,39,3,0.06752
spark,150_10,1,8,gpu_last_col,40,3,0.05792
spark,150_10,1,8,gpu_last_col,41,3,0.074176
spark,150_10,1,8,gpu_last_col,42,2,0.041632
spark,150_10,1,8,gpu_last_col,43,1,0.031648
spark,150_10,1,8,gpu_last_col,44,1,0.031072
spark,150_10,1,8,gpu_last_col,45,1,0.075904
spark,150_10,1,8,gpu_last_col,46,1,0.057504
spark,150_10,1,8,gpu_last_col,47,2,0.066464
spark,150_10,1,8,gpu_last_col,48,2,0.062912
spark,150_10,1,8,gpu_last_col,49,2,0.048512
spark,150_10,1,8,gpu_last_col,50,1,0.036032
spark,150_10,1,8,gpu_last_col,51,1,0.069472
spark,150_10,1,8,gpu_last_col,52,1,0.051232
spark,150_10,1,8,gpu_last_col,53,2,0.067136
spark,150_10,1,8,gpu_last_col,54,2,0.055808
spark,150_10,1,8,gpu_last_col,55,2,0.053024
spark,150_10,1,8,gpu_last_col,56,4,0.069536
spark,150_10,1,8,gpu_last_col,57,5,0.076896
spark,150_10,1,8,gpu_last_col,58,1,0.027296
spark,150_10,1,8,gpu_last_col,59,1,0.070016
spark,150_10,1,8,gpu_last_col,60,1,0.06976
spark,150_10,1,8,gpu_last_col,61,1,0.070944
spark,150_10,1,8,gpu_last_col,62,2,0.07104
spark,150_10,1,8,gpu_last_col,63,2,0.050336
spark,150_10,1,8,gpu_last_col,64,1,0.049568
spark,150_10,1,8,gpu_last_col,65,1,0.052864
spark,150_10,1,8,gpu_last_col,66,1,0.039168
spark,150_10,1,8,gpu_last_col,67,1,0.05552
spark,150_10,1,8,gpu_last_col,68,2,0.07024
spark,150_10,1,8,gpu_last_col,69,3,0.066304
spark,150_10,1,8,gpu_last_col,70,5,0.073632
spark,150_10,1,8,gpu_last_col,71,1,0.052192
spark,150_10,1,8,gpu_last_col,72,2,0.031904
spark,150_10,1,8,gpu_last_col,73,2,0.070784
spark,150_10,1,8,gpu_last_col,74,1,0.040576
spark,150_10,1,8,gpu_last_col,75,1,0.024256
spark,150_10,1,8,gpu_last_col,76,1,0.061312
spark,150_10,1,8,gpu_last_col,77,1,0.06352
spark,150_10,1,8,gpu_last_col,78,1,0.057632
spark,150_10,1,8,gpu_last_col,79,1,0.07184
spark,150_10,1,8,gpu_last_col,80,1,0.047072
spark,150_10,1,8,gpu_last_col,81,1,0.05504
spark,150_10,1,8,gpu_last_col,82,1,0.027392
spark,150_10,1,8,gpu_last_col,83,1,0.077952
spark,150_10,1,8,gpu_last_col,84,1,0.020192
spark,150_10,1,8,gpu_last_col,85,2,0.070464
spark,150_10,1,8,gpu_last_col,86,3,0.059232
spark,150_10,1,8,gpu_last_col,87,3,0.060224
spark,150_10,1,8,gpu_last_col,88,4,0.054368
spark,150_10,1,8,gpu_last_col,89,2,0.071872
spark,150_10,1,8,gpu_last_col,90,2,0.058816
spark,150_10,1,8,gpu_last_col,91,1,0.029152
spark,150_10,1,8,gpu_last_col,92,1,0.030784
spark,150_10,1,8,gpu_last_col,93,1,0.05536
spark,150_10,1,8,gpu_last_col,94,1,0.074912
spark,150_10,1,8,gpu_last_col,95,2,0.038496
spark,150_10,1,8,gpu_last_col,96,1,0.059296
spark,150_10,1,8,gpu_last_col,97,1,0.053024
spark,150_10,1,8,gpu_last_col,98,2,0.072832
spark,150_10,1,8,gpu_last_col,99,1,0.061248
spark,150_10,1,8,gpu_last_col,100,1,0.068032
spark,150_10,1,8,gpu_last_col,101,1,0.071168
spark,150_10,1,8,gpu_last_col,102,1,0.068768
spark,150_10,1,8,gpu_last_col,103,1,0.03824
spark,150_10,1,8,gpu_last_col,104,1,0.061824
spark,150_10,1,8,gpu_last_col,105,1,0.023712
spark,150_10,1,8,gpu_last_col,106,2,0.05504
spark,150_10,1,8,gpu_last_col,107,3,0.072736
spark,150_10,1,8,gpu_last_col,108,3,0.056192
spark,150_10,1,8,gpu_last_col,109,1,0.051968
spark,150_10,1,8,gpu_last_col,110,1,0.061088
spark,150_10,1,8,gpu_last_col,111,1,0.0448
spark,150_10,1,8,gpu_last_col,112,1,0.061856
spark,150_10,1,8,gpu_last_col,113,1,0.03904
spark,150_10,1,8,gpu_last_col,114,1,0.075808
spark,150_10,1,8,gpu_last_col,115,1,0.068608
spark,150_10,1,8,gpu_last_col,116,2,0.030976
spark,150_10,1,8,gpu_last_col,117,2,0.06592
spark,150_10,1,8,gpu_last_col,118,1,0.048768
spark,150_10,1,8,gpu_last_col,119,1,0.03392
spark,150_10,1,8,gpu_last_col,120,1,0.075584
spark,150_10,1,8,gpu_last_col,121,1,0.040416
spark,150_10,1,8,gpu_last_col,122,1,0.026944
spark,150_10,1,8,gpu_last_col,123,2,0.071616
spark,150_10,1,8,gpu_last_col,124,3,0.043808
spark,150_10,1,8,gpu_last_col,125,2,0.068992
spark,150_10,1,8,gpu_last_col,126,2,0.053888
spark,150_10,1,8,gpu_last_col,127,1,0.02928
spark,150_10,1,8,gpu_last_col,128,1,0.057056
spark,150_10,1,8,gpu_last_col,129,1,0.062432
spark,150_10,1,8,gpu_last_col,130,1,0.075808
spark,150_10,1,8,gpu_last_col,131,2,0.070816
spark,150_10,1,8,gpu_last_col,132,1,0.07584
spark,150_10,1,8,gpu_last_col,133,1,0.052608
spark,150_10,1,8,gpu_last_col,134,1,0.054816
spark,150_10,1,8,gpu_last_col,135,2,0.0712
spark,150_10,1,8,gpu_last_col,136,2,0.063424
spark,150_10,1,8,gpu_last_col,137,3,0.057408
spark,150_10,1,8,gpu_last_col,138,4,0.074336
spark,150_10,1,8,gpu_last_col,139,4,0.076896
spark,150_10,1,8,gpu_last_col,140,1,0.049216
spark,150_10,1,8,gpu_last_col,141,1,0.073728
spark,150_10,1,8,gpu_last_col,142,1,0.037888
spark,150_10,1,8,gpu_last_col,143,2,0.049536
spark,150_10,1,8,gpu_last_col,144,2,0.070848
spark,150_10,1,8,gpu_last_col,145,2,0.070464
spark,150_10,1,8,gpu_last_col,146,1,0.025728
spark,150_10,1,8,gpu_last_col,147,1,0.055264
spark,150_10,1,8,gpu_last_col,148,2,0.064416
spark,150_10,1,8,gpu_last_col,149,1,0.03232
spark,150_10,1,8,gpu_last_col,150,1,0.065952
spark,150_10,1,8,gpu_last_col,151,2,0.07152
spark,150_10,1,8,gpu_last_col,152,1,0.044448
spark,150_10,1,8,gpu_last_col,153,2,0.035616
spark,150_10,1,8,gpu_last_col,154,3,0.068352
spark,150_10,1,8,gpu_last_col,155,2,0.070464
spark,150_10,1,8,gpu_last_col,156,1,0.042624
spark,150_10,1,8,gpu_last_col,157,1,0.079456
spark,150_10,1,8,gpu_last_col,158,1,0.0376
spark,150_10,1,8,gpu_last_col,159,2,0.056096
spark,150_10,1,8,gpu_last_col,160,4,0.0728
spark,150_10,1,8,gpu_last_col,161,5,0.07632
spark,150_10,1,8,gpu_last_col,162,5,0.072224
spark,150_10,1,8,gpu_last_col,163,4,0.058496
spark,150_10,1,8,gpu_last_col,164,2,0.07248
spark,150_10,1,8,gpu_last_col,165,1,0.055488
spark,150_10,1,8,gpu_last_col,166,1,0.03296
spark,150_10,1,8,gpu_last_col,167,1,0.059584
spark,150_10,1,8,gpu_last_col,168,2,0.062848
spark,150_10,1,8,gpu_last_col,169,2,0.076448
spark,150_10,1,8,gpu_last_col,170,4,0.076832
spark,150_10,1,8,gpu_last_col,171,4,0.077408
spark,150_10,1,8,gpu_last_col,172,3,0.07232
spark,150_10,1,8,gpu_last_col,173,1,0.076192
spark,150_10,1,8,gpu_last_col,174,2,0.072288
spark,150_10,1,8,gpu_last_col,175,1,0.04832
spark,150_10,1,8,gpu_last_col,176,1,0.023296
spark,150_10,1,8,gpu_last_col,177,2,0.071456
spark,150_10,1,8,gpu_last_col,178,3,0.064032
spark,150_10,1,8,gpu_last_col,179,4,0.071296
spark,150_10,1,8,gpu_last_col,180,4,0.06912
spark,150_10,1,8,gpu_last_col,181,2,0.070752
spark,150_10,1,8,gpu_last_col,182,3,0.05648
spark,150_10,1,8,gpu_last_col,183,4,0.07792
spark,150_10,1,8,gpu_last_col,184,3,0.049568
spark,150_10,1,8,gpu_last_col,185,2,0.057216
spark,150_10,1,8,gpu_last_col,186,1,0.072544
spark,150_10,1,8,gpu_last_col,187,1,0.033696
spark,150_10,1,8,gpu_last_col,188,2,0.066272
spark,150_10,1,8,gpu_last_col,189,4,0.066048
spark,150_10,1,8,gpu_last_col,190,3,0.040832
spark,150_10,1,8,gpu_last_col,191,2,0.032288
spark,150_10,1,8,gpu_last_col,192,2,0.0624
spark,150_10,1,8,gpu_last_col,193,1,0.051616
spark,150_10,1,8,gpu_last_col,194,1,0.052416
spark,150_10,1,8,gpu_last_col,195,1,0.024928
spark,150_10,1,8,gpu_last_col,196,1,0.071808
spark,150_10,1,8,gpu_last_col,197,1,0.078976
spark,150_10,1,8,gpu_last_col,198,1,0.051296
spark,150_10,1,8,gpu_last_col,199,1,0.068768
spark,150_10,1,8,gpu_last_col,200,2,0.056256
spark,150_10,1,8,gpu_last_col,201,3,0.075072
spark,150_10,1,8,gpu_last_col,202,1,0.062656
spark,150_10,1,8,gpu_last_col,203,1,0.052416
spark,150_10,1,8,gpu_last_col,204,2,0.050624
spark,150_10,1,8,gpu_last_col,205,1,0.080032
spark,150_10,1,8,gpu_last_col,206,1,0.070784
spark,150_10,1,8,gpu_last_col,207,1,0.028928
spark,150_10,1,8,gpu_last_col,208,2,0.058176
spark,150_10,1,8,gpu_last_col,209,3,0.073568
spark,150_10,1,8,gpu_last_col,210,4,0.069984
spark,150_10,1,8,gpu_last_col,211,3,0.05952
spark,150_10,1,8,gpu_last_col,212,1,0.076704
spark,150_10,1,8,gpu_last_col,213,2,0.066528
spark,150_10,1,8,gpu_last_col,214,3,0.066784
spark,150_10,1,8,gpu_last_col,215,1,0.027808
spark,150_10,1,8,gpu_last_col,216,1,0.065024
spark,150_10,1,8,gpu_last_col,217,1,0.049536
spark,150_10,1,8,gpu_last_col,218,1,0.048352
spark,150_10,1,8,gpu_last_col,219,1,0.042656
spark,150_10,1,8,gpu_last_col,220,2,0.048224
spark,150_10,1,8,gpu_last_col,221,2,0.062592
spark,150_10,1,8,gpu_last_col,222,3,0.076576
spark,150_10,1,8,gpu_last_col,223,2,0.039168
spark,150_10,1,8,gpu_last_col,224,1,0.024512
spark,150_10,1,8,gpu_last_col,225,1,0.043744
spark,150_10,1,8,gpu_last_col,226,1,0.032032
spark,150_10,1,8,gpu_last_col,227,1,0.021984
spark,150_10,1,8,gpu_last_col,228,1,0.053408
spark,150_10,1,8,gpu_last_col,229,1,0.026816
spark,150_10,1,8,gpu_last_col,230,1,0.044384
spark,150_10,1,8,gpu_last_col,231,1,0.056512
spark,150_10,1,8,gpu_last_col,232,1,0.053888
spark,150_10,1,8,gpu_last_col,233,2,0.024128
spark,150_10,1,8,gpu_last_col,234,3,0.063744
spark,150_10,1,8,gpu_last_col,235,4,0.062336
spark,150_10,1,8,gpu_last_col,236,5,0.06272
spark,150_10,1,8,gpu_last_col,237,3,0.047264
spark,150_10,1,8,gpu_last_col,238,1,0.076128
spark,150_10,1,8,gpu_last_col,239,1,0.075584
spark,150_10,1,8,gpu_last_col,240,1,0.035296
spark,150_10,1,8,gpu_last_col,241,1,0.037248
spark,150_10,1,8,gpu_last_col,242,1,0.057344
spark,150_10,1,8,gpu_last_col,243,1,0.045632
spark,150_10,1,8,gpu_last_col,244,1,0.0704
spark,150_10,1,8,gpu_last_col,245,2,0.054816
spark,150_10,1,8,gpu_last_col,246,3,0.07632
spark,150_10,1,8,gpu_last_col,247,3,0.074944
spark,150_10,1,8,gpu_last_col,248,2,0.062432
spark,150_10,1,8,gpu_last_col,249,3,0.072928
spark,150_10,1,8,gpu_last_col,250,3,0.077376
spark,150_10,1,8,gpu_last_col,251,2,0.068608
spark,150_10,1,8,gpu_last_col,252,2,0.063008
spark,150_10,1,8,gpu_last_col,253,1,0.04576
spark,150_10,1,8,gpu_last_col,254,1,0.074112
spark,150_10,1,8,gpu_last_col,255,2,0.062848
spark,150_10,1,8,gpu_last_col,256,3,0.057152
spark,150_10,1,8,gpu_last_col,257,4,0.074912
spark,150_10,1,8,gpu_last_col,258,4,0.06336
spark,150_10,1,8,gpu_last_col,259,4,0.064064
spark,150_10,1,8,gpu_last_col,260,4,0.066848
spark,150_10,1,8,gpu_last_col,261,2,0.053632
spark,150_10,1,8,gpu_last_col,262,2,0.07504
spark,150_10,1,8,gpu_last_col,263,3,0.06256
spark,150_10,1,8,gpu_last_col,264,1,0.026816
spark,150_10,1,8,gpu_last_col,265,1,0.064672
spark,150_10,1,8,gpu_last_col,266,1,0.077088
spark,150_10,1,8,gpu_last_col,267,1,0.044032
spark,150_10,1,8,gpu_last_col,268,2,0.063456
spark,150_10,1,8,gpu_last_col,269,1,0.055776
spark,150_10,1,8,gpu_last_col,270,1,0.060448
spark,150_10,1,8,gpu_last_col,271,1,0.050848
spark,150_10,1,8,gpu_last_col,272,2,0.074816
spark,150_10,1,8,gpu_last_col,273,2,0.045984
spark,150_10,1,8,gpu_last_col,274,2,0.052512
spark,150_10,1,8,gpu_last_col,275,2,0.054784
spark,150_10,1,8,gpu_last_col,276,3,0.059744
spark,150_10,1,8,gpu_last_col,277,3,0.066144
spark,150_10,1,8,gpu_last_col,278,3,0.0608
spark,150_10,1,8,gpu_last_col,279,2,0.078976
spark,150_10,1,8,gpu_last_col,280,2,0.074784
spark,150_10,1,8,gpu_last_col,281,1,0.037472
spark,150_10,1,8,gpu_last_col,282,2,0.042528
spark,150_10,1,8,gpu_last_col,283,1,0.071456
spark,150_10,1,8,gpu_last_col,284,1,0.031872
spark,150_10,1,8,gpu_last_col,285,1,0.027808
spark,150_10,1,8,gpu_last_col,286,1,0.03328
spark,150_10,1,8,gpu_last_col,287,1,0.075904
spark,150_10,1,8,gpu_last_col,288,1,0.040672
spark,150_10,1,8,gpu_last_col,289,1,0.058496
spark,150_10,1,8,gpu_last_col,290,1,0.052192
spark,150_10,1,8,gpu_last_col,291,1,0.05136
spark,150_10,1,8,gpu_last_col,292,1,0.038496
spark,150_10,1,8,gpu_last_col,293,2,0.067392
spark,150_10,1,8,gpu_last_col,294,2,0.04992
spark,150_10,1,8,gpu_last_col,295,2,0.054336
spark,150_10,1,8,gpu_last_col,296,3,0.069248
spark,150_10,1,8,gpu_last_col,297,1,0.043552
spark,150_10,1,8,gpu_last_col,298,2,0.032032
spark,150_10,1,8,gpu_last_col,299,1,0.055424
spark,150_10,1,8,gpu_last_col,300,1,0.06976
spark,150_10,1,8,gpu_last_col,301,1,0.041536
spark,150_10,1,8,gpu_last_col,302,1,0.036352
spark,150_10,1,8,gpu_last_col,303,1,0.071072
spark,150_10,1,8,gpu_last_col,304,1,0.057984
spark,150_10,1,8,gpu_last_col,305,1,0.050944
spark,150_10,1,8,gpu_last_col,306,1,0.036288
spark,150_10,1,8,gpu_last_col,307,1,0.03344
spark,150_10,1,8,gpu_last_col,308,2,0.076096
spark,150_10,1,8,gpu_last_col,309,2,0.069216
spark,150_10,1,8,gpu_last_col,310,1,0.028128
spark,150_10,1,8,gpu_last_col,311,1,0.065888
spark,150_10,1,8,gpu_last_col,312,1,0.023776
spark,150_10,1,8,gpu_last_col,313,2,0.040832
spark,150_10,1,8,gpu_last_col,314,1,0.042528
spark,150_10,1,8,gpu_last_col,315,1,0.062048
spark,150_10,1,8,gpu_last_col,316,1,0.031328
spark,150_10,1,8,gpu_last_col,317,1,0.051552
spark,150_10,1,8,gpu_last_col,318,2,0.050048
spark,150_10,1,8,gpu_last_col,319,3,0.070912
spark,150_10,1,8,gpu_last_col,320,2,0.054528
spark,150_10,1,8,gpu_last_col,321,1,0.027808
spark,150_10,1,8,gpu_last_col,322,1,0.048416
spark,150_10,1,8,gpu_last_col,323,1,0.066176
spark,150_10,1,8,gpu_last_col,324,1,0.042432
spark,150_10,1,8,gpu_last_col,325,1,0.064064
spark,150_10,1,8,gpu_last_col,326,1,0.029824
spark,150_10,1,8,gpu_last_col,327,1,0.071296
spark,150_10,1,8,gpu_last_col,328,2,0.054816
spark,150_10,1,8,gpu_last_col,329,3,0.07232
spark,150_10,1,8,gpu_last_col,330,1,0.041312
spark,150_10,1,8,gpu_last_col,331,1,0.067264
spark,150_10,1,8,gpu_last_col,332,1,0.031872
spark,150_10,1,8,gpu_last_col,333,1,0.025696
spark,150_10,1,8,gpu_last_col,334,1,0.027808
spark,150_10,1,8,gpu_last_col,335,1,0.04512
spark,150_10,1,8,gpu_last_col,336,2,0.04608
spark,150_10,1,8,gpu_last_col,337,4,0.048576
spark,150_10,1,8,gpu_last_col,338,4,0.064672
spark,150_10,1,8,gpu_last_col,339,4,0.06464
spark,150_10,1,8,gpu_last_col,340,2,0.050528
spark,150_10,1,8,gpu_last_col,341,1,0.050624
spark,150_10,1,8,gpu_last_col,342,1,0.032096
spark,150_10,1,8,gpu_last_col,343,1,0.052
spark,150_10,1,8,gpu_last_col,344,2,0.075904
spark,150_10,1,8,gpu_last_col,345,3,0.05728
spark,150_10,1,8,gpu_last_col,346,3,0.065088
spark,150_10,1,8,gpu_last_col,347,3,0.053632
spark,150_10,1,8,gpu_last_col,348,3,0.046208
spark,150_10,1,8,gpu_last_col,349,1,0.074144
spark,150_10,1,8,gpu_last_col,350,2,0.056864
spark,150_10,1,8,gpu_last_col,351,1,0.056192
spark,150_10,1,8,gpu_last_col,352,1,0.069152
spark,150_10,1,8,gpu_last_col,353,1,0.069088
spark,150_10,1,8,gpu_last_col,354,1,0.047168
spark,150_10,1,8,gpu_last_col,355,2,0.029888
spark,150_10,1,8,gpu_last_col,356,3,0.056704
spark,150_10,1,8,gpu_last_col,357,3,0.041856
spark,150_10,1,8,gpu_last_col,358,3,0.070592
spark,150_10,1,8,gpu_last_col,359,3,0.054144
spark,150_10,1,8,gpu_last_col,360,2,0.070624
spark,150_10,1,8,gpu_last_col,361,3,0.078752
spark,150_10,1,8,gpu_last_col,362,3,0.068736
spark,150_10,1,8,gpu_last_col,363,2,0.073824
spark,150_10,1,8,gpu_last_col,364,1,0.070496
spark,150_10,1,8,gpu_last_col,365,2,0.048288
spark,150_10,1,8,gpu_last_col,366,1,0.035424
spark,150_10,1,8,gpu_last_col,367,1,0.043456
spark,150_10,1,8,gpu_last_col,368,1,0.053664
spark,150_10,1,8,gpu_last_col,369,1,0.057344
spark,150_10,1,8,gpu_last_col,370,1,0.055072
spark,150_10,1,8,gpu_last_col,371,2,0.072352
spark,150_10,1,8,gpu_last_col,372,3,0.055392
spark,150_10,1,8,gpu_last_col,373,2,0.065696
spark,150_10,1,8,gpu_last_col,374,3,0.065408
spark,150_10,1,8,gpu_last_col,375,2,0.069888
spark,150_10,1,8,gpu_last_col,376,1,0.052224
spark,150_10,1,8,gpu_last_col,377,1,0.034944
spark,150_10,1,8,gpu_last_col,378,1,0.0544
spark,150_10,1,8,gpu_last_col,379,1,0.022304
spark,150_10,1,8,gpu_last_col,380,2,0.058208
spark,150_10,1,8,gpu_last_col,381,1,0.038464
spark,150_10,1,8,gpu_last_col,382,1,0.055232
spark,150_10,1,8,gpu_last_col,383,2,0.06496
spark,150_10,1,8,gpu_last_col,384,3,0.070368
spark,150_10,1,8,gpu_last_col,385,2,0.052928
spark,150_10,1,8,gpu_last_col,386,3,0.0552
spark,150_10,1,8,gpu_last_col,387,3,0.058464
spark,150_10,1,8,gpu_last_col,388,1,0.073024
spark,150_10,1,8,gpu_last_col,389,1,0.074848
spark,150_10,1,8,gpu_last_col,390,1,0.050656
spark,150_10,1,8,gpu_last_col,391,1,0.062816
spark,150_10,1,8,gpu_last_col,392,2,0.071616
spark,150_10,1,8,gpu_last_col,393,3,0.05648
spark,150_10,1,8,gpu_last_col,394,1,0.02112
spark,150_10,1,8,gpu_last_col,395,2,0.051296
spark,150_10,1,8,gpu_last_col,396,3,0.077248
spark,150_10,1,8,gpu_last_col,397,2,0.066176
spark,150_10,1,8,gpu_last_col,398,1,0.045216
spark,150_10,1,8,gpu_last_col,399,2,0.033632
spark,150_10,1,8,gpu_last_col,400,2,0.067552
spark,150_10,1,8,gpu_last_col,401,1,0.0736
spark,150_10,1,8,gpu_last_col,402,1,0.05456
spark,150_10,1,8,gpu_last_col,403,1,0.034016
spark,150_10,1,8,gpu_last_col,404,2,0.061088
spark,150_10,1,8,gpu_last_col,405,3,0.068416
spark,150_10,1,8,gpu_last_col,406,2,0.074176
spark,150_10,1,8,gpu_last_col,407,2,0.054016
spark,150_10,1,8,gpu_last_col,408,1,0.01968
spark,150_10,1,8,gpu_last_col,409,2,0.044864
spark,150_10,1,8,gpu_last_col,410,2,0.039104
spark,150_10,1,8,gpu_last_col,411,1,0.060288
spark,150_10,1,8,gpu_last_col,412,1,0.040992
spark,150_10,1,8,gpu_last_col,413,1,0.069248
spark,150_10,1,8,gpu_last_col,414,1,0.036448
spark,150_10,1,8,gpu_last_col,415,1,0.075456
spark,150_10,1,8,gpu_last_col,416,1,0.039584
spark,150_10,1,8,gpu_last_col,417,1,0.072352
spark,150_10,1,8,gpu_last_col,418,2,0.068896
spark,150_10,1,8,gpu_last_col,419,2,0.072384
spark,150_10,1,8,gpu_last_col,420,3,0.069184
spark,150_10,1,8,gpu_last_col,421,6,0.065856
spark,150_10,1,8,gpu_last_col,422,5,0.072256
spark,150_10,1,8,gpu_last_col,423,2,0.060576
spark,150_10,1,8,gpu_last_col,424,2,0.060992
spark,150_10,1,8,gpu_last_col,425,3,0.075456
spark,150_10,1,8,gpu_last_col,426,4,0.043744
spark,150_10,1,8,gpu_last_col,427,2,0.07888
spark,150_10,1,8,gpu_last_col,428,1,0.054912
spark,150_10,1,8,gpu_last_col,429,1,0.063136
spark,150_10,1,8,gpu_last_col,430,1,0.072832
spark,150_10,1,8,gpu_last_col,431,1,0.076192
spark,150_10,1,8,gpu_last_col,432,2,0.067328
spark,150_10,1,8,gpu_last_col,433,3,0.069824
spark,150_10,1,8,gpu_last_col,434,4,0.065472
spark,150_10,1,8,gpu_last_col,435,3,0.073728
spark,150_10,1,8,gpu_last_col,436,3,0.065568
spark,150_10,1,8,gpu_last_col,437,2,0.073024
spark,150_10,1,8,gpu_last_col,438,1,0.050528
spark,150_10,1,8,gpu_last_col,439,1,0.0632
spark,150_10,1,8,gpu_last_col,440,1,0.062976
spark,150_10,1,8,gpu_last_col,441,1,0.031456
spark,150_10,1,8,gpu_last_col,442,1,0.031168
spark,150_10,1,8,gpu_last_col,443,1,0.035232
spark,150_10,1,8,gpu_last_col,444,1,0.067744
spark,150_10,1,8,gpu_last_col,445,1,0.0608
spark,150_10,1,8,gpu_last_col,446,1,0.049344
spark,150_10,1,8,gpu_last_col,447,1,0.0512
spark,150_10,1,8,gpu_last_col,448,1,0.048736
spark,150_10,1,8,gpu_last_col,449,1,0.07136
spark,150_10,1,8,gpu_last_col,450,1,0.075296
spark,150_10,1,8,gpu_last_col,451,1,0.024
spark,150_10,1,8,gpu_last_col,452,2,0.041248
spark,150_10,1,8,gpu_last_col,453,1,0.059456
spark,150_10,1,8,gpu_last_col,454,1,0.027808
spark,150_10,1,8,gpu_last_col,455,1,0.026496
spark,150_10,1,8,gpu_last_col,456,1,0.069504
spark,150_10,1,8,gpu_last_col,457,2,0.075808
spark,150_10,1,8,gpu_last_col,458,2,0.07696
spark,150_10,1,8,gpu_last_col,459,1,0.023808
spark,150_10,1,8,gpu_last_col,460,1,0.067136
spark,150_10,1,8,gpu_last_col,461,1,0.039488
spark,150_10,1,8,gpu_last_col,462,2,0.062624
spark,150_10,1,8,gpu_last_col,463,2,0.063584
spark,150_10,1,8,gpu_last_col,464,2,0.074368
spark,150_10,1,8,gpu_last_col,465,1,0.07104
spark,150_10,1,8,gpu_last_col,466,1,0.027936
spark,150_10,1,8,gpu_last_col,467,1,0.0408
spark,150_10,1,8,gpu_last_col,468,2,0.057536
spark,150_10,1,8,gpu_last_col,469,2,0.04896
spark,150_10,1,8,gpu_last_col,470,1,0.067488
spark,150_10,1,8,gpu_last_col,471,1,0.060992
spark,150_10,1,8,gpu_last_col,472,1,0.069024
spark,150_10,1,8,gpu_last_col,473,2,0.051808
spark,150_10,1,8,gpu_last_col,474,1,0.03488
spark,150_10,1,8,gpu_last_col,475,1,0.05312
spark,150_10,1,8,gpu_last_col,476,1,0.049056
spark,150_10,1,8,gpu_last_col,477,1,0.059904
spark,150_10,1,8,gpu_last_col,478,1,0.046464
spark,150_10,1,8,gpu_last_col,479,1,0.028832
spark,150_10,1,8,gpu_last_col,480,1,0.040288
spark,150_10,1,8,gpu_last_col,481,2,0.059488
spark,150_10,1,8,gpu_last_col,482,4,0.072512
spark,150_10,1,8,gpu_last_col,483,5,0.067392
spark,150_10,1,8,gpu_last_col,484,4,0.070528
spark,150_10,1,8,gpu_last_col,485,1,0.040992
spark,150_10,1,8,gpu_last_col,486,1,0.042144
spark,150_10,1,8,gpu_last_col,487,1,0.073888
spark,150_10,1,8,gpu_last_col,488,1,0.070016
spark,150_10,1,8,gpu_last_col,489,1,0.063008
spark,150_10,1,8,gpu_last_col,490,1,0.023424
spark,150_10,1,8,gpu_last_col,491,2,0.03696
spark,150_10,1,8,gpu_last_col,492,2,0.06432
spark,150_10,1,8,gpu_last_col,493,2,0.068256
spark,150_10,1,8,gpu_last_col,494,1,0.042752
spark,150_10,1,8,gpu_last_col,495,1,0.023776
spark,150_10,1,8,gpu_last_col,496,1,0.05424
spark,150_10,1,8,gpu_last_col,497,1,0.052192
spark,150_10,1,8,gpu_last_col,498,1,0.03136
spark,150_10,1,8,gpu_last_col,499,1,0.04944
spark,150_10,1,8,gpu_last_col,500,1,0.053664
spark,150_10,1,8,gpu_last_col,501,2,0.075296
spark,150_10,1,8,gpu_last_col,502,3,0.07408
spark,150_10,1,8,gpu_last_col,503,5,0.074464
spark,150_10,1,8,gpu_last_col,504,4,0.074624
spark,150_10,1,8,gpu_last_col,505,3,0.076224
spark,150_10,1,8,gpu_last_col,506,4,0.06976
spark,150_10,1,8,gpu_last_col,507,2,0.052736
spark,150_10,1,8,gpu_last_col,508,2,0.059552
spark,150_10,1,8,gpu_last_col,509,1,0.061792
spark,150_10,1,8,gpu_last_col,510,1,0.077696
spark,150_10,1,8,gpu_last_col,511,1,0.054144
spark,150_10,1,8,gpu_last_col,512,1,0.060352
spark,150_10,1,8,gpu_last_col,513,1,0.04336
spark,150_10,1,8,gpu_last_col,514,2,0.0568
spark,150_10,1,8,gpu_last_col,515,2,0.050464
spark,150_10,1,8,gpu_last_col,516,3,0.051616
spark,150_10,1,8,gpu_last_col,517,4,0.060448
spark,150_10,1,8,gpu_last_col,518,1,0.059104
spark,150_10,1,8,gpu_last_col,519,1,0.071744
spark,150_10,1,8,gpu_last_col,520,1,0.071872
spark,150_10,1,8,gpu_last_col,521,1,0.0312
spark,150_10,1,8,gpu_last_col,522,2,0.076352
spark,150_10,1,8,gpu_last_col,523,3,0.061376
spark,150_10,1,8,gpu_last_col,524,4,0.067872
spark,150_10,1,8,gpu_last_col,525,3,0.0584
spark,150_10,1,8,gpu_last_col,526,2,0.067648
spark,150_10,1,8,gpu_last_col,527,2,0.077184
spark,150_10,1,8,gpu_last_col,528,1,0.049248
spark,150_10,1,8,gpu_last_col,529,1,0.02512
spark,150_10,1,8,gpu_last_col,530,1,0.062624
spark,150_10,1,8,gpu_last_col,531,1,0.057504
spark,150_10,1,8,gpu_last_col,532,1,0.043872
spark,150_10,1,8,gpu_last_col,533,1,0.02448
spark,150_10,1,8,gpu_last_col,534,1,0.029216
spark,150_10,1,8,gpu_last_col,535,1,0.054944
spark,150_10,1,8,gpu_last_col,536,1,0.05056
spark,150_10,1,8,gpu_last_col,537,1,0.070496
spark,150_10,1,8,gpu_last_col,538,1,0.0832
spark,150_10,1,8,gpu_last_col,539,1,0.034112
spark,150_10,1,8,gpu_last_col,540,1,0.053376
spark,150_10,1,8,gpu_last_col,541,1,0.041376
spark,150_10,1,8,gpu_last_col,542,1,0.050432
spark,150_10,1,8,gpu_last_col,543,1,0.025632
spark,150_10,1,8,gpu_last_col,544,1,0.071552
spark,150_10,1,8,gpu_last_col,545,1,0.041024
spark,150_10,1,8,gpu_last_col,546,1,0.052064
spark,150_10,1,8,gpu_last_col,547,1,0.076864
spark,150_10,1,8,gpu_last_col,548,2,0.064896
spark,150_10,1,8,gpu_last_col,549,4,0.085888
spark,150_10,1,8,gpu_last_col,550,5,0.068608
spark,150_10,1,8,gpu_last_col,551,5,0.080224
spark,150_10,1,8,gpu_last_col,552,3,0.074976
spark,150_10,1,8,gpu_last_col,553,3,0.059872
spark,150_10,1,8,gpu_last_col,554,1,0.040096
spark,150_10,1,8,gpu_last_col,555,1,0.082176
spark,150_10,1,8,gpu_last_col,556,1,0.025952
spark,150_10,1,8,gpu_last_col,557,1,0.039328
spark,150_10,1,8,gpu_last_col,558,2,0.055264
spark,150_10,1,8,gpu_last_col,559,3,0.069408
spark,150_10,1,8,gpu_last_col,560,4,0.063744
spark,150_10,1,8,gpu_last_col,561,6,0.066528
spark,150_10,1,8,gpu_last_col,562,4,0.078848
spark,150_10,1,8,gpu_last_col,563,3,0.05744
spark,150_10,1,8,gpu_last_col,564,2,0.048704
spark,150_10,1,8,gpu_last_col,565,3,0.07488
spark,150_10,1,8,gpu_last_col,566,1,0.075936
spark,150_10,1,8,gpu_last_col,567,1,0.069952
spark,150_10,1,8,gpu_last_col,568,1,0.042688
spark,150_10,1,8,gpu_last_col,569,1,0.065632
spark,150_10,1,8,gpu_last_col,570,2,0.068768
spark,150_10,1,8,gpu_last_col,571,4,0.076128
spark,150_10,1,8,gpu_last_col,572,5,0.085792
spark,150_10,1,8,gpu_last_col,573,4,0.100064
spark,150_10,1,8,gpu_last_col,574,3,0.074784
spark,150_10,1,8,gpu_last_col,575,1,0.050048
spark,150_10,1,8,gpu_last_col,576,1,0.075104
spark,150_10,1,8,gpu_last_col,577,1,0.076192
spark,150_10,1,8,gpu_last_col,578,1,0.026944
spark,150_10,1,8,gpu_last_col,579,1,0.053472
spark,150_10,1,8,gpu_last_col,580,2,0.05424
spark,150_10,1,8,gpu_last_col,581,2,0.057408
spark,150_10,1,8,gpu_last_col,582,2,0.070336
spark,150_10,1,8,gpu_last_col,583,3,0.052704
spark,150_10,1,8,gpu_last_col,584,3,0.068544
spark,150_10,1,8,gpu_last_col,585,2,0.076032
spark,150_10,1,8,gpu_last_col,586,2,0.068
spark,150_10,1,8,gpu_last_col,587,2,0.074496
spark,150_10,1,8,gpu_last_col,588,2,0.065664
spark,150_10,1,8,gpu_last_col,589,1,0.032448
spark,150_10,1,8,gpu_last_col,590,1,0.057408
spark,150_10,1,8,gpu_last_col,591,1,0.074368
spark,150_10,1,8,gpu_last_col,592,1,0.026624
spark,150_10,1,8,gpu_last_col,593,2,0.045888
spark,150_10,1,8,gpu_last_col,594,4,0.074112
spark,150_10,1,8,gpu_last_col,595,3,0.0464
spark,150_10,1,8,gpu_last_col,596,3,0.071968
spark,150_10,1,8,gpu_last_col,597,2,0.07152
spark,150_10,1,8,gpu_last_col,598,1,0.032992
spark,150_10,1,8,gpu_last_col,599,2,0.050656
spark,150_10,1,8,gpu_last_col,600,2,0.05424
spark,150_10,1,8,gpu_last_col,601,3,0.076832
spark,150_10,1,8,gpu_last_col,602,1,0.052064
spark,150_10,1,8,gpu_last_col,603,1,0.071328
spark,150_10,1,8,gpu_last_col,604,1,0.048928
spark,150_10,1,8,gpu_last_col,605,2,0.0408
spark,150_10,1,8,gpu_last_col,606,3,0.074688
spark,150_10,1,8,gpu_last_col,607,3,0.069088
spark,150_10,1,8,gpu_last_col,608,2,0.069856
spark,150_10,1,8,gpu_last_col,609,1,0.047776
spark,150_10,1,8,gpu_last_col,610,1,0.02448
spark,150_10,1,8,gpu_last_col,611,1,0.057728
spark,150_10,1,8,gpu_last_col,612,2,0.044512
spark,150_10,1,8,gpu_last_col,613,1,0.048288
spark,150_10,1,8,gpu_last_col,614,1,0.050816
spark,150_10,1,8,gpu_last_col,615,1,0.057312
spark,150_10,1,8,gpu_last_col,616,1,0.056096
spark,150_10,1,8,gpu_last_col,617,2,0.074432
spark,150_10,1,8,gpu_last_col,618,2,0.042144
spark,150_10,1,8,gpu_last_col,619,1,0.024992
spark,150_10,1,8,gpu_last_col,620,2,0.070496
spark,150_10,1,8,gpu_last_col,621,2,0.051552
spark,150_10,1,8,gpu_last_col,622,2,0.078144
spark,150_10,1,8,gpu_last_col,623,1,0.042144
spark,150_10,1,8,gpu_last_col,624,1,0.043392
spark,150_10,1,8,gpu_last_col,625,1,0.048544
spark,150_10,1,8,gpu_last_col,626,2,0.048544
spark,150_10,1,8,gpu_last_col,627,2,0.075232
spark,150_10,1,8,gpu_last_col,628,2,0.06752
spark,150_10,1,8,gpu_last_col,629,2,0.061856
spark,150_10,1,8,gpu_last_col,630,2,0.0784
spark,150_10,1,8,gpu_last_col,631,2,0.037024
spark,150_10,1,8,gpu_last_col,632,1,0.049568
spark,150_10,1,8,gpu_last_col,633,1,0.057984
spark,150_10,1,8,gpu_last_col,634,1,0.072896
spark,150_10,1,8,gpu_last_col,635,1,0.047264
spark,150_10,1,8,gpu_last_col,636,1,0.03344
spark,150_10,1,8,gpu_last_col,637,1,0.045568
spark,150_10,1,8,gpu_last_col,638,2,0.071136
spark,150_10,1,8,gpu_last_col,639,2,0.068672
spark,150_10,1,8,gpu_last_col,640,2,0.0656
spark,150_10,1,8,gpu_last_col,641,2,0.07696
spark,150_10,1,8,gpu_last_col,642,1,0.02368
spark,150_10,1,8,gpu_last_col,643,1,0.030944
spark,150_10,1,8,gpu_last_col,644,1,0.075488
spark,150_10,1,8,gpu_last_col,645,1,0.027232
spark,150_10,1,8,gpu_last_col,646,1,0.068736
spark,150_10,1,8,gpu_last_col,647,2,0.064672
spark,150_10,1,8,gpu_last_col,648,3,0.073632
spark,150_10,1,8,gpu_last_col,649,3,0.063392
spark,150_10,1,8,gpu_last_col,650,3,0.075296
spark,150_10,1,8,gpu_last_col,651,2,0.069408
spark,150_10,1,8,gpu_last_col,652,1,0.07488
spark,150_10,1,8,gpu_last_col,653,1,0.035424
spark,150_10,1,8,gpu_last_col,654,1,0.054304
spark,150_10,1,8,gpu_last_col,655,1,0.06432
spark,150_10,1,8,gpu_last_col,656,2,0.05568
spark,150_10,1,8,gpu_last_col,657,2,0.042944
spark,150_10,1,8,gpu_last_col,658,4,0.07408
spark,150_10,1,8,gpu_last_col,659,3,0.076928
spark,150_10,1,8,gpu_last_col,660,3,0.070752
spark,150_10,1,8,gpu_last_col,661,1,0.06464
spark,150_10,1,8,gpu_last_col,662,1,0.054624
spark,150_10,1,8,gpu_last_col,663,1,0.065952
spark,150_10,1,8,gpu_last_col,664,1,0.035712
spark,150_10,1,8,gpu_last_col,665,2,0.069632
spark,150_10,1,8,gpu_last_col,666,2,0.063776
spark,150_10,1,8,gpu_last_col,667,2,0.06752
spark,150_10,1,8,gpu_last_col,668,2,0.058912
spark,150_10,1,8,gpu_last_col,669,1,0.046208
spark,150_10,1,8,gpu_last_col,670,1,0.071648
spark,150_10,1,8,gpu_last_col,671,2,0.074176
spark,150_10,1,8,gpu_last_col,672,4,0.073312
spark,150_10,1,8,gpu_last_col,673,7,0.076096
spark,150_10,1,8,gpu_last_col,674,5,0.074272
spark,150_10,1,8,gpu_last_col,675,4,0.077568
spark,150_10,1,8,gpu_last_col,676,3,0.067904
spark,150_10,1,8,gpu_last_col,677,3,0.047648
spark,150_10,1,8,gpu_last_col,678,3,0.07696
spark,150_10,1,8,gpu_last_col,679,2,0.07712
spark,150_10,1,8,gpu_last_col,680,2,0.078144
spark,150_10,1,8,gpu_last_col,681,1,0.07328
spark,150_10,1,8,gpu_last_col,682,1,0.073408
spark,150_10,1,8,gpu_last_col,683,2,0.06896
spark,150_10,1,8,gpu_last_col,684,2,0.07584
spark,150_10,1,8,gpu_last_col,685,2,0.075936
spark,150_10,1,8,gpu_last_col,686,2,0.057472
spark,150_10,1,8,gpu_last_col,687,2,0.061824
spark,150_10,1,8,gpu_last_col,688,1,0.04032
spark,150_10,1,8,gpu_last_col,689,2,0.05392
spark,150_10,1,8,gpu_last_col,690,1,0.056032
spark,150_10,1,8,gpu_last_col,691,2,0.058496
spark,150_10,1,8,gpu_last_col,692,1,0.043552
spark,150_10,1,8,gpu_last_col,693,1,0.0336
spark,150_10,1,8,gpu_last_col,694,1,0.026784
spark,150_10,1,8,gpu_last_col,695,1,0.055584
spark,150_10,1,8,gpu_last_col,696,2,0.064672
spark,150_10,1,8,gpu_last_col,697,2,0.05776
spark,150_10,1,8,gpu_last_col,698,3,0.061504
spark,150_10,1,8,gpu_last_col,699,2,0.07392
spark,150_10,1,8,gpu_last_col,700,1,0.066816
spark,150_10,1,8,gpu_last_col,701,1,0.046656
spark,150_10,1,8,gpu_last_col,702,1,0.04768
spark,150_10,1,8,gpu_last_col,703,1,0.070688
spark,150_10,1,8,gpu_last_col,704,1,0.046432
spark,150_10,1,8,gpu_last_col,705,1,0.071872
spark,150_10,1,8,gpu_last_col,706,1,0.075104
spark,150_10,1,8,gpu_last_col,707,1,0.053984
spark,150_10,1,8,gpu_last_col,708,1,0.061664
spark,150_10,1,8,gpu_last_col,709,1,0.072
spark,150_10,1,8,gpu_last_col,710,1,0.02016
spark,150_10,1,8,gpu_last_col,711,1,0.031392
spark,150_10,1,8,gpu_last_col,712,1,0.041856
spark,150_10,1,8,gpu_last_col,713,1,0.056192
spark,150_10,1,8,gpu_last_col,714,1,0.03632
spark,150_10,1,8,gpu_last_col,715,1,0.059104
spark,150_10,1,8,gpu_last_col,716,1,0.057216
spark,150_10,1,8,gpu_last_col,717,1,0.039648
spark,150_10,1,8,gpu_last_col,718,2,0.057408
spark,150_10,1,8,gpu_last_col,719,1,0.059488
spark,150_10,1,8,gpu_last_col,720,2,0.06208
spark,150_10,1,8,gpu_last_col,721,3,0.041568
spark,150_10,1,8,gpu_last_col,722,2,0.075744
spark,150_10,1,8,gpu_last_col,723,2,0.056
spark,150_10,1,8,gpu_last_col,724,2,0.07648
spark,150_10,1,8,gpu_last_col,725,1,0.02864
spark,150_10,1,8,gpu_last_col,726,1,0.043648
spark,150_10,1,8,gpu_last_col,727,2,0.066688
spark,150_10,1,8,gpu_last_col,728,2,0.0392
spark,150_10,1,8,gpu_last_col,729,2,0.066592
spark,150_10,1,8,gpu_last_col,730,2,0.076928
spark,150_10,1,8,gpu_last_col,731,2,0.058848
spark,150_10,1,8,gpu_last_col,732,1,0.048288
spark,150_10,1,8,gpu_last_col,733,2,0.060032
spark,150_10,1,8,gpu_last_col,734,2,0.054304
spark,150_10,1,8,gpu_last_col,735,1,0.062336
spark,150_10,1,8,gpu_last_col,736,1,0.07104
spark,150_10,1,8,gpu_last_col,737,2,0.05392
spark,150_10,1,8,gpu_last_col,738,3,0.075168
spark,150_10,1,8,gpu_last_col,739,2,0.074752
spark,150_10,1,8,gpu_last_col,740,3,0.055296
spark,150_10,1,8,gpu_last_col,741,3,0.06896
spark,150_10,1,8,gpu_last_col,742,3,0.07728
spark,150_10,1,8,gpu_last_col,743,1,0.066496
spark,150_10,1,8,gpu_last_col,744,1,0.045152
spark,150_10,1,8,gpu_last_col,745,1,0.042976
spark,150_10,1,8,gpu_last_col,746,1,0.034816
spark,150_10,1,8,gpu_last_col,747,1,0.03232
spark,150_10,1,8,gpu_last_col,748,1,0.051776
spark,150_10,1,8,gpu_last_col,749,1,0.031584
spark,150_10,1,8,gpu_last_col,750,1,0.063008
spark,150_10,1,8,gpu_last_col,751,1,0.04128
spark,150_10,1,8,gpu_last_col,752,2,0.062464
spark,150_10,1,8,gpu_last_col,753,1,0.07648
spark,150_10,1,8,gpu_last_col,754,1,0.078976
spark,150_10,1,8,gpu_last_col,755,1,0.074176
spark,150_10,1,8,gpu_last_col,756,1,0.033664
spark,150_10,1,8,gpu_last_col,757,1,0.037376
spark,150_10,1,8,gpu_last_col,758,1,0.050848
spark,150_10,1,8,gpu_last_col,759,2,0.068768
spark,150_10,1,8,gpu_last_col,760,1,0.05056
spark,150_10,1,8,gpu_last_col,761,2,0.042944
spark,150_10,1,8,gpu_last_col,762,2,0.054976
spark,150_10,1,8,gpu_last_col,763,1,0.052928
spark,150_10,1,8,gpu_last_col,764,1,0.028192
spark,150_10,1,8,gpu_last_col,765,1,0.069024
spark,150_10,1,8,gpu_last_col,766,2,0.0752
spark,150_10,1,8,gpu_last_col,767,3,0.074688
spark,150_10,1,8,gpu_last_col,768,4,0.076736
spark,150_10,1,8,gpu_last_col,769,6,0.069632
spark,150_10,1,8,gpu_last_col,770,6,0.071296
spark,150_10,1,8,gpu_last_col,771,3,0.070624
spark,150_10,1,8,gpu_last_col,772,3,0.06032
spark,150_10,1,8,gpu_last_col,773,3,0.066208
spark,150_10,1,8,gpu_last_col,774,1,0.033248
spark,150_10,1,8,gpu_last_col,775,1,0.038048
spark,150_10,1,8,gpu_last_col,776,1,0.047488
spark,150_10,1,8,gpu_last_col,777,1,0.063136
spark,150_10,1,8,gpu_last_col,778,1,0.068384
spark,150_10,1,8,gpu_last_col,779,1,0.06416
spark,150_10,1,8,gpu_last_col,780,1,0.046176
spark,150_10,1,8,gpu_last_col,781,1,0.055456
spark,150_10,1,8,gpu_last_col,782,1,0.03536
spark,150_10,1,8,gpu_last_col,783,1,0.072128
spark,150_10,1,8,gpu_last_col,784,1,0.071616
spark,150_10,1,8,gpu_last_col,785,1,0.0464
spark,150_10,1,8,gpu_last_col,786,2,0.043264
spark,150_10,1,8,gpu_last_col,787,4,0.060736
spark,150_10,1,8,gpu_last_col,788,5,0.076608
spark,150_10,1,8,gpu_last_col,789,4,0.065472
spark,150_10,1,8,gpu_last_col,790,2,0.034464
spark,150_10,1,8,gpu_last_col,791,2,0.069344
spark,150_10,1,8,gpu_last_col,792,2,0.070784
spark,150_10,1,8,gpu_last_col,793,1,0.075552
spark,150_10,1,8,gpu_last_col,794,1,0.074784
spark,150_10,1,8,gpu_last_col,795,1,0.064096
spark,150_10,1,8,gpu_last_col,796,1,0.056224
spark,150_10,1,8,gpu_last_col,797,2,0.06912
spark,150_10,1,8,gpu_last_col,798,2,0.067072
spark,150_10,1,8,gpu_last_col,799,3,0.070624
spark,150_10,1,8,gpu_last_col,800,3,0.065312
spark,150_10,1,8,gpu_last_col,801,3,0.066368
spark,150_10,1,8,gpu_last_col,802,1,0.052576
spark,150_10,1,8,gpu_last_col,803,1,0.076928
spark,150_10,1,8,gpu_last_col,804,1,0.06352
spark,150_10,1,8,gpu_last_col,805,1,0.073792
spark,150_10,1,8,gpu_last_col,806,2,0.076448
spark,150_10,1,8,gpu_last_col,807,3,0.05744
spark,150_10,1,8,gpu_last_col,808,2,0.069696
spark,150_10,1,8,gpu_last_col,809,3,0.070528
spark,150_10,1,8,gpu_last_col,810,1,0.061632
spark,150_10,1,8,gpu_last_col,811,1,0.048576
spark,150_10,1,8,gpu_last_col,812,1,0.0608
spark,150_10,1,8,gpu_last_col,813,1,0.03552
spark,150_10,1,8,gpu_last_col,814,1,0.055392
spark,150_10,1,8,gpu_last_col,815,2,0.075072
spark,150_10,1,8,gpu_last_col,816,2,0.0656
spark,150_10,1,8,gpu_last_col,817,1,0.05984
spark,150_10,1,8,gpu_last_col,818,1,0.075424
spark,150_10,1,8,gpu_last_col,819,1,0.03216
spark,150_10,1,8,gpu_last_col,820,1,0.037792
spark,150_10,1,8,gpu_last_col,821,1,0.06736
spark,150_10,1,8,gpu_last_col,822,2,0.048992
spark,150_10,1,8,gpu_last_col,823,2,0.067616
spark,150_10,1,8,gpu_last_col,824,2,0.072896
spark,150_10,1,8,gpu_last_col,825,2,0.076704
spark,150_10,1,8,gpu_last_col,826,1,0.051968
spark,150_10,1,8,gpu_last_col,827,1,0.076064
spark,150_10,1,8,gpu_last_col,828,1,0.030304
spark,150_10,1,8,gpu_last_col,829,1,0.037792
spark,150_10,1,8,gpu_last_col,830,1,0.03504
spark,150_10,1,8,gpu_last_col,831,1,0.045664
spark,150_10,1,8,gpu_last_col,832,2,0.053664
spark,150_10,1,8,gpu_last_col,833,3,0.072032
spark,150_10,1,8,gpu_last_col,834,3,0.041664
spark,150_10,1,8,gpu_last_col,835,2,0.059456
spark,150_10,1,8,gpu_last_col,836,1,0.051584
spark,150_10,1,8,gpu_last_col,837,1,0.070208
spark,150_10,1,8,gpu_last_col,838,1,0.073088
spark,150_10,1,8,gpu_last_col,839,1,0.077056
spark,150_10,1,8,gpu_last_col,840,1,0.062432
spark,150_10,1,8,gpu_last_col,841,1,0.03504
spark,150_10,1,8,gpu_last_col,842,1,0.067936
spark,150_10,1,8,gpu_last_col,843,2,0.069216
spark,150_10,1,8,gpu_last_col,844,2,0.077152
spark,150_10,1,8,gpu_last_col,845,2,0.078464
spark,150_10,1,8,gpu_last_col,846,1,0.074144
spark,150_10,1,8,gpu_last_col,847,1,0.07456
spark,150_10,1,8,gpu_last_col,848,2,0.070752
spark,150_10,1,8,gpu_last_col,849,3,0.044192
spark,150_10,1,8,gpu_last_col,850,3,0.056128
spark,150_10,1,8,gpu_last_col,851,1,0.05616
spark,150_10,1,8,gpu_last_col,852,1,0.024832
spark,150_10,1,8,gpu_last_col,853,1,0.052608
spark,150_10,1,8,gpu_last_col,854,1,0.023104
spark,150_10,1,8,gpu_last_col,855,2,0.04128
spark,150_10,1,8,gpu_last_col,856,4,0.070464
spark,150_10,1,8,gpu_last_col,857,3,0.075744
spark,150_10,1,8,gpu_last_col,858,4,0.064672
spark,150_10,1,8,gpu_last_col,859,4,0.065216
spark,150_10,1,8,gpu_last_col,860,3,0.056832
spark,150_10,1,8,gpu_last_col,861,2,0.051136
spark,150_10,1,8,gpu_last_col,862,2,0.048864
spark,150_10,1,8,gpu_last_col,863,1,0.076896
spark,150_10,1,8,gpu_last_col,864,1,0.042848
spark,150_10,1,8,gpu_last_col,865,1,0.045568
spark,150_10,1,8,gpu_last_col,866,1,0.06544
spark,150_10,1,8,gpu_last_col,867,1,0.06464
spark,150_10,1,8,gpu_last_col,868,1,0.055072
spark,150_10,1,8,gpu_last_col,869,2,0.072064
spark,150_10,1,8,gpu_last_col,870,2,0.0896
spark,150_10,1,8,gpu_last_col,871,1,0.038656
spark,150_10,1,8,gpu_last_col,872,1,0.057696
spark,150_10,1,8,gpu_last_col,873,1,0.065152
spark,150_10,1,8,gpu_last_col,874,2,0.075712
spark,150_10,1,8,gpu_last_col,875,2,0.062624
spark,150_10,1,8,gpu_last_col,876,3,0.088832
spark,150_10,1,8,gpu_last_col,877,2,0.077984
spark,150_10,1,8,gpu_last_col,878,2,0.06592
spark,150_10,1,8,gpu_last_col,879,1,0.061344
spark,150_10,1,8,gpu_last_col,880,1,0.049248
spark,150_10,1,8,gpu_last_col,881,2,0.049536
spark,150_10,1,8,gpu_last_col,882,3,0.05712
spark,150_10,1,8,gpu_last_col,883,1,0.038368
spark,150_10,1,8,gpu_last_col,884,2,0.074016
spark,150_10,1,8,gpu_last_col,885,3,0.066944
spark,150_10,1,8,gpu_last_col,886,3,0.058752
spark,150_10,1,8,gpu_last_col,887,5,0.07248
spark,150_10,1,8,gpu_last_col,888,6,0.059552
spark,150_10,1,8,gpu_last_col,889,3,0.067648
spark,150_10,1,8,gpu_last_col,890,1,0.029856
spark,150_10,1,8,gpu_last_col,891,1,0.042976
spark,150_10,1,8,gpu_last_col,892,1,0.062848
spark,150_10,1,8,gpu_last_col,893,1,0.052288
spark,150_10,1,8,gpu_last_col,894,1,0.050912
spark,150_10,1,8,gpu_last_col,895,1,0.081216
spark,150_10,1,8,gpu_last_col,896,1,0.029984
spark,150_10,1,8,gpu_last_col,897,2,0.046016
spark,150_10,1,8,gpu_last_col,898,3,0.082048
spark,150_10,1,8,gpu_last_col,899,3,0.078272
spark,150_10,1,8,gpu_last_col,900,5,0.065024
spark,150_10,1,8,gpu_last_col,901,5,0.065856
spark,150_10,1,8,gpu_last_col,902,3,0.073376
spark,150_10,1,8,gpu_last_col,903,1,0.0736
spark,150_10,1,8,gpu_last_col,904,2,0.051904
spark,150_10,1,8,gpu_last_col,905,3,0.069312
spark,150_10,1,8,gpu_last_col,906,2,0.026368
spark,150_10,1,8,gpu_last_col,907,1,0.053312
spark,150_10,1,8,gpu_last_col,908,1,0.048736
spark,150_10,1,8,gpu_last_col,909,1,0.035552
spark,150_10,1,8,gpu_last_col,910,1,0.037952
spark,150_10,1,8,gpu_last_col,911,2,0.061664
spark,150_10,1,8,gpu_last_col,912,3,0.0688
spark,150_10,1,8,gpu_last_col,913,4,0.072192
spark,150_10,1,8,gpu_last_col,914,1,0.057056
spark,150_10,1,8,gpu_last_col,915,1,0.068864
spark,150_10,1,8,gpu_last_col,916,1,0.042112
spark,150_10,1,8,gpu_last_col,917,1,0.027328
spark,150_10,1,8,gpu_last_col,918,1,0.049888
spark,150_10,1,8,gpu_last_col,919,1,0.06672
spark,150_10,1,8,gpu_last_col,920,1,0.0688
spark,150_10,1,8,gpu_last_col,921,2,0.074336
spark,150_10,1,8,gpu_last_col,922,2,0.076416
spark,150_10,1,8,gpu_last_col,923,3,0.041088
spark,150_10,1,8,gpu_last_col,924,4,0.067136
spark,150_10,1,8,gpu_last_col,925,2,0.071072
spark,150_10,1,8,gpu_last_col,926,1,0.03872
spark,150_10,1,8,gpu_last_col,927,1,0.052352
spark,150_10,1,8,gpu_last_col,928,1,0.036288
spark,150_10,1,8,gpu_last_col,929,1,0.033664
spark,150_10,1,8,gpu_last_col,930,1,0.070016
spark,150_10,1,8,gpu_last_col,931,2,0.051744
spark,150_10,1,8,gpu_last_col,932,3,0.067232
spark,150_10,1,8,gpu_last_col,933,1,0.025184
spark,150_10,1,8,gpu_last_col,934,1,0.047968
spark,150_10,1,8,gpu_last_col,935,1,0.052064
spark,150_10,1,8,gpu_last_col,936,1,0.036704
spark,150_10,1,8,gpu_last_col,937,1,0.068896
spark,150_10,1,8,gpu_last_col,938,1,0.0512
spark,150_10,1,8,gpu_last_col,939,2,0.037024
spark,150_10,1,8,gpu_last_col,940,3,0.058592
spark,150_10,1,8,gpu_last_col,941,5,0.076672
spark,150_10,1,8,gpu_last_col,942,5,0.074464
spark,150_10,1,8,gpu_last_col,943,3,0.078592
spark,150_10,1,8,gpu_last_col,944,2,0.062368
spark,150_10,1,8,gpu_last_col,945,1,0.060864
spark,150_10,1,8,gpu_last_col,946,1,0.041664
spark,150_10,1,8,gpu_last_col,947,1,0.044704
spark,150_10,1,8,gpu_last_col,948,1,0.049952
spark,150_10,1,8,gpu_last_col,949,1,0.074528
spark,150_10,1,8,gpu_last_col,950,2,0.058592
spark,150_10,1,8,gpu_last_col,951,1,0.05648
spark,150_10,1,8,gpu_last_col,952,1,0.062176
spark,150_10,1,8,gpu_last_col,953,1,0.045568
spark,150_10,1,8,gpu_last_col,954,1,0.026752
spark,150_10,1,8,gpu_last_col,955,2,0.077216
spark,150_10,1,8,gpu_last_col,956,1,0.056544
spark,150_10,1,8,gpu_last_col,957,1,0.033696
spark,150_10,1,8,gpu_last_col,958,1,0.07184
spark,150_10,1,8,gpu_last_col,959,1,0.04176
spark,150_10,1,8,gpu_last_col,960,2,0.06992
spark,150_10,1,8,gpu_last_col,961,4,0.077504
spark,150_10,1,8,gpu_last_col,962,2,0.061568
spark,150_10,1,8,gpu_last_col,963,1,0.050368
spark,150_10,1,8,gpu_last_col,964,2,0.048384
spark,150_10,1,8,gpu_last_col,965,1,0.050848
spark,150_10,1,8,gpu_last_col,966,1,0.075936
spark,150_10,1,8,gpu_last_col,967,1,0.024736
spark,150_10,1,8,gpu_last_col,968,1,0.050304
spark,150_10,1,8,gpu_last_col,969,1,0.050592
spark,150_10,1,8,gpu_last_col,970,1,0.051808
spark,150_10,1,8,gpu_last_col,971,1,0.038272
spark,150_10,1,8,gpu_last_col,972,2,0.02608
spark,150_10,1,8,gpu_last_col,973,3,0.056128
spark,150_10,1,8,gpu_last_col,974,4,0.05968
spark,150_10,1,8,gpu_last_col,975,6,0.061664
spark,150_10,1,8,gpu_last_col,976,4,0.070016
spark,150_10,1,8,gpu_last_col,977,4,0.046976
spark,150_10,1,8,gpu_last_col,978,2,0.076032
spark,150_10,1,8,gpu_last_col,979,1,0.072576
spark,150_10,1,8,gpu_last_col,980,1,0.035456
spark,150_10,1,8,gpu_last_col,981,1,0.03632
spark,150_10,1,8,gpu_last_col,982,1,0.04416
spark,150_10,1,8,gpu_last_col,983,2,0.075328
spark,150_10,1,8,gpu_last_col,984,2,0.045952
spark,150_10,1,8,gpu_last_col,985,2,0.055968
spark,150_10,1,8,gpu_last_col,986,1,0.041952
spark,150_10,1,8,gpu_last_col,987,1,0.034624
spark,150_10,1,8,gpu_last_col,988,1,0.061824
spark,150_10,1,8,gpu_last_col,989,1,0.046112
spark,150_10,1,8,gpu_last_col,990,1,0.074912
spark,150_10,1,8,gpu_last_col,991,2,0.073152
spark,150_10,1,8,gpu_last_col,992,2,0.051808
spark,150_10,1,8,gpu_last_col,993,3,0.039744
spark,150_10,1,8,gpu_last_col,994,3,0.075808
spark,150_10,1,8,gpu_last_col,995,2,0.050368
spark,150_10,1,8,gpu_last_col,996,2,0.062304
spark,150_10,1,8,gpu_last_col,997,2,0.058496
spark,150_10,1,8,gpu_last_col,998,2,0.076288
spark,150_10,1,8,gpu_last_col,999,1,0.0272
spark,150_10,1,8,gpu_last_col,1000,1,0.069152
spark,150_10,1,8,gpu_last_col,1001,1,0.029792
spark,150_10,1,8,gpu_last_col,1002,2,0.071712
spark,150_10,1,8,gpu_last_col,1003,1,0.047424
spark,150_10,1,8,gpu_last_col,1004,2,0.029984
spark,150_10,1,8,gpu_last_col,1005,1,0.030848
spark,150_10,1,8,gpu_last_col,1006,1,0.04224
spark,150_10,1,8,gpu_last_col,1007,2,0.039456
spark,150_10,1,8,gpu_last_col,1008,2,0.06128
spark,150_10,1,8,gpu_last_col,1009,2,0.05088
spark,150_10,1,8,gpu_last_col,1010,2,0.075264
spark,150_10,1,8,gpu_last_col,1011,2,0.066912
spark,150_10,1,8,gpu_last_col,1012,1,0.058272
spark,150_10,1,8,gpu_last_col,1013,1,0.049024
spark,150_10,1,8,gpu_last_col,1014,1,0.033728
spark,150_10,1,8,gpu_last_col,1015,1,0.033472
spark,150_10,1,8,gpu_last_col,1016,1,0.040512
spark,150_10,1,8,gpu_last_col,1017,1,0.053696
spark,150_10,1,8,gpu_last_col,1018,1,0.02208
spark,150_10,1,8,gpu_last_col,1019,2,0.059904
spark,150_10,1,8,gpu_last_col,1020,4,0.07552
spark,150_10,1,8,gpu_last_col,1021,3,0.046304
spark,150_10,1,8,gpu_last_col,1022,2,0.058208
spark,150_10,1,8,gpu_last_col,1023,3,0.042624
spark,150_10,1,8,gpu_last_col,1024,1,0.058496
spark,150_10,1,8,gpu_last_col,1025,1,0.062976
spark,150_10,1,8,gpu_last_col,1026,1,0.028512
spark,150_10,1,8,gpu_last_col,1027,1,0.03376
spark,150_10,1,8,gpu_last_col,1028,2,0.064256
spark,150_10,1,8,gpu_last_col,1029,1,0.026464
spark,150_10,1,8,gpu_last_col,1030,1,0.043552
spark,150_10,1,8,gpu_last_col,1031,2,0.070944
spark,150_10,1,8,gpu_last_col,1032,1,0.066432
spark,150_10,1,8,gpu_last_col,1033,2,0.066528
spark,150_10,1,8,gpu_last_col,1034,1,0.055456
spark,150_10,1,8,gpu_last_col,1035,1,0.021728
spark,150_10,1,8,gpu_last_col,1036,1,0.066688
spark,150_10,1,8,gpu_last_col,1037,1,0.028352
spark,150_10,1,8,gpu_last_col,1038,2,0.04656
spark,150_10,1,8,gpu_last_col,1039,1,0.065632
spark,150_10,1,8,gpu_last_col,1040,1,0.060576
spark,150_10,1,8,gpu_last_col,1041,1,0.053024
spark,150_10,1,8,gpu_last_col,1042,1,0.030304
spark,150_10,1,8,gpu_last_col,1043,1,0.052704
spark,150_10,1,8,gpu_last_col,1044,1,0.04784
spark,150_10,1,8,gpu_last_col,1045,1,0.05728
spark,150_10,1,8,gpu_last_col,1046,2,0.044224
spark,150_10,1,8,gpu_last_col,1047,4,0.075232
spark,150_10,1,8,gpu_last_col,1048,2,0.072896
spark,150_10,1,8,gpu_last_col,1049,3,0.076256
spark,150_10,1,8,gpu_last_col,1050,1,0.0248
spark,150_10,1,8,gpu_last_col,1051,1,0.057632
spark,150_10,1,8,gpu_last_col,1052,1,0.077216
spark,150_10,1,8,gpu_last_col,1053,1,0.048768
spark,150_10,1,8,gpu_last_col,1054,2,0.061184
spark,150_10,1,8,gpu_last_col,1055,1,0.0624
spark,150_10,1,8,gpu_last_col,1056,1,0.03664
spark,150_10,1,8,gpu_last_col,1057,2,0.0664
spark,150_10,1,8,gpu_last_col,1058,1,0.034112
spark,150_10,1,8,gpu_last_col,1059,1,0.036064
spark,150_10,1,8,gpu_last_col,1060,1,0.034336
spark,150_10,1,8,gpu_last_col,1061,1,0.053408
spark,150_10,1,8,gpu_last_col,1062,1,0.062912
spark,150_10,1,8,gpu_last_col,1063,2,0.038304
spark,150_10,1,8,gpu_last_col,1064,1,0.047008
spark,150_10,1,8,gpu_last_col,1065,1,0.064544
spark,150_10,1,8,gpu_last_col,1066,1,0.030624
spark,150_10,1,8,gpu_last_col,1067,1,0.06448
spark,150_10,1,8,gpu_last_col,1068,1,0.048672
spark,150_10,1,8,gpu_last_col,1069,1,0.062912
spark,150_10,1,8,gpu_last_col,1070,2,0.059552
spark,150_10,1,8,gpu_last_col,1071,3,0.076512
spark,150_10,1,8,gpu_last_col,1072,4,0.067488
spark,150_10,1,8,gpu_last_col,1073,5,0.071936
spark,150_10,1,8,gpu_last_col,1074,3,0.054624
spark,150_10,1,8,gpu_last_col,1075,3,0.073888
spark,150_10,1,8,gpu_last_col,1076,2,0.076704
spark,150_10,1,8,gpu_last_col,1077,2,0.073824
spark,150_10,1,8,gpu_last_col,1078,3,0.07728
spark,150_10,1,8,gpu_last_col,1079,1,0.076704
spark,150_10,1,8,gpu_last_col,1080,1,0.052096
spark,150_10,1,8,gpu_last_col,1081,1,0.0752
spark,150_10,1,8,gpu_last_col,1082,1,0.022816
spark,150_10,1,8,gpu_last_col,1083,1,0.030208
spark,150_10,1,8,gpu_last_col,1084,2,0.044384
spark,150_10,1,8,gpu_last_col,1085,3,0.057696
spark,150_10,1,8,gpu_last_col,1086,4,0.067776
spark,150_10,1,8,gpu_last_col,1087,3,0.058912
spark,150_10,1,8,gpu_last_col,1088,1,0.0584
spark,150_10,1,8,gpu_last_col,1089,1,0.061344
spark,150_10,1,8,gpu_last_col,1090,1,0.022112
spark,150_10,1,8,gpu_last_col,1091,2,0.076768
spark,150_10,1,8,gpu_last_col,1092,3,0.071168
spark,150_10,1,8,gpu_last_col,1093,3,0.072928
spark,150_10,1,8,gpu_last_col,1094,2,0.056192
spark,150_10,1,8,gpu_last_col,1095,2,0.026656
spark,150_10,1,8,gpu_last_col,1096,2,0.043776
spark,150_10,1,8,gpu_last_col,1097,1,0.05152
spark,150_10,1,8,gpu_last_col,1098,1,0.047616
spark,150_10,1,8,gpu_last_col,1099,2,0.077152
spark,150_10,1,8,gpu_last_col,1100,1,0.050304
spark,150_10,1,8,gpu_last_col,1101,1,0.069248
spark,150_10,1,8,gpu_last_col,1102,1,0.0592
spark,150_10,1,8,gpu_last_col,1103,2,0.070272
spark,150_10,1,8,gpu_last_col,1104,3,0.05616
spark,150_10,1,8,gpu_last_col,1105,2,0.05008
spark,150_10,1,8,gpu_last_col,1106,1,0.029408
spark,150_10,1,8,gpu_last_col,1107,1,0.051936
spark,150_10,1,8,gpu_last_col,1108,2,0.06656
spark,150_10,1,8,gpu_last_col,1109,2,0.04416
spark,150_10,1,8,gpu_last_col,1110,1,0.074432
spark,150_10,1,8,gpu_last_col,1111,1,0.04912
spark,150_10,1,8,gpu_last_col,1112,1,0.073696
spark,150_10,1,8,gpu_last_col,1113,2,0.073344
spark,150_10,1,8,gpu_last_col,1114,3,0.057728
spark,150_10,1,8,gpu_last_col,1115,2,0.054688
spark,150_10,1,8,gpu_last_col,1116,3,0.071584
spark,150_10,1,8,gpu_last_col,1117,3,0.06288
spark,150_10,1,8,gpu_last_col,1118,2,0.054912
spark,150_10,1,8,gpu_last_col,1119,1,0.04416
spark,150_10,1,8,gpu_last_col,1120,1,0.025792
spark,150_10,1,8,gpu_last_col,1121,1,0.05664
spark,150_10,1,8,gpu_last_col,1122,2,0.073888
spark,150_10,1,8,gpu_last_col,1123,1,0.06624
spark,150_10,1,8,gpu_last_col,1124,1,0.04368
spark,150_10,1,8,gpu_last_col,1125,1,0.042272
spark,150_10,1,8,gpu_last_col,1126,2,0.022848
spark,150_10,1,8,gpu_last_col,1127,3,0.05024
spark,150_10,1,8,gpu_last_col,1128,2,0.073088
spark,150_10,1,8,gpu_last_col,1129,3,0.065696
spark,150_10,1,8,gpu_last_col,1130,2,0.060096
spark,150_10,1,8,gpu_last_col,1131,2,0.044352
spark,150_10,1,8,gpu_last_col,1132,1,0.035424
spark,150_10,1,8,gpu_last_col,1133,1,0.054016
spark,150_10,1,8,gpu_last_col,1134,1,0.052032
spark,150_10,1,8,gpu_last_col,1135,2,0.056704
spark,150_10,1,8,gpu_last_col,1136,3,0.046336
spark,150_10,1,8,gpu_last_col,1137,3,0.068
spark,150_10,1,8,gpu_last_col,1138,6,0.06848
spark,150_10,1,8,gpu_last_col,1139,3,0.066688
spark,150_10,1,8,gpu_last_col,1140,3,0.069408
spark,150_10,1,8,gpu_last_col,1141,4,0.07216
spark,150_10,1,8,gpu_last_col,1142,2,0.045408
spark,150_10,1,8,gpu_last_col,1143,1,0.05408
spark,150_10,1,8,gpu_last_col,1144,1,0.048032
spark,150_10,1,8,gpu_last_col,1145,1,0.060736
spark,150_10,1,8,gpu_last_col,1146,1,0.047936
spark,150_10,1,8,gpu_last_col,1147,1,0.041248
spark,150_10,1,8,gpu_last_col,1148,2,0.042368
spark,150_10,1,8,gpu_last_col,1149,2,0.046464
spark,150_10,1,8,gpu_last_col,1150,2,0.075008
spark,150_10,1,8,gpu_last_col,1151,1,0.043232
spark,150_10,1,8,gpu_last_col,1152,1,0.065792
spark,150_10,1,8,gpu_last_col,1153,2,0.069056
spark,150_10,1,8,gpu_last_col,1154,2,0.07488
spark,150_10,1,8,gpu_last_col,1155,1,0.060704
spark,150_10,1,8,gpu_last_col,1156,1,0.056864
spark,150_10,1,8,gpu_last_col,1157,1,0.026944
spark,150_10,1,8,gpu_last_col,1158,1,0.064672
spark,150_10,1,8,gpu_last_col,1159,1,0.051136
spark,150_10,1,8,gpu_last_col,1160,2,0.045856
spark,150_10,1,8,gpu_last_col,1161,3,0.075072
spark,150_10,1,8,gpu_last_col,1162,4,0.06416
spark,150_10,1,8,gpu_last_col,1163,2,0.07616
spark,150_10,1,8,gpu_last_col,1164,2,0.041504
spark,150_10,1,8,gpu_last_col,1165,2,0.076512
spark,150_10,1,8,gpu_last_col,1166,2,0.05824
spark,150_10,1,8,gpu_last_col,1167,1,0.025728
spark,150_10,1,8,gpu_last_col,1168,1,0.049632
spark,150_10,1,8,gpu_last_col,1169,1,0.060768
spark,150_10,1,8,gpu_last_col,1170,1,0.031264
spark,150_10,1,8,gpu_last_col,1171,2,0.065056
spark,150_10,1,8,gpu_last_col,1172,2,0.04592
spark,150_10,1,8,gpu_last_col,1173,2,0.05952
spark,150_10,1,8,gpu_last_col,1174,2,0.044192
spark,150_10,1,8,gpu_last_col,1175,2,0.061856
spark,150_10,1,8,gpu_last_col,1176,2,0.068288
spark,150_10,1,8,gpu_last_col,1177,2,0.041728
spark,150_10,1,8,gpu_last_col,1178,2,0.073728
spark,150_10,1,8,gpu_last_col,1179,2,0.04928
spark,150_10,1,8,gpu_last_col,1180,1,0.026336
spark,150_10,1,8,gpu_last_col,1181,1,0.025728
spark,150_10,1,8,gpu_last_col,1182,1,0.062912
spark,150_10,1,8,gpu_last_col,1183,1,0.075744
spark,150_10,1,8,gpu_last_col,1184,1,0.069184
spark,150_10,1,8,gpu_last_col,1185,1,0.038624
spark,150_10,1,8,gpu_last_col,1186,1,0.0672
spark,150_10,1,8,gpu_last_col,1187,1,0.062592
spark,150_10,1,8,gpu_last_col,1188,2,0.059104
spark,150_10,1,8,gpu_last_col,1189,1,0.0656
spark,150_10,1,8,gpu_last_col,1190,1,0.056768
spark,150_10,1,8,gpu_last_col,1191,1,0.057248
spark,150_10,1,8,gpu_last_col,1192,1,0.05152
spark,150_10,1,8,gpu_last_col,1193,2,0.067296
spark,150_10,1,8,gpu_last_col,1194,2,0.059488
spark,150_10,1,8,gpu_last_col,1195,3,0.072928
spark,150_10,1,8,gpu_last_col,1196,4,0.076448
spark,150_10,1,8,gpu_last_col,1197,2,0.056096
spark,150_10,1,8,gpu_last_col,1198,2,0.067776
spark,150_10,1,8,gpu_last_col,1199,2,0.064096
spark,150_10,1,8,gpu_last_col,1200,2,0.075232
spark,150_10,1,8,gpu_last_col,1201,1,0.070816
spark,150_10,1,8,gpu_last_col,1202,1,0.061696
spark,150_10,1,8,gpu_last_col,1203,1,0.040544
spark,150_10,1,8,gpu_last_col,1204,1,0.033888
spark,150_10,1,8,gpu_last_col,1205,1,0.054208
spark,150_10,1,8,gpu_last_col,1206,1,0.059104
spark,150_10,1,8,gpu_last_col,1207,1,0.069472
spark,150_10,1,8,gpu_last_col,1208,1,0.05296
spark,150_10,1,8,gpu_last_col,1209,2,0.035872
spark,150_10,1,8,gpu_last_col,1210,2,0.073408
spark,150_10,1,8,gpu_last_col,1211,3,0.070208
spark,150_10,1,8,gpu_last_col,1212,3,0.058336
spark,150_10,1,8,gpu_last_col,1213,3,0.050912
spark,150_10,1,8,gpu_last_col,1214,3,0.068672
spark,150_10,1,8,gpu_last_col,1215,3,0.053536
spark,150_10,1,8,gpu_last_col,1216,3,0.069664
spark,150_10,1,8,gpu_last_col,1217,3,0.052576
spark,150_10,1,8,gpu_last_col,1218,2,0.075808
spark,150_10,1,8,gpu_last_col,1219,2,0.055968
spark,150_10,1,8,gpu_last_col,1220,2,0.059104
spark,150_10,1,8,gpu_last_col,1221,1,0.062912
spark,150_10,1,8,gpu_last_col,1222,1,0.075968
spark,150_10,1,8,gpu_last_col,1223,1,0.043648
spark,150_10,1,8,gpu_last_col,1224,1,0.029568
spark,150_10,1,8,gpu_last_col,1225,2,0.055904
spark,150_10,1,8,gpu_last_col,1226,3,0.06576
spark,150_10,1,8,gpu_last_col,1227,4,0.067936
spark,150_10,1,8,gpu_last_col,1228,6,0.074688
spark,150_10,1,8,gpu_last_col,1229,8,0.06624
spark,150_10,1,8,gpu_last_col,1230,3,0.069184
spark,150_10,1,8,gpu_last_col,1231,2,0.076448
spark,150_10,1,8,gpu_last_col,1232,3,0.05808
spark,150_10,1,8,gpu_last_col,1233,1,0.04496
spark,150_10,1,8,gpu_last_col,1234,1,0.050048
spark,150_10,1,8,gpu_last_col,1235,1,0.033952
spark,150_10,1,8,gpu_last_col,1236,1,0.044224
spark,150_10,1,8,gpu_last_col,1237,1,0.041856
spark,150_10,1,8,gpu_last_col,1238,1,0.056672
spark,150_10,1,8,gpu_last_col,1239,1,0.05008
spark,150_10,1,8,gpu_last_col,1240,1,0.029088
spark,150_10,1,8,gpu_last_col,1241,1,0.038752
spark,150_10,1,8,gpu_last_col,1242,1,0.059648
spark,150_10,1,8,gpu_last_col,1243,2,0.068032
spark,150_10,1,8,gpu_last_col,1244,2,0.07312
spark,150_10,1,8,gpu_last_col,1245,2,0.05936
spark,150_10,1,8,gpu_last_col,1246,2,0.071168
spark,150_10,1,8,gpu_last_col,1247,1,0.054432
spark,150_10,1,8,gpu_last_col,1248,1,0.074272
spark,150_10,1,8,gpu_last_col,1249,1,0.046816
spark,150_10,1,8,gpu_last_col,1250,2,0.061984
spark,150_10,1,8,gpu_last_col,1251,1,0.077248
spark,150_10,1,8,gpu_last_col,1252,1,0.042688
spark,150_10,1,8,gpu_last_col,1253,1,0.076288
spark,150_10,1,8,gpu_last_col,1254,1,0.062208
spark,150_10,1,8,gpu_last_col,1255,2,0.050624
spark,150_10,1,8,gpu_last_col,1256,3,0.071328
spark,150_10,1,8,gpu_last_col,1257,3,0.059328
spark,150_10,1,8,gpu_last_col,1258,4,0.074464
spark,150_10,1,8,gpu_last_col,1259,3,0.076032
spark,150_10,1,8,gpu_last_col,1260,2,0.072864
spark,150_10,1,8,gpu_last_col,1261,1,0.054624
spark,150_10,1,8,gpu_last_col,1262,1,0.051616
spark,150_10,1,8,gpu_last_col,1263,1,0.052896
spark,150_10,1,8,gpu_last_col,1264,1,0.06752
spark,150_10,1,8,gpu_last_col,1265,1,0.022464
spark,150_10,1,8,gpu_last_col,1266,2,0.036352
spark,150_10,1,8,gpu_last_col,1267,3,0.07504
spark,150_10,1,8,gpu_last_col,1268,1,0.044736
spark,150_10,1,8,gpu_last_col,1269,1,0.047232
spark,150_10,1,8,gpu_last_col,1270,1,0.071168
spark,150_10,1,8,gpu_last_col,1271,1,0.05184
spark,150_10,1,8,gpu_last_col,1272,1,0.064928
spark,150_10,1,8,gpu_last_col,1273,1,0.045152
spark,150_10,1,8,gpu_last_col,1274,2,0.065088
spark,150_10,1,8,gpu_last_col,1275,3,0.074912
spark,150_10,1,8,gpu_last_col,1276,4,0.067904
spark,150_10,1,8,gpu_last_col,1277,5,0.070208
spark,150_10,1,8,gpu_last_col,1278,7,0.067264
spark,150_10,1,8,gpu_last_col,1279,5,0.07968
spark,150_10,1,8,gpu_last_col,1280,5,0.073056
spark,150_10,1,8,gpu_last_col,1281,4,0.075584
spark,150_10,1,8,gpu_last_col,1282,1,0.076416
spark,150_10,1,8,gpu_last_col,1283,1,0.039648
spark,150_10,1,8,gpu_last_col,1284,1,0.045408
spark,150_10,1,8,gpu_last_col,1285,1,0.054976
spark,150_10,1,8,gpu_last_col,1286,1,0.052
spark,150_10,1,8,gpu_last_col,1287,2,0.074048
spark,150_10,1,8,gpu_last_col,1288,2,0.051008
spark,150_10,1,8,gpu_last_col,1289,2,0.071808
spark,150_10,1,8,gpu_last_col,1290,1,0.028896
spark,150_10,1,8,gpu_last_col,1291,2,0.051072
spark,150_10,1,8,gpu_last_col,1292,1,0.025984
spark,150_10,1,8,gpu_last_col,1293,1,0.025632
spark,150_10,1,8,gpu_last_col,1294,1,0.027936
spark,150_10,1,8,gpu_last_col,1295,1,0.064768
spark,150_10,1,8,gpu_last_col,1296,1,0.059424
spark,150_10,1,8,gpu_last_col,1297,1,0.02928
spark,150_10,1,8,gpu_last_col,1298,1,0.060608
spark,150_10,1,8,gpu_last_col,1299,1,0.061248
spark,150_10,1,8,gpu_last_col,1300,1,0.06224
spark,150_10,1,8,gpu_last_col,1301,1,0.057216
spark,150_10,1,8,gpu_last_col,1302,1,0.037344
spark,150_10,1,8,gpu_last_col,1303,2,0.074336
spark,150_10,1,8,gpu_last_col,1304,2,0.068576
spark,150_10,1,8,gpu_last_col,1305,2,0.052672
spark,150_10,1,8,gpu_last_col,1306,1,0.054144
spark,150_10,1,8,gpu_last_col,1307,1,0.042592
spark,150_10,1,8,gpu_last_col,1308,2,0.052352
spark,150_10,1,8,gpu_last_col,1309,1,0.037536
spark,150_10,1,8,gpu_last_col,1310,1,0.030528
spark,150_10,1,8,gpu_last_col,1311,2,0.071136
spark,150_10,1,8,gpu_last_col,1312,3,0.075392
spark,150_10,1,8,gpu_last_col,1313,4,0.070112
spark,150_10,1,8,gpu_last_col,1314,6,0.059168
spark,150_10,1,8,gpu_last_col,1315,4,0.067712
spark,150_10,1,8,gpu_last_col,1316,3,0.058784
spark,150_10,1,8,gpu_last_col,1317,4,0.06368
spark,150_10,1,8,gpu_last_col,1318,3,0.075584
spark,150_10,1,8,gpu_last_col,1319,2,0.055872
spark,150_10,1,8,gpu_last_col,1320,2,0.062144
spark,150_10,1,8,gpu_last_col,1321,1,0.051168
spark,150_10,1,8,gpu_last_col,1322,1,0.062368
spark,150_10,1,8,gpu_last_col,1323,1,0.067712
spark,150_10,1,8,gpu_last_col,1324,1,0.067744
spark,150_10,1,8,gpu_last_col,1325,1,0.051808
spark,150_10,1,8,gpu_last_col,1326,2,0.042112
spark,150_10,1,8,gpu_last_col,1327,3,0.057696
spark,150_10,1,8,gpu_last_col,1328,3,0.072032
spark,150_10,1,8,gpu_last_col,1329,3,0.04704
spark,150_10,1,8,gpu_last_col,1330,3,0.064192
spark,150_10,1,8,gpu_last_col,1331,3,0.069824
spark,150_10,1,8,gpu_last_col,1332,3,0.069216
spark,150_10,1,8,gpu_last_col,1333,1,0.041408
spark,150_10,1,8,gpu_last_col,1334,1,0.037728
spark,150_10,1,8,gpu_last_col,1335,1,0.06032
spark,150_10,1,8,gpu_last_col,1336,1,0.032928
spark,150_10,1,8,gpu_last_col,1337,2,0.037152
spark,150_10,1,8,gpu_last_col,1338,2,0.073888
spark,150_10,1,8,gpu_last_col,1339,1,0.027392
spark,150_10,1,8,gpu_last_col,1340,2,0.052096
spark,150_10,1,8,gpu_last_col,1341,2,0.03088
spark,150_10,1,8,gpu_last_col,1342,1,0.06608
spark,150_10,1,8,gpu_last_col,1343,1,0.060128
spark,150_10,1,8,gpu_last_col,1344,1,0.051584
spark,150_10,1,8,gpu_last_col,1345,1,0.043104
spark,150_10,1,8,gpu_last_col,1346,2,0.031168
spark,150_10,1,8,gpu_last_col,1347,2,0.056832
spark,150_10,1,8,gpu_last_col,1348,3,0.064128
spark,150_10,1,8,gpu_last_col,1349,3,0.079488
spark,150_10,1,8,gpu_last_col,1350,3,0.049824
spark,150_10,1,8,gpu_last_col,1351,3,0.064096
spark,150_10,1,8,gpu_last_col,1352,2,0.076256
spark,150_10,1,8,gpu_last_col,1353,1,0.062336
spark,150_10,1,8,gpu_last_col,1354,1,0.058304
spark,150_10,1,8,gpu_last_col,1355,1,0.028832
spark,150_10,1,8,gpu_last_col,1356,1,0.044768
spark,150_10,1,8,gpu_last_col,1357,2,0.064096
spark,150_10,1,8,gpu_last_col,1358,3,0.050784
spark,150_10,1,8,gpu_last_col,1359,3,0.072032
spark,150_10,1,8,gpu_last_col,1360,2,0.067072
spark,150_10,1,8,gpu_last_col,1361,1,0.047232
spark,150_10,1,8,gpu_last_col,1362,1,0.04288
spark,150_10,1,8,gpu_last_col,1363,1,0.074272
spark,150_10,1,8,gpu_last_col,1364,1,0.055008
spark,150_10,1,8,gpu_last_col,1365,1,0.05232
spark,150_10,1,8,gpu_last_col,1366,2,0.072128
spark,150_10,1,8,gpu_last_col,1367,2,0.067744
spark,150_10,1,8,gpu_last_col,1368,2,0.054816
spark,150_10,1,8,gpu_last_col,1369,2,0.073184
spark,150_10,1,8,gpu_last_col,1370,3,0.06016
spark,150_10,1,8,gpu_last_col,1371,1,0.042144
spark,150_10,1,8,gpu_last_col,1372,1,0.034528
spark,150_10,1,8,gpu_last_col,1373,1,0.065408
spark,150_10,1,8,gpu_last_col,1374,1,0.06528
spark,150_10,1,8,gpu_last_col,1375,1,0.047008
spark,150_10,1,8,gpu_last_col,1376,2,0.059008
spark,150_10,1,8,gpu_last_col,1377,2,0.047616
spark,150_10,1,8,gpu_last_col,1378,3,0.076448
spark,150_10,1,8,gpu_last_col,1379,2,0.059456
spark,150_10,1,8,gpu_last_col,1380,1,0.048608
spark,150_10,1,8,gpu_last_col,1381,1,0.041376
spark,150_10,1,8,gpu_last_col,1382,1,0.055296
spark,150_10,1,8,gpu_last_col,1383,1,0.042016
spark,150_10,1,8,gpu_last_col,1384,2,0.0664
spark,150_10,1,8,gpu_last_col,1385,3,0.071904
spark,150_10,1,8,gpu_last_col,1386,3,0.076128
spark,150_10,1,8,gpu_last_col,1387,1,0.036096
spark,150_10,1,8,gpu_last_col,1388,1,0.056672
spark,150_10,1,8,gpu_last_col,1389,1,0.040224
spark,150_10,1,8,gpu_last_col,1390,1,0.07568
spark,150_10,1,8,gpu_last_col,1391,1,0.032224
spark,150_10,1,8,gpu_last_col,1392,1,0.0424
spark,150_10,1,8,gpu_last_col,1393,1,0.05616
spark,150_10,1,8,gpu_last_col,1394,1,0.045856
spark,150_10,1,8,gpu_last_col,1395,1,0.06736
spark,150_10,1,8,gpu_last_col,1396,2,0.07536
spark,150_10,1,8,gpu_last_col,1397,2,0.07488
spark,150_10,1,8,gpu_last_col,1398,2,0.048288
spark,150_10,1,8,gpu_last_col,1399,2,0.075392
spark,150_10,1,8,gpu_last_col,1400,1,0.060928
spark,150_10,1,8,gpu_last_col,1401,1,0.07536
spark,150_10,1,8,gpu_last_col,1402,1,0.07184
spark,150_10,1,8,gpu_last_col,1403,2,0.06688
spark,150_10,1,8,gpu_last_col,1404,3,0.070752
spark,150_10,1,8,gpu_last_col,1405,2,0.068416
spark,150_10,1,8,gpu_last_col,1406,1,0.043648
spark,150_10,1,8,gpu_last_col,1407,1,0.03152
spark,150_10,1,8,gpu_last_col,1408,1,0.066368
spark,150_10,1,8,gpu_last_col,1409,2,0.066048
spark,150_10,1,8,gpu_last_col,1410,3,0.038752
spark,150_10,1,8,gpu_last_col,1411,2,0.060416
spark,150_10,1,8,gpu_last_col,1412,3,0.06928
spark,150_10,1,8,gpu_last_col,1413,2,0.078976
spark,150_10,1,8,gpu_last_col,1414,1,0.04368
spark,150_10,1,8,gpu_last_col,1415,2,0.074784
spark,150_10,1,8,gpu_last_col,1416,1,0.040224
spark,150_10,1,8,gpu_last_col,1417,1,0.045792
spark,150_10,1,8,gpu_last_col,1418,2,0.059328
spark,150_10,1,8,gpu_last_col,1419,3,0.076672
spark,150_10,1,8,gpu_last_col,1420,4,0.074912
spark,150_10,1,8,gpu_last_col,1421,3,0.069952
spark,150_10,1,8,gpu_last_col,1422,1,0.051968
spark,150_10,1,8,gpu_last_col,1423,1,0.066496
spark,150_10,1,8,gpu_last_col,1424,1,0.024256
spark,150_10,1,8,gpu_last_col,1425,1,0.022944
spark,150_10,1,8,gpu_last_col,1426,2,0.067776
spark,150_10,1,8,gpu_last_col,1427,3,0.05136
spark,150_10,1,8,gpu_last_col,1428,3,0.072416
spark,150_10,1,8,gpu_last_col,1429,3,0.066336
spark,150_10,1,8,gpu_last_col,1430,3,0.07776
spark,150_10,1,8,gpu_last_col,1431,1,0.062976
spark,150_10,1,8,gpu_last_col,1432,1,0.067648
spark,150_10,1,8,gpu_last_col,1433,1,0.056448
spark,150_10,1,8,gpu_last_col,1434,1,0.064992
spark,150_10,1,8,gpu_last_col,1435,2,0.046912
spark,150_10,1,8,gpu_last_col,1436,3,0.064064
spark,150_10,1,8,gpu_last_col,1437,5,0.074112
spark,150_10,1,8,gpu_last_col,1438,6,0.071584
spark,150_10,1,8,gpu_last_col,1439,7,0.074656
spark,150_10,1,8,gpu_last_col,1440,5,0.071168
spark,150_10,1,8,gpu_last_col,1441,8,0.074912
spark,150_10,1,8,gpu_last_col,1442,5,0.0712
spark,150_10,1,8,gpu_last_col,1443,3,0.07392
spark,150_10,1,8,gpu_last_col,1444,2,0.067168
spark,150_10,1,8,gpu_last_col,1445,1,0.037216
spark,150_10,1,8,gpu_last_col,1446,1,0.069152
spark,150_10,1,8,gpu_last_col,1447,1,0.052704
spark,150_10,1,8,gpu_last_col,1448,1,0.079488
spark,150_10,1,8,gpu_last_col,1449,1,0.02368
spark,150_10,1,8,gpu_last_col,1450,2,0.05952
spark,150_10,1,8,gpu_last_col,1451,3,0.056608
spark,150_10,1,8,gpu_last_col,1452,4,0.062848
spark,150_10,1,8,gpu_last_col,1453,4,0.051392
spark,150_10,1,8,gpu_last_col,1454,4,0.055808
spark,150_10,1,8,gpu_last_col,1455,3,0.07712
spark,150_10,1,8,gpu_last_col,1456,2,0.072672
spark,150_10,1,8,gpu_last_col,1457,1,0.068288
spark,150_10,1,8,gpu_last_col,1458,1,0.052992
spark,150_10,1,8,gpu_last_col,1459,1,0.070816
spark,150_10,1,8,gpu_last_col,1460,1,0.023904
spark,150_10,1,8,gpu_last_col,1461,2,0.074048
spark,150_10,1,8,gpu_last_col,1462,2,0.0768
spark,150_10,1,8,gpu_last_col,1463,2,0.069792
spark,150_10,1,8,gpu_last_col,1464,1,0.074656
spark,150_10,1,8,gpu_last_col,1465,1,0.048736
spark,150_10,1,8,gpu_last_col,1466,1,0.071552
spark,150_10,1,8,gpu_last_col,1467,1,0.065408
spark,150_10,1,8,gpu_last_col,1468,2,0.049824
spark,150_10,1,8,gpu_last_col,1469,4,0.07376
spark,150_10,1,8,gpu_last_col,1470,4,0.075648
spark,150_10,1,8,gpu_last_col,1471,4,0.07792
spark,150_10,1,8,gpu_last_col,1472,3,0.04208
spark,150_10,1,8,gpu_last_col,1473,3,0.063808
spark,150_10,1,8,gpu_last_col,1474,2,0.061344
spark,150_10,1,8,gpu_last_col,1475,1,0.057632
spark,150_10,1,8,gpu_last_col,1476,2,0.074752
spark,150_10,1,8,gpu_last_col,1477,1,0.052128
spark,150_10,1,8,gpu_last_col,1478,1,0.040992
spark,150_10,1,8,gpu_last_col,1479,1,0.067296
spark,150_10,1,8,gpu_last_col,1480,1,0.057824
spark,150_10,1,8,gpu_last_col,1481,2,0.058592
spark,150_10,1,8,gpu_last_col,1482,1,0.042336
spark,150_10,1,8,gpu_last_col,1483,1,0.030336
spark,150_10,1,8,gpu_last_col,1484,1,0.030688
spark,150_10,1,8,gpu_last_col,1485,1,0.034176
spark,150_10,1,8,gpu_last_col,1486,2,0.06192
spark,150_10,1,8,gpu_last_col,1487,4,0.061184
spark,150_10,1,8,gpu_last_col,1488,5,0.070048
spark,150_10,1,8,gpu_last_col,1489,3,0.06816
spark,150_10,1,8,gpu_last_col,1490,2,0.061952
spark,150_10,1,8,gpu_last_col,1491,1,0.069568
spark,150_10,1,8,gpu_last_col,1492,2,0.06752
spark,150_10,1,8,gpu_last_col,1493,2,0.048608
spark,150_10,1,8,gpu_last_col,1494,3,0.058784
spark,150_10,1,8,gpu_last_col,1495,1,0.031328
spark,150_10,1,8,gpu_last_col,1496,1,0.048064
spark,150_10,1,8,gpu_last_col,1497,2,0.054624
spark,150_10,1,8,gpu_last_col,1498,3,0.071904
spark,150_10,1,8,gpu_last_col,1499,2,0.047328
spark,150_10,1,8,gpu_last_col,1500,2,0.06656
spark,150_10,1,8,gpu_last_col,1501,2,0.03968
spark,150_10,1,8,gpu_last_col,1502,1,0.031616
spark,150_10,1,8,gpu_last_col,1503,2,0.059008
spark,150_10,1,8,gpu_last_col,1504,1,0.046496
spark,150_10,1,8,gpu_last_col,1505,1,0.037664
spark,150_10,1,8,gpu_last_col,1506,1,0.063616
spark,150_10,1,8,gpu_last_col,1507,2,0.070976
spark,150_10,1,8,gpu_last_col,1508,3,0.076512
spark,150_10,1,8,gpu_last_col,1509,2,0.069568
spark,150_10,1,8,gpu_last_col,1510,2,0.07696
spark,150_10,1,8,gpu_last_col,1511,3,0.065408
spark,150_10,1,8,gpu_last_col,1512,2,0.02864
spark,150_10,1,8,gpu_last_col,1513,2,0.045888
spark,150_10,1,8,gpu_last_col,1514,1,0.065056
spark,150_10,1,8,gpu_last_col,1515,1,0.035488
spark,150_10,1,8,gpu_last_col,1516,1,0.06864
spark,150_10,1,8,gpu_last_col,1517,2,0.060896
spark,150_10,1,8,gpu_last_col,1518,2,0.03504
spark,150_10,1,8,gpu_last_col,1519,1,0.055904
spark,150_10,1,8,gpu_last_col,1520,2,0.077792
spark,150_10,1,8,gpu_last_col,1521,1,0.068224
spark,150_10,1,8,gpu_last_col,1522,2,0.081472
spark,150_10,1,8,gpu_last_col,1523,2,0.069504
spark,150_10,1,8,gpu_last_col,1524,1,0.044224
spark,150_10,1,8,gpu_last_col,1525,1,0.055296
spark,150_10,1,8,gpu_last_col,1526,2,0.07808
spark,150_10,1,8,gpu_last_col,1527,4,0.076736
spark,150_10,1,8,gpu_last_col,1528,3,0.077856
spark,150_10,1,8,gpu_last_col,1529,2,0.050304
spark,150_10,1,8,gpu_last_col,1530,2,0.063552
spark,150_10,1,8,gpu_last_col,1531,1,0.050304
spark,150_10,1,8,gpu_last_col,1532,1,0.053056
spark,150_10,1,8,gpu_last_col,1533,1,0.052352
spark,150_10,1,8,gpu_last_col,1534,2,0.067776
spark,150_10,1,8,gpu_last_col,1535,1,0.035584
spark,150_10,1,8,gpu_last_col,1536,2,0.063872
spark,150_10,1,8,gpu_last_col,1537,1,0.066176
spark,150_10,1,8,gpu_last_col,1538,1,0.061024
spark,150_10,1,8,gpu_last_col,1539,1,0.0192
spark,150_10,1,8,gpu_last_col,1540,2,0.070944
spark,150_10,1,8,gpu_last_col,1541,2,0.03952
spark,150_10,1,8,gpu_last_col,1542,1,0.023936
spark,150_10,1,8,gpu_last_col,1543,1,0.0792
spark,150_10,1,8,gpu_last_col,1544,1,0.06992
spark,150_10,1,8,gpu_last_col,1545,1,0.065984
spark,150_10,1,8,gpu_last_col,1546,1,0.070464
spark,150_10,1,8,gpu_last_col,1547,2,0.0624
spark,150_10,1,8,gpu_last_col,1548,1,0.07056
spark,150_10,1,8,gpu_last_col,1549,1,0.05712
spark,150_10,1,8,gpu_last_col,1550,1,0.0744
spark,150_10,1,8,gpu_last_col,1551,2,0.062112
spark,150_10,1,8,gpu_last_col,1552,2,0.07152
spark,150_10,1,8,gpu_last_col,1553,3,0.07024
spark,150_10,1,8,gpu_last_col,1554,2,0.066624
spark,150_10,1,8,gpu_last_col,1555,4,0.063712
spark,150_10,1,8,gpu_last_col,1556,1,0.073376
spark,150_10,1,8,gpu_last_col,1557,1,0.03696
spark,150_10,1,8,gpu_last_col,1558,1,0.054848
spark,150_10,1,8,gpu_last_col,1559,1,0.070784
spark,150_10,1,8,gpu_last_col,1560,2,0.038144
spark,150_10,1,8,gpu_last_col,1561,1,0.070528
spark,150_10,1,8,gpu_last_col,1562,1,0.044288
spark,150_10,1,8,gpu_last_col,1563,1,0.02
spark,150_10,1,8,gpu_last_col,1564,2,0.064096
spark,150_10,1,8,gpu_last_col,1565,2,0.053632
spark,150_10,1,8,gpu_last_col,1566,1,0.035616
spark,150_10,1,8,gpu_last_col,1567,1,0.028608
spark,150_10,1,8,gpu_last_col,1568,1,0.074752
spark,150_10,1,8,gpu_last_col,1569,1,0.035392
spark,150_10,1,8,gpu_last_col,1570,1,0.062144
spark,150_10,1,8,gpu_last_col,1571,2,0.062624
spark,150_10,1,8,gpu_last_col,1572,3,0.054336
spark,150_10,1,8,gpu_last_col,1573,6,0.068992
spark,150_10,1,8,gpu_last_col,1574,3,0.048384
spark,150_10,1,8,gpu_last_col,1575,3,0.049088
spark,150_10,1,8,gpu_last_col,1576,3,0.06208
spark,150_10,1,8,gpu_last_col,1577,2,0.057504
spark,150_10,1,8,gpu_last_col,1578,2,0.075488
spark,150_10,1,8,gpu_last_col,1579,1,0.037344
spark,150_10,1,8,gpu_last_col,1580,1,0.068992
spark,150_10,1,8,gpu_last_col,1581,1,0.05712
spark,150_10,1,8,gpu_last_col,1582,2,0.07456
spark,150_10,1,8,gpu_last_col,1583,2,0.032448
spark,150_10,1,8,gpu_last_col,1584,2,0.043456
spark,150_10,1,8,gpu_last_col,1585,3,0.065568
spark,150_10,1,8,gpu_last_col,1586,2,0.067456
spark,150_10,1,8,gpu_last_col,1587,3,0.072064
spark,150_10,1,8,gpu_last_col,1588,3,0.070592
spark,150_10,1,8,gpu_last_col,1589,2,0.065824
spark,150_10,1,8,gpu_last_col,1590,1,0.044576
spark,150_10,1,8,gpu_last_col,1591,1,0.059424
spark,150_10,1,8,gpu_last_col,1592,1,0.053088
spark,150_10,1,8,gpu_last_col,1593,1,0.05168
spark,150_10,1,8,gpu_last_col,1594,1,0.050272
spark,150_10,1,8,gpu_last_col,1595,2,0.073728
spark,150_10,1,8,gpu_last_col,1596,3,0.071456
spark,150_10,1,8,gpu_last_col,1597,2,0.061984
spark,150_10,1,8,gpu_last_col,1598,2,0.067808
spark,150_10,1,8,gpu_last_col,1599,1,0.033504
spark,150_10,1,8,gpu_last_col,1600,1,0.020768
spark,150_10,1,8,gpu_last_col,1601,2,0.051776
spark,150_10,1,8,gpu_last_col,1602,3,0.06832
spark,150_10,1,8,gpu_last_col,1603,3,0.068288
spark,150_10,1,8,gpu_last_col,1604,3,0.07408
spark,150_10,1,8,gpu_last_col,1605,2,0.040384
spark,150_10,1,8,gpu_last_col,1606,1,0.020672
spark,150_10,1,8,gpu_last_col,1607,1,0.026272
spark,150_10,1,8,gpu_last_col,1608,2,0.075904
spark,150_10,1,8,gpu_last_col,1609,1,0.044448
spark,150_10,1,8,gpu_last_col,1610,1,0.075872
spark,150_10,1,8,gpu_last_col,1611,2,0.071008
spark,150_10,1,8,gpu_last_col,1612,3,0.069056
spark,150_10,1,8,gpu_last_col,1613,3,0.073856
spark,150_10,1,8,gpu_last_col,1614,1,0.077856
spark,150_10,1,8,gpu_last_col,1615,1,0.059072
spark,150_10,1,8,gpu_last_col,1616,1,0.036576
spark,150_10,1,8,gpu_last_col,1617,1,0.04816
spark,150_10,1,8,gpu_last_col,1618,2,0.067456
spark,150_10,1,8,gpu_last_col,1619,3,0.056224
spark,150_10,1,8,gpu_last_col,1620,3,0.069568
spark,150_10,1,8,gpu_last_col,1621,1,0.057536
spark,150_10,1,8,gpu_last_col,1622,1,0.028384
spark,150_10,1,8,gpu_last_col,1623,1,0.032928
spark,150_10,1,8,gpu_last_col,1624,1,0.034752
spark,150_10,1,8,gpu_last_col,1625,1,0.022304
spark,150_10,1,8,gpu_last_col,1626,2,0.059616
spark,150_10,1,8,gpu_last_col,1627,3,0.061216
spark,150_10,1,8,gpu_last_col,1628,2,0.053312
spark,150_10,1,8,gpu_last_col,1629,3,0.072832
spark,150_10,1,8,gpu_last_col,1630,1,0.070048
spark,150_10,1,8,gpu_last_col,1631,2,0.078176
spark,150_10,1,8,gpu_last_col,1632,3,0.075744
spark,150_10,1,8,gpu_last_col,1633,2,0.067552
spark,150_10,1,8,gpu_last_col,1634,1,0.037792
spark,150_10,1,8,gpu_last_col,1635,1,0.027648
spark,150_10,1,8,gpu_last_col,1636,1,0.072928
spark,150_10,1,8,gpu_last_col,1637,1,0.032768
spark,150_10,1,8,gpu_last_col,1638,1,0.06672
spark,150_10,1,8,gpu_last_col,1639,1,0.03888
spark,150_10,1,8,gpu_last_col,1640,1,0.056352
spark,150_10,1,8,gpu_last_col,1641,2,0.066144
spark,150_10,1,8,gpu_last_col,1642,2,0.034304
spark,150_10,1,8,gpu_last_col,1643,2,0.070784
spark,150_10,1,8,gpu_last_col,1644,2,0.073568
spark,150_10,1,8,gpu_last_col,1645,1,0.046752
spark,150_10,1,8,gpu_last_col,1646,1,0.041408
spark,150_10,1,8,gpu_last_col,1647,1,0.060224
spark,150_10,1,8,gpu_last_col,1648,2,0.078496
spark,150_10,1,8,gpu_last_col,1649,3,0.068832
spark,150_10,1,8,gpu_last_col,1650,3,0.04224
spark,150_10,1,8,gpu_last_col,1651,4,0.069248
spark,150_10,1,8,gpu_last_col,1652,1,0.050912
spark,150_10,1,8,gpu_last_col,1653,1,0.044768
spark,150_10,1,8,gpu_last_col,1654,1,0.039168
spark,150_10,1,8,gpu_last_col,1655,2,0.05776
spark,150_10,1,8,gpu_last_col,1656,3,0.061216
spark,150_10,1,8,gpu_last_col,1657,3,0.048512
spark,150_10,1,8,gpu_last_col,1658,2,0.071456
spark,150_10,1,8,gpu_last_col,1659,1,0.07168
spark,150_10,1,8,gpu_last_col,1660,1,0.06352
spark,150_10,1,8,gpu_last_col,1661,1,0.05152
spark,150_10,1,8,gpu_last_col,1662,1,0.0616
spark,150_10,1,8,gpu_last_col,1663,1,0.030592
spark,150_10,1,8,gpu_last_col,1664,1,0.072768
spark,150_10,1,8,gpu_last_col,1665,1,0.076608
spark,150_10,1,8,gpu_last_col,1666,2,0.041376
spark,150_10,1,8,gpu_last_col,1667,3,0.067328
spark,150_10,1,8,gpu_last_col,1668,4,0.072128
spark,150_10,1,8,gpu_last_col,1669,5,0.068704
spark,150_10,1,8,gpu_last_col,1670,5,0.071648
spark,150_10,1,8,gpu_last_col,1671,5,0.060224
spark,150_10,1,8,gpu_last_col,1672,3,0.067776
spark,150_10,1,8,gpu_last_col,1673,1,0.02624
spark,150_10,1,8,gpu_last_col,1674,1,0.079968
spark,150_10,1,8,gpu_last_col,1675,1,0.050528
spark,150_10,1,8,gpu_last_col,1676,1,0.048928
spark,150_10,1,8,gpu_last_col,1677,2,0.075168
spark,150_10,1,8,gpu_last_col,1678,3,0.067968
spark,150_10,1,8,gpu_last_col,1679,2,0.025184
spark,150_10,1,8,gpu_last_col,1680,1,0.053312
spark,150_10,1,8,gpu_last_col,1681,1,0.057536
spark,150_10,1,8,gpu_last_col,1682,1,0.037376
spark,150_10,1,8,gpu_last_col,1683,1,0.034144
spark,150_10,1,8,gpu_last_col,1684,1,0.031488
spark,150_10,1,8,gpu_last_col,1685,2,0.053408
spark,150_10,1,8,gpu_last_col,1686,2,0.059968
spark,150_10,1,8,gpu_last_col,1687,2,0.066592
spark,150_10,1,8,gpu_last_col,1688,2,0.0784
spark,150_10,1,8,gpu_last_col,1689,1,0.069504
spark,150_10,1,8,gpu_last_col,1690,2,0.0728
spark,150_10,1,8,gpu_last_col,1691,2,0.057408
spark,150_10,1,8,gpu_last_col,1692,1,0.07168
spark,150_10,1,8,gpu_last_col,1693,1,0.072064
spark,150_10,1,8,gpu_last_col,1694,1,0.029216
spark,150_10,1,8,gpu_last_col,1695,2,0.067712
spark,150_10,1,8,gpu_last_col,1696,4,0.06944
spark,150_10,1,8,gpu_last_col,1697,4,0.061088
spark,150_10,1,8,gpu_last_col,1698,2,0.071296
spark,150_10,1,8,gpu_last_col,1699,1,0.049824
spark,150_10,1,8,gpu_last_col,1700,1,0.029728
spark,150_10,1,8,gpu_last_col,1701,1,0.02256
spark,150_10,1,8,gpu_last_col,1702,1,0.073472
spark,150_10,1,8,gpu_last_col,1703,2,0.045376
spark,150_10,1,8,gpu_last_col,1704,2,0.054656
spark,150_10,1,8,gpu_last_col,1705,4,0.060352
spark,150_10,1,8,gpu_last_col,1706,5,0.070144
spark,150_10,1,8,gpu_last_col,1707,2,0.066912
spark,150_10,1,8,gpu_last_col,1708,1,0.062016
spark,150_10,1,8,gpu_last_col,1709,2,0.077792
spark,150_10,1,8,gpu_last_col,1710,2,0.049952
spark,150_10,1,8,gpu_last_col,1711,2,0.043648
spark,150_10,1,8,gpu_last_col,1712,1,0.040928
spark,150_10,1,8,gpu_last_col,1713,2,0.073824
spark,150_10,1,8,gpu_last_col,1714,1,0.05408
spark,150_10,1,8,gpu_last_col,1715,1,0.040768
spark,150_10,1,8,gpu_last_col,1716,2,0.071808
spark,150_10,1,8,gpu_last_col,1717,3,0.067008
spark,150_10,1,8,gpu_last_col,1718,4,0.06704
spark,150_10,1,8,gpu_last_col,1719,5,0.070496
spark,150_10,1,8,gpu_last_col,1720,4,0.076096
spark,150_10,1,8,gpu_last_col,1721,4,0.07344
spark,150_10,1,8,gpu_last_col,1722,2,0.066176
spark,150_10,1,8,gpu_last_col,1723,1,0.061056
spark,150_10,1,8,gpu_last_col,1724,2,0.064
spark,150_10,1,8,gpu_last_col,1725,1,0.03056
spark,150_10,1,8,gpu_last_col,1726,1,0.078144
spark,150_10,1,8,gpu_last_col,1727,1,0.036064
spark,150_10,1,8,gpu_last_col,1728,1,0.068128
spark,150_10,1,8,gpu_last_col,1729,2,0.074304
spark,150_10,1,8,gpu_last_col,1730,3,0.0696
spark,150_10,1,8,gpu_last_col,1731,3,0.077408
spark,150_10,1,8,gpu_last_col,1732,2,0.037568
spark,150_10,1,8,gpu_last_col,1733,1,0.045664
spark,150_10,1,8,gpu_last_col,1734,1,0.06496
spark,150_10,1,8,gpu_last_col,1735,1,0.071968
spark,150_10,1,8,gpu_last_col,1736,1,0.029056
spark,150_10,1,8,gpu_last_col,1737,2,0.06848
spark,150_10,1,8,gpu_last_col,1738,3,0.03696
spark,150_10,1,8,gpu_last_col,1739,3,0.06672
spark,150_10,1,8,gpu_last_col,1740,2,0.076352
spark,150_10,1,8,gpu_last_col,1741,3,0.069984
spark,150_10,1,8,gpu_last_col,1742,2,0.041664
spark,150_10,1,8,gpu_last_col,1743,3,0.067232
spark,150_10,1,8,gpu_last_col,1744,1,0.044768
spark,150_10,1,8,gpu_last_col,1745,1,0.044768
spark,150_10,1,8,gpu_last_col,1746,1,0.035456
spark,150_10,1,8,gpu_last_col,1747,2,0.036704
spark,150_10,1,8,gpu_last_col,1748,3,0.07184
spark,150_10,1,8,gpu_last_col,1749,2,0.044864
spark,150_10,1,8,gpu_last_col,1750,1,0.063712
spark,150_10,1,8,gpu_last_col,1751,2,0.046432
spark,150_10,1,8,gpu_last_col,1752,3,0.053664
spark,150_10,1,8,gpu_last_col,1753,1,0.043712
spark,150_10,1,8,gpu_last_col,1754,1,0.057472
spark,150_10,1,8,gpu_last_col,1755,1,0.067424
spark,150_10,1,8,gpu_last_col,1756,1,0.075968
spark,150_10,1,8,gpu_last_col,1757,1,0.058944
spark,150_10,1,8,gpu_last_col,1758,1,0.05136
spark,150_10,1,8,gpu_last_col,1759,2,0.0616
spark,150_10,1,8,gpu_last_col,1760,2,0.052672
spark,150_10,1,8,gpu_last_col,1761,2,0.036224
spark,150_10,1,8,gpu_last_col,1762,2,0.075552
spark,150_10,1,8,gpu_last_col,1763,1,0.06064
spark,150_10,1,8,gpu_last_col,1764,1,0.072832
spark,150_10,1,8,gpu_last_col,1765,1,0.050208
spark,150_10,1,8,gpu_last_col,1766,1,0.07728
spark,150_10,1,8,gpu_last_col,1767,1,0.050304
spark,150_10,1,8,gpu_last_col,1768,1,0.064928
spark,150_10,1,8,gpu_last_col,1769,1,0.063584
spark,150_10,1,8,gpu_last_col,1770,1,0.065696
spark,150_10,1,8,gpu_last_col,1771,2,0.0656
spark,150_10,1,8,gpu_last_col,1772,4,0.052352
spark,150_10,1,8,gpu_last_col,1773,2,0.065664
spark,150_10,1,8,gpu_last_col,1774,2,0.052416
spark,150_10,1,8,gpu_last_col,1775,2,0.040896
spark,150_10,1,8,gpu_last_col,1776,2,0.06976
spark,150_10,1,8,gpu_last_col,1777,1,0.051104
spark,150_10,1,8,gpu_last_col,1778,1,0.054656
spark,150_10,1,8,gpu_last_col,1779,1,0.038944
spark,150_10,1,8,gpu_last_col,1780,2,0.045248
spark,150_10,1,8,gpu_last_col,1781,3,0.074528
spark,150_10,1,8,gpu_last_col,1782,3,0.074784
spark,150_10,1,8,gpu_last_col,1783,4,0.075296
spark,150_10,1,8,gpu_last_col,1784,3,0.064768
spark,150_10,1,8,gpu_last_col,1785,1,0.056864
spark,150_10,1,8,gpu_last_col,1786,1,0.040064
spark,150_10,1,8,gpu_last_col,1787,1,0.0464
spark,150_10,1,8,gpu_last_col,1788,2,0.044992
spark,150_10,1,8,gpu_last_col,1789,3,0.071296
spark,150_10,1,8,gpu_last_col,1790,3,0.0544
spark,150_10,1,8,gpu_last_col,1791,5,0.070112
spark,150_10,1,8,gpu_last_col,1792,5,0.071136
spark,150_10,1,8,gpu_last_col,1793,2,0.07488
spark,150_10,1,8,gpu_last_col,1794,2,0.05552
spark,150_10,1,8,gpu_last_col,1795,1,0.070176
spark,150_10,1,8,gpu_last_col,1796,1,0.059776
spark,150_10,1,8,gpu_last_col,1797,1,0.04416
spark,150_10,1,8,gpu_last_col,1798,1,0.043392
spark,150_10,1,8,gpu_last_col,1799,2,0.076384
spark,150_10,1,8,gpu_last_col,1800,3,0.059136
spark,150_10,1,8,gpu_last_col,1801,3,0.075328
spark,150_10,1,8,gpu_last_col,1802,3,0.065248
spark,150_10,1,8,gpu_last_col,1803,1,0.058304
spark,150_10,1,8,gpu_last_col,1804,1,0.025152
spark,150_10,1,8,gpu_last_col,1805,1,0.071232
spark,150_10,1,8,gpu_last_col,1806,1,0.075584
spark,150_10,1,8,gpu_last_col,1807,1,0.056448
spark,150_10,1,8,gpu_last_col,1808,1,0.054912
spark,150_10,1,8,gpu_last_col,1809,1,0.0616
spark,150_10,1,8,gpu_last_col,1810,2,0.061376
spark,150_10,1,8,gpu_last_col,1811,3,0.04912
spark,150_10,1,8,gpu_last_col,1812,3,0.078336
spark,150_10,1,8,gpu_last_col,1813,3,0.074368
spark,150_10,1,8,gpu_last_col,1814,3,0.072128
spark,150_10,1,8,gpu_last_col,1815,1,0.043168
spark,150_10,1,8,gpu_last_col,1816,1,0.062016
spark,150_10,1,8,gpu_last_col,1817,1,0.059264
spark,150_10,1,8,gpu_last_col,1818,2,0.066464
spark,150_10,1,8,gpu_last_col,1819,2,0.06304
spark,150_10,1,8,gpu_last_col,1820,1,0.039648
spark,150_10,1,8,gpu_last_col,1821,1,0.040864
spark,150_10,1,8,gpu_last_col,1822,1,0.072864
spark,150_10,1,8,gpu_last_col,1823,1,0.0288
spark,150_10,1,8,gpu_last_col,1824,1,0.051392
spark,150_10,1,8,gpu_last_col,1825,2,0.058496
spark,150_10,1,8,gpu_last_col,1826,4,0.065056
spark,150_10,1,8,gpu_last_col,1827,4,0.06384
spark,150_10,1,8,gpu_last_col,1828,4,0.065248
spark,150_10,1,8,gpu_last_col,1829,3,0.049056
spark,150_10,1,8,gpu_last_col,1830,3,0.06432
spark,150_10,1,8,gpu_last_col,1831,2,0.07776
spark,150_10,1,8,gpu_last_col,1832,1,0.0424
spark,150_10,1,8,gpu_last_col,1833,2,0.039616
spark,150_10,1,8,gpu_last_col,1834,1,0.056832
spark,150_10,1,8,gpu_last_col,1835,1,0.04512
spark,150_10,1,8,gpu_last_col,1836,1,0.0648
spark,150_10,1,8,gpu_last_col,1837,1,0.048032
spark,150_10,1,8,gpu_last_col,1838,1,0.079936
spark,150_10,1,8,gpu_last_col,1839,1,0.029472
spark,150_10,1,8,gpu_last_col,1840,2,0.06976
spark,150_10,1,8,gpu_last_col,1841,1,0.036608
spark,150_10,1,8,gpu_last_col,1842,1,0.038496
spark,150_10,1,8,gpu_last_col,1843,1,0.02704
spark,150_10,1,8,gpu_last_col,1844,1,0.03568
spark,150_10,1,8,gpu_last_col,1845,2,0.06944
spark,150_10,1,8,gpu_last_col,1846,3,0.064992
spark,150_10,1,8,gpu_last_col,1847,3,0.057856
spark,150_10,1,8,gpu_last_col,1848,3,0.070432
spark,150_10,1,8,gpu_last_col,1849,1,0.030848
spark,150_10,1,8,gpu_last_col,1850,2,0.065312
spark,150_10,1,8,gpu_last_col,1851,2,0.061056
spark,150_10,1,8,gpu_last_col,1852,1,0.033888
spark,150_10,1,8,gpu_last_col,1853,1,0.069184
spark,150_10,1,8,gpu_last_col,1854,1,0.053344
spark,150_10,1,8,gpu_last_col,1855,1,0.022016
spark,150_10,1,8,gpu_last_col,1856,1,0.049088
spark,150_10,1,8,gpu_last_col,1857,1,0.040832
spark,150_10,1,8,gpu_last_col,1858,1,0.040288
spark,150_10,1,8,gpu_last_col,1859,1,0.063968
spark,150_10,1,8,gpu_last_col,1860,2,0.055552
spark,150_10,1,8,gpu_last_col,1861,1,0.041344
spark,150_10,1,8,gpu_last_col,1862,1,0.044
spark,150_10,1,8,gpu_last_col,1863,2,0.074464
spark,150_10,1,8,gpu_last_col,1864,1,0.054208
spark,150_10,1,8,gpu_last_col,1865,1,0.075584
spark,150_10,1,8,gpu_last_col,1866,1,0.053952
spark,150_10,1,8,gpu_last_col,1867,1,0.03984
spark,150_10,1,8,gpu_last_col,1868,2,0.074912
spark,150_10,1,8,gpu_last_col,1869,3,0.039264
spark,150_10,1,8,gpu_last_col,1870,4,0.07456
spark,150_10,1,8,gpu_last_col,1871,7,0.076576
spark,150_10,1,8,gpu_last_col,1872,7,0.075488
spark,150_10,1,8,gpu_last_col,1873,5,0.067328
spark,150_10,1,8,gpu_last_col,1874,4,0.066688
spark,150_10,1,8,gpu_last_col,1875,2,0.057888
spark,150_10,1,8,gpu_last_col,1876,2,0.076288
spark,150_10,1,8,gpu_last_col,1877,1,0.041408
spark,150_10,1,8,gpu_last_col,1878,1,0.060576
spark,150_10,1,8,gpu_last_col,1879,1,0.073952
spark,150_10,1,8,gpu_last_col,1880,2,0.045152
spark,150_10,1,8,gpu_last_col,1881,1,0.049408
spark,150_10,1,8,gpu_last_col,1882,1,0.0528
spark,150_10,1,8,gpu_last_col,1883,2,0.05952
spark,150_10,1,8,gpu_last_col,1884,2,0.071072
spark,150_10,1,8,gpu_last_col,1885,2,0.056768
spark,150_10,1,8,gpu_last_col,1886,3,0.057632
spark,150_10,1,8,gpu_last_col,1887,3,0.047712
spark,150_10,1,8,gpu_last_col,1888,1,0.022752
spark,150_10,1,8,gpu_last_col,1889,1,0.053536
spark,150_10,1,8,gpu_last_col,1890,1,0.052352
spark,150_10,1,8,gpu_last_col,1891,1,0.026976
spark,150_10,1,8,gpu_last_col,1892,1,0.034208
spark,150_10,1,8,gpu_last_col,1893,1,0.075552
spark,150_10,1,8,gpu_last_col,1894,1,0.048064
spark,150_10,1,8,gpu_last_col,1895,1,0.053056
spark,150_10,1,8,gpu_last_col,1896,1,0.054464
spark,150_10,1,8,gpu_last_col,1897,2,0.056064
spark,150_10,1,8,gpu_last_col,1898,3,0.066656
spark,150_10,1,8,gpu_last_col,1899,2,0.070848
spark,150_10,1,8,gpu_last_col,1900,3,0.05184
spark,150_10,1,8,gpu_last_col,1901,2,0.069856
spark,150_10,1,8,gpu_last_col,1902,1,0.079008
spark,150_10,1,8,gpu_last_col,1903,1,0.045824
spark,150_10,1,8,gpu_last_col,1904,1,0.074272
spark,150_10,1,8,gpu_last_col,1905,1,0.07504
spark,150_10,1,8,gpu_last_col,1906,2,0.032832
spark,150_10,1,8,gpu_last_col,1907,1,0.032928
spark,150_10,1,8,gpu_last_col,1908,1,0.043456
spark,150_10,1,8,gpu_last_col,1909,1,0.065632
spark,150_10,1,8,gpu_last_col,1910,1,0.027008
spark,150_10,1,8,gpu_last_col,1911,1,0.056288
spark,150_10,1,8,gpu_last_col,1912,1,0.024544
spark,150_10,1,8,gpu_last_col,1913,1,0.02816
spark,150_10,1,8,gpu_last_col,1914,1,0.044096
spark,150_10,1,8,gpu_last_col,1915,2,0.064768
spark,150_10,1,8,gpu_last_col,1916,2,0.069376
spark,150_10,1,8,gpu_last_col,1917,1,0.039552
spark,150_10,1,8,gpu_last_col,1918,2,0.054912
spark,150_10,1,8,gpu_last_col,1919,2,0.052672
spark,150_10,1,8,gpu_last_col,1920,1,0.04816
spark,150_10,1,8,gpu_last_col,1921,1,0.025184
spark,150_10,1,8,gpu_last_col,1922,1,0.059488
spark,150_10,1,8,gpu_last_col,1923,2,0.068992
spark,150_10,1,8,gpu_last_col,1924,3,0.043616
spark,150_10,1,8,gpu_last_col,1925,4,0.071552
spark,150_10,1,8,gpu_last_col,1926,2,0.065344
spark,150_10,1,8,gpu_last_col,1927,2,0.054592
spark,150_10,1,8,gpu_last_col,1928,1,0.028864
spark,150_10,1,8,gpu_last_col,1929,1,0.058528
spark,150_10,1,8,gpu_last_col,1930,1,0.04752
spark,150_10,1,8,gpu_last_col,1931,1,0.035872
spark,150_10,1,8,gpu_last_col,1932,2,0.073856
spark,150_10,1,8,gpu_last_col,1933,4,0.069344
spark,150_10,1,8,gpu_last_col,1934,4,0.04944
spark,150_10,1,8,gpu_last_col,1935,3,0.07552
spark,150_10,1,8,gpu_last_col,1936,2,0.062816
spark,150_10,1,8,gpu_last_col,1937,1,0.060896
spark,150_10,1,8,gpu_last_col,1938,1,0.049696
spark,150_10,1,8,gpu_last_col,1939,1,0.031968
spark,150_10,1,8,gpu_last_col,1940,1,0.073344
spark,150_10,1,8,gpu_last_col,1941,1,0.045344
spark,150_10,1,8,gpu_last_col,1942,1,0.037184
spark,150_10,1,8,gpu_last_col,1943,1,0.060992
spark,150_10,1,8,gpu_last_col,1944,1,0.071456
spark,150_10,1,8,gpu_last_col,1945,2,0.076928
spark,150_10,1,8,gpu_last_col,1946,3,0.073984
spark,150_10,1,8,gpu_last_col,1947,4,0.045216
spark,150_10,1,8,gpu_last_col,1948,3,0.064736
spark,150_10,1,8,gpu_last_col,1949,2,0.067776
spark,150_10,1,8,gpu_last_col,1950,2,0.061504
spark,150_10,1,8,gpu_last_col,1951,1,0.069248
spark,150_10,1,8,gpu_last_col,1952,1,0.072096
spark,150_10,1,8,gpu_last_col,1953,1,0.035968
spark,150_10,1,8,gpu_last_col,1954,1,0.06096
spark,150_10,1,8,gpu_last_col,1955,1,0.020256
spark,150_10,1,8,gpu_last_col,1956,2,0.074944
spark,150_10,1,8,gpu_last_col,1957,3,0.063168
spark,150_10,1,8,gpu_last_col,1958,2,0.05792
spark,150_10,1,8,gpu_last_col,1959,2,0.035904
spark,150_10,1,8,gpu_last_col,1960,3,0.069088
spark,150_10,1,8,gpu_last_col,1961,3,0.063968
spark,150_10,1,8,gpu_last_col,1962,3,0.057888
spark,150_10,1,8,gpu_last_col,1963,1,0.077408
spark,150_10,1,8,gpu_last_col,1964,1,0.031104
spark,150_10,1,8,gpu_last_col,1965,1,0.049472
spark,150_10,1,8,gpu_last_col,1966,2,0.075968
spark,150_10,1,8,gpu_last_col,1967,4,0.075488
spark,150_10,1,8,gpu_last_col,1968,2,0.029504
spark,150_10,1,8,gpu_last_col,1969,1,0.037824
spark,150_10,1,8,gpu_last_col,1970,1,0.04288
spark,150_10,1,8,gpu_last_col,1971,1,0.025056
spark,150_10,1,8,gpu_last_col,1972,1,0.04848
spark,150_10,1,8,gpu_last_col,1973,1,0.045248
spark,150_10,1,8,gpu_last_col,1974,1,0.053728
spark,150_10,1,8,gpu_last_col,1975,1,0.02928
spark,150_10,1,8,gpu_last_col,1976,1,0.048736
spark,150_10,1,8,gpu_last_col,1977,2,0.03952
spark,150_10,1,8,gpu_last_col,1978,4,0.076864
spark,150_10,1,8,gpu_last_col,1979,4,0.078784
spark,150_10,1,8,gpu_last_col,1980,2,0.03984
spark,150_10,1,8,gpu_last_col,1981,1,0.036224
spark,150_10,1,8,gpu_last_col,1982,1,0.076256
spark,150_10,1,8,gpu_last_col,1983,1,0.071424
spark,150_10,1,8,gpu_last_col,1984,2,0.048064
spark,150_10,1,8,gpu_last_col,1985,2,0.052
spark,150_10,1,8,gpu_last_col,1986,2,0.048032
spark,150_10,1,8,gpu_last_col,1987,2,0.053984
spark,150_10,1,8,gpu_last_col,1988,2,0.074784
spark,150_10,1,8,gpu_last_col,1989,1,0.073856
spark,150_10,1,8,gpu_last_col,1990,1,0.069472
spark,150_10,1,8,gpu_last_col,1991,1,0.052032
spark,150_10,1,8,gpu_last_col,1992,1,0.048
spark,150_10,1,8,gpu_last_col,1993,2,0.064256
spark,150_10,1,8,gpu_last_col,1994,3,0.067488
spark,150_10,1,8,gpu_last_col,1995,6,0.070144
spark,150_10,1,8,gpu_last_col,1996,7,0.075232
spark,150_10,1,8,gpu_last_col,1997,5,0.057568
spark,150_10,1,8,gpu_last_col,1998,3,0.031136
spark,150_10,1,8,gpu_last_col,1999,4,0.06144
spark,150_10,1,8,gpu_last_col,2000,4,0.069024
spark,150_10,1,8,gpu_last_col,2001,2,0.031072
spark,150_10,1,8,gpu_last_col,2002,2,0.070176
spark,150_10,1,8,gpu_last_col,2003,1,0.030432
spark,150_10,1,8,gpu_last_col,2004,1,0.078144
spark,150_10,1,8,gpu_last_col,2005,1,0.054432
spark,150_10,1,8,gpu_last_col,2006,2,0.065504
spark,150_10,1,8,gpu_last_col,2007,2,0.0504
spark,150_10,1,8,gpu_last_col,2008,3,0.071072
spark,150_10,1,8,gpu_last_col,2009,4,0.077632
spark,150_10,1,8,gpu_last_col,2010,3,0.066208
spark,150_10,1,8,gpu_last_col,2011,2,0.06288
spark,150_10,1,8,gpu_last_col,2012,3,0.070432
spark,150_10,1,8,gpu_last_col,2013,2,0.067104
spark,150_10,1,8,gpu_last_col,2014,1,0.056224
spark,150_10,1,8,gpu_last_col,2015,1,0.044096
spark,150_10,1,8,gpu_last_col,2016,1,0.035168
spark,150_10,1,8,gpu_last_col,2017,1,0.05104
spark,150_10,1,8,gpu_last_col,2018,2,0.052608
spark,150_10,1,8,gpu_last_col,2019,3,0.061184
spark,150_10,1,8,gpu_last_col,2020,4,0.058496
spark,150_10,1,8,gpu_last_col,2021,3,0.05248
spark,150_10,1,8,gpu_last_col,2022,2,0.065728
spark,150_10,1,8,gpu_last_col,2023,1,0.077536
spark,150_10,1,8,gpu_last_col,2024,1,0.029632
spark,150_10,1,8,gpu_last_col,2025,1,0.053792
spark,150_10,1,8,gpu_last_col,2026,1,0.029312
spark,150_10,1,8,gpu_last_col,2027,1,0.05488
spark,150_10,1,8,gpu_last_col,2028,2,0.047136
spark,150_10,1,8,gpu_last_col,2029,3,0.060192
spark,150_10,1,8,gpu_last_col,2030,3,0.073024
spark,150_10,1,8,gpu_last_col,2031,1,0.024288
spark,150_10,1,8,gpu_last_col,2032,1,0.074784
spark,150_10,1,8,gpu_last_col,2033,1,0.023936
spark,150_10,1,8,gpu_last_col,2034,1,0.075136
spark,150_10,1,8,gpu_last_col,2035,2,0.064352
spark,150_10,1,8,gpu_last_col,2036,1,0.044384
spark,150_10,1,8,gpu_last_col,2037,2,0.073184
spark,150_10,1,8,gpu_last_col,2038,2,0.058528
spark,150_10,1,8,gpu_last_col,2039,1,0.0664
spark,150_10,1,8,gpu_last_col,2040,1,0.076256
spark,150_10,1,8,gpu_last_col,2041,1,0.052896
spark,150_10,1,8,gpu_last_col,2042,1,0.051168
spark,150_10,1,8,gpu_last_col,2043,2,0.063168
spark,150_10,1,8,gpu_last_col,2044,2,0.070912
spark,150_10,1,8,gpu_last_col,2045,1,0.054144
spark,150_10,1,8,gpu_last_col,2046,1,0.034528
spark,150_10,1,8,gpu_last_col,2047,1,0.037216
spark,150_10,1,8,gpu_last_col,2048,1,0.042496
spark,150_10,1,8,gpu_last_col,2049,1,0.049472
spark,150_10,1,8,gpu_last_col,2050,1,0.022528
spark,150_10,1,8,gpu_last_col,2051,1,0.03392
spark,150_10,1,8,gpu_last_col,2052,1,0.026688
spark,150_10,1,8,gpu_last_col,2053,1,0.045888
spark,150_10,1,8,gpu_last_col,2054,1,0.055552
spark,150_10,1,8,gpu_last_col,2055,1,0.042688
spark,150_10,1,8,gpu_last_col,2056,1,0.047616
spark,150_10,1,8,gpu_last_col,2057,1,0.025568
spark,150_10,1,8,gpu_last_col,2058,1,0.047008
spark,150_10,1,8,gpu_last_col,2059,1,0.046208
spark,150_10,1,8,gpu_last_col,2060,1,0.076096
spark,150_10,1,8,gpu_last_col,2061,1,0.040736
spark,150_10,1,8,gpu_last_col,2062,2,0.034432
spark,150_10,1,8,gpu_last_col,2063,2,0.060896
spark,150_10,1,8,gpu_last_col,2064,3,0.065216
spark,150_10,1,8,gpu_last_col,2065,1,0.064384
spark,150_10,1,8,gpu_last_col,2066,2,0.069504
spark,150_10,1,8,gpu_last_col,2067,2,0.055488
spark,150_10,1,8,gpu_last_col,2068,1,0.030496
spark,150_10,1,8,gpu_last_col,2069,1,0.07696
spark,150_10,1,8,gpu_last_col,2070,1,0.064032
spark,150_10,1,8,gpu_last_col,2071,2,0.069376
spark,150_10,1,8,gpu_last_col,2072,4,0.070624
spark,150_10,1,8,gpu_last_col,2073,5,0.065216
spark,150_10,1,8,gpu_last_col,2074,7,0.077632
spark,150_10,1,8,gpu_last_col,2075,5,0.066688
spark,150_10,1,8,gpu_last_col,2076,4,0.0744
spark,150_10,1,8,gpu_last_col,2077,3,0.075296
spark,150_10,1,8,gpu_last_col,2078,1,0.067072
spark,150_10,1,8,gpu_last_col,2079,1,0.073056
spark,150_10,1,8,gpu_last_col,2080,1,0.038304
spark,150_10,1,8,gpu_last_col,2081,1,0.050784
spark,150_10,1,8,gpu_last_col,2082,1,0.044064
spark,150_10,1,8,gpu_last_col,2083,1,0.043712
spark,150_10,1,8,gpu_last_col,2084,2,0.062048
spark,150_10,1,8,gpu_last_col,2085,2,0.06336
spark,150_10,1,8,gpu_last_col,2086,2,0.065792
spark,150_10,1,8,gpu_last_col,2087,1,0.050336
spark,150_10,1,8,gpu_last_col,2088,1,0.036192
spark,150_10,1,8,gpu_last_col,2089,1,0.062912
spark,150_10,1,8,gpu_last_col,2090,1,0.029408
spark,150_10,1,8,gpu_last_col,2091,1,0.023168
spark,150_10,1,8,gpu_last_col,2092,1,0.068032
spark,150_10,1,8,gpu_last_col,2093,1,0.025216
spark,150_10,1,8,gpu_last_col,2094,1,0.026592
spark,150_10,1,8,gpu_last_col,2095,1,0.05936
spark,150_10,1,8,gpu_last_col,2096,1,0.069056
spark,150_10,1,8,gpu_last_col,2097,1,0.032352
spark,150_10,1,8,gpu_last_col,2098,2,0.07552
spark,150_10,1,8,gpu_last_col,2099,4,0.07664
spark,150_10,1,8,gpu_last_col,2100,4,0.07392
spark,150_10,1,8,gpu_last_col,2101,5,0.068032
spark,150_10,1,8,gpu_last_col,2102,1,0.047392
spark,150_10,1,8,gpu_last_col,2103,1,0.045888
spark,150_10,1,8,gpu_last_col,2104,1,0.044832
spark,150_10,1,8,gpu_last_col,2105,1,0.043392
spark,150_10,1,8,gpu_last_col,2106,2,0.06928
spark,150_10,1,8,gpu_last_col,2107,1,0.039776
spark,150_10,1,8,gpu_last_col,2108,1,0.060608
spark,150_10,1,8,gpu_last_col,2109,2,0.074592
spark,150_10,1,8,gpu_last_col,2110,3,0.066496
spark,150_10,1,8,gpu_last_col,2111,3,0.057856
spark,150_10,1,8,gpu_last_col,2112,2,0.051616
spark,150_10,1,8,gpu_last_col,2113,2,0.071616
spark,150_10,1,8,gpu_last_col,2114,2,0.076384
spark,150_10,1,8,gpu_last_col,2115,1,0.06032
spark,150_10,1,8,gpu_last_col,2116,1,0.05968
spark,150_10,1,8,gpu_last_col,2117,2,0.043936
spark,150_10,1,8,gpu_last_col,2118,3,0.07488
spark,150_10,1,8,gpu_last_col,2119,4,0.0696
spark,150_10,1,8,gpu_last_col,2120,6,0.077248
spark,150_10,1,8,gpu_last_col,2121,4,0.06368
spark,150_10,1,8,gpu_last_col,2122,3,0.067872
spark,150_10,1,8,gpu_last_col,2123,2,0.050688
spark,150_10,1,8,gpu_last_col,2124,1,0.05872
spark,150_10,1,8,gpu_last_col,2125,1,0.05408
spark,150_10,1,8,gpu_last_col,2126,2,0.050912
spark,150_10,1,8,gpu_last_col,2127,4,0.047168
spark,150_10,1,8,gpu_last_col,2128,4,0.068416
spark,150_10,1,8,gpu_last_col,2129,4,0.068192
spark,150_10,1,8,gpu_last_col,2130,1,0.0656
spark,150_10,1,8,gpu_last_col,2131,1,0.054976
spark,150_10,1,8,gpu_last_col,2132,1,0.062112
spark,150_10,1,8,gpu_last_col,2133,1,0.037856
spark,150_10,1,8,gpu_last_col,2134,1,0.04048
spark,150_10,1,8,gpu_last_col,2135,1,0.027872
spark,150_10,1,8,gpu_last_col,2136,1,0.060128
spark,150_10,1,8,gpu_last_col,2137,2,0.051872
spark,150_10,1,8,gpu_last_col,2138,1,0.041792
spark,150_10,1,8,gpu_last_col,2139,2,0.060352
spark,150_10,1,8,gpu_last_col,2140,2,0.072416
spark,150_10,1,8,gpu_last_col,2141,2,0.070336
spark,150_10,1,8,gpu_last_col,2142,2,0.040288
spark,150_10,1,8,gpu_last_col,2143,2,0.04944
spark,150_10,1,8,gpu_last_col,2144,2,0.075136
spark,150_10,1,8,gpu_last_col,2145,1,0.039456
spark,150_10,1,8,gpu_last_col,2146,1,0.07472
spark,150_10,1,8,gpu_last_col,2147,1,0.071328
spark,150_10,1,8,gpu_last_col,2148,1,0.061824
spark,150_10,1,8,gpu_last_col,2149,1,0.03776
spark,150_10,1,8,gpu_last_col,2150,2,0.0528
spark,150_10,1,8,gpu_last_col,2151,1,0.069856
spark,150_10,1,8,gpu_last_col,2152,1,0.046944
spark,150_10,1,8,gpu_last_col,2153,1,0.055456
spark,150_10,1,8,gpu_last_col,2154,1,0.049856
spark,150_10,1,8,gpu_last_col,2155,1,0.065664
spark,150_10,1,8,gpu_last_col,2156,1,0.03072
spark,150_10,1,8,gpu_last_col,2157,1,0.07648
spark,150_10,1,8,gpu_last_col,2158,2,0.06512
spark,150_10,1,8,gpu_last_col,2159,1,0.059744
spark,150_10,1,8,gpu_last_col,2160,1,0.063136
spark,150_10,1,8,gpu_last_col,2161,1,0.047616
spark,150_10,1,8,gpu_last_col,2162,2,0.060928
spark,150_10,1,8,gpu_last_col,2163,1,0.045792
spark,150_10,1,8,gpu_last_col,2164,1,0.045408
spark,150_10,1,8,gpu_last_col,2165,1,0.056
spark,150_10,1,8,gpu_last_col,2166,2,0.063552
spark,150_10,1,8,gpu_last_col,2167,3,0.07328
spark,150_10,1,8,gpu_last_col,2168,3,0.06896
spark,150_10,1,8,gpu_last_col,2169,1,0.074912
spark,150_10,1,8,gpu_last_col,2170,1,0.070368
spark,150_10,1,8,gpu_last_col,2171,1,0.030432
spark,150_10,1,8,gpu_last_col,2172,1,0.040096
spark,150_10,1,8,gpu_last_col,2173,1,0.023008
spark,150_10,1,8,gpu_last_col,2174,1,0.064128
spark,150_10,1,8,gpu_last_col,2175,1,0.039232
spark,150_10,1,8,gpu_last_col,2176,2,0.076096
spark,150_10,1,8,gpu_last_col,2177,1,0.041504
spark,150_10,1,8,gpu_last_col,2178,1,0.0216
spark,150_10,1,8,gpu_last_col,2179,1,0.026272
spark,150_10,1,8,gpu_last_col,2180,1,0.040128
spark,150_10,1,8,gpu_last_col,2181,1,0.02432
spark,150_10,1,8,gpu_last_col,2182,1,0.05392
spark,150_10,1,8,gpu_last_col,2183,2,0.055232
spark,150_10,1,8,gpu_last_col,2184,3,0.070752
spark,150_10,1,8,gpu_last_col,2185,4,0.07664
spark,150_10,1,8,gpu_last_col,2186,2,0.02352
spark,150_10,1,8,gpu_last_col,2187,3,0.070496
spark,150_10,1,8,gpu_last_col,2188,2,0.063936
spark,150_10,1,8,gpu_last_col,2189,2,0.03888
spark,150_10,1,8,gpu_last_col,2190,2,0.075104
spark,150_10,1,8,gpu_last_col,2191,1,0.054208
spark,150_10,1,8,gpu_last_col,2192,1,0.041376
spark,150_10,1,8,gpu_last_col,2193,1,0.070336
spark,150_10,1,8,gpu_last_col,2194,2,0.060544
spark,150_10,1,8,gpu_last_col,2195,4,0.063488
spark,150_10,1,8,gpu_last_col,2196,4,0.07552
spark,150_10,1,8,gpu_last_col,2197,4,0.052928
spark,150_10,1,8,gpu_last_col,2198,1,0.027552
spark,150_10,1,8,gpu_last_col,2199,1,0.04128
spark,150_10,1,8,gpu_last_col,2200,1,0.03824
spark,150_10,1,8,gpu_last_col,2201,1,0.048512
spark,150_10,1,8,gpu_last_col,2202,2,0.060544
spark,150_10,1,8,gpu_last_col,2203,4,0.070336
spark,150_10,1,8,gpu_last_col,2204,3,0.054688
spark,150_10,1,8,gpu_last_col,2205,2,0.047904
spark,150_10,1,8,gpu_last_col,2206,3,0.068768
spark,150_10,1,8,gpu_last_col,2207,3,0.073376
spark,150_10,1,8,gpu_last_col,2208,3,0.06144
spark,150_10,1,8,gpu_last_col,2209,4,0.067488
spark,150_10,1,8,gpu_last_col,2210,1,0.056448
spark,150_10,1,8,gpu_last_col,2211,1,0.042752
spark,150_10,1,8,gpu_last_col,2212,1,0.054528
spark,150_10,1,8,gpu_last_col,2213,1,0.037504
spark,150_10,1,8,gpu_last_col,2214,1,0.038848
spark,150_10,1,8,gpu_last_col,2215,1,0.066208
spark,150_10,1,8,gpu_last_col,2216,2,0.073696
spark,150_10,1,8,gpu_last_col,2217,3,0.068352
spark,150_10,1,8,gpu_last_col,2218,4,0.04912
spark,150_10,1,8,gpu_last_col,2219,4,0.032992
spark,150_10,1,8,gpu_last_col,2220,3,0.073248
spark,150_10,1,8,gpu_last_col,2221,3,0.05408
spark,150_10,1,8,gpu_last_col,2222,2,0.0304
spark,150_10,1,8,gpu_last_col,2223,1,0.026464
spark,150_10,1,8,gpu_last_col,2224,1,0.069056
spark,150_10,1,8,gpu_last_col,2225,1,0.039488
spark,150_10,1,8,gpu_last_col,2226,2,0.051968
spark,150_10,1,8,gpu_last_col,2227,2,0.048512
spark,150_10,1,8,gpu_last_col,2228,2,0.061056
spark,150_10,1,8,gpu_last_col,2229,1,0.065376
spark,150_10,1,8,gpu_last_col,2230,1,0.037312
spark,150_10,1,8,gpu_last_col,2231,1,0.04128
spark,150_10,1,8,gpu_last_col,2232,1,0.066784
spark,150_10,1,8,gpu_last_col,2233,1,0.029856
spark,150_10,1,8,gpu_last_col,2234,1,0.058688
spark,150_10,1,8,gpu_last_col,2235,2,0.0536
spark,150_10,1,8,gpu_last_col,2236,2,0.058496
spark,150_10,1,8,gpu_last_col,2237,1,0.042048
spark,150_10,1,8,gpu_last_col,2238,1,0.075328
spark,150_10,1,8,gpu_last_col,2239,1,0.031968
spark,150_10,1,8,gpu_last_col,2240,2,0.072192
spark,150_10,1,8,gpu_last_col,2241,2,0.058656
spark,150_10,1,8,gpu_last_col,2242,1,0.040576
spark,150_10,1,8,gpu_last_col,2243,1,0.035872
spark,150_10,1,8,gpu_last_col,2244,1,0.058816
spark,150_10,1,8,gpu_last_col,2245,1,0.070816
spark,150_10,1,8,gpu_last_col,2246,1,0.039072
spark,150_10,1,8,gpu_last_col,2247,1,0.06528
spark,150_10,1,8,gpu_last_col,2248,1,0.056768
spark,150_10,1,8,gpu_last_col,2249,2,0.056384
spark,150_10,1,8,gpu_last_col,2250,2,0.051136
spark,150_10,1,8,gpu_last_col,2251,2,0.043776
spark,150_10,1,8,gpu_last_col,2252,2,0.058624
spark,150_10,1,8,gpu_last_col,2253,3,0.072512
spark,150_10,1,8,gpu_last_col,2254,1,0.074048
spark,150_10,1,8,gpu_last_col,2255,2,0.05024
spark,150_10,1,8,gpu_last_col,2256,1,0.056192
spark,150_10,1,8,gpu_last_col,2257,1,0.027136
spark,150_10,1,8,gpu_last_col,2258,1,0.051936
spark,150_10,1,8,gpu_last_col,2259,1,0.057632
spark,150_10,1,8,gpu_last_col,2260,1,0.05584
spark,150_10,1,8,gpu_last_col,2261,2,0.06768
spark,150_10,1,8,gpu_last_col,2262,2,0.077408
spark,150_10,1,8,gpu_last_col,2263,2,0.038432
spark,150_10,1,8,gpu_last_col,2264,3,0.065824
spark,150_10,1,8,gpu_last_col,2265,1,0.043328
spark,150_10,1,8,gpu_last_col,2266,2,0.066944
spark,150_10,1,8,gpu_last_col,2267,2,0.047552
spark,150_10,1,8,gpu_last_col,2268,1,0.048256
spark,150_10,1,8,gpu_last_col,2269,1,0.046656
spark,150_10,1,8,gpu_last_col,2270,1,0.074912
spark,150_10,1,8,gpu_last_col,2271,1,0.033568
spark,150_10,1,8,gpu_last_col,2272,2,0.053024
spark,150_10,1,8,gpu_last_col,2273,2,0.026368
spark,150_10,1,8,gpu_last_col,2274,2,0.04496
spark,150_10,1,8,gpu_last_col,2275,2,0.06896
spark,150_10,1,8,gpu_last_col,2276,1,0.06464
spark,150_10,1,8,gpu_last_col,2277,2,0.053344
spark,150_10,1,8,gpu_last_col,2278,3,0.064704
spark,150_10,1,8,gpu_last_col,2279,2,0.050784
spark,150_10,1,8,gpu_last_col,2280,1,0.034464
spark,150_10,1,8,gpu_last_col,2281,1,0.023008
spark,150_10,1,8,gpu_last_col,2282,2,0.069152
spark,150_10,1,8,gpu_last_col,2283,2,0.07232
spark,150_10,1,8,gpu_last_col,2284,2,0.05584
spark,150_10,1,8,gpu_last_col,2285,1,0.062496
spark,150_10,1,8,gpu_last_col,2286,2,0.066944
spark,150_10,1,8,gpu_last_col,2287,1,0.047552
spark,150_10,1,8,gpu_last_col,2288,2,0.074496
spark,150_10,1,8,gpu_last_col,2289,2,0.076288
spark,150_10,1,8,gpu_last_col,2290,1,0.022944
spark,150_10,1,8,gpu_last_col,2291,2,0.072832
spark,150_10,1,8,gpu_last_col,2292,3,0.06064
spark,150_10,1,8,gpu_last_col,2293,1,0.04848
spark,150_10,1,8,gpu_last_col,2294,1,0.043392
spark,150_10,1,8,gpu_last_col,2295,1,0.064096
spark,150_10,1,8,gpu_last_col,2296,1,0.028
spark,150_10,1,8,gpu_last_col,2297,2,0.065312
spark,150_10,1,8,gpu_last_col,2298,3,0.078592
spark,150_10,1,8,gpu_last_col,2299,2,0.065504
spark,150_10,1,8,gpu_last_col,2300,2,0.067872
spark,150_10,1,8,gpu_last_col,2301,1,0.075584
spark,150_10,1,8,gpu_last_col,2302,1,0.059584
spark,150_10,1,8,gpu_last_col,2303,1,0.022304
spark,150_10,1,8,gpu_last_col,2304,1,0.043552
spark,150_10,1,8,gpu_last_col,2305,2,0.056896
spark,150_10,1,8,gpu_last_col,2306,2,0.06464
spark,150_10,1,8,gpu_last_col,2307,2,0.054176
spark,150_10,1,8,gpu_last_col,2308,1,0.071328
spark,150_10,1,8,gpu_last_col,2309,2,0.077632
spark,150_10,1,8,gpu_last_col,2310,1,0.058656
spark,150_10,1,8,gpu_last_col,2311,1,0.065312
spark,150_10,1,8,gpu_last_col,2312,2,0.05952
spark,150_10,1,8,gpu_last_col,2313,3,0.072032
spark,150_10,1,8,gpu_last_col,2314,5,0.055136
spark,150_10,1,8,gpu_last_col,2315,3,0.076128
spark,150_10,1,8,gpu_last_col,2316,2,0.076416
spark,150_10,1,8,gpu_last_col,2317,2,0.075808
spark,150_10,1,8,gpu_last_col,2318,2,0.061632
spark,150_10,1,8,gpu_last_col,2319,2,0.045472
spark,150_10,1,8,gpu_last_col,2320,3,0.047808
spark,150_10,1,8,gpu_last_col,2321,2,0.074912
spark,150_10,1,8,gpu_last_col,2322,1,0.028096
spark,150_10,1,8,gpu_last_col,2323,1,0.04112
spark,150_10,1,8,gpu_last_col,2324,1,0.022016
spark,150_10,1,8,gpu_last_col,2325,2,0.0728
spark,150_10,1,8,gpu_last_col,2326,3,0.072256
spark,150_10,1,8,gpu_last_col,2327,2,0.06112
spark,150_10,1,8,gpu_last_col,2328,1,0.075808
spark,150_10,1,8,gpu_last_col,2329,1,0.058304
spark,150_10,1,8,gpu_last_col,2330,1,0.073856
spark,150_10,1,8,gpu_last_col,2331,1,0.07648
spark,150_10,1,8,gpu_last_col,2332,1,0.057248
spark,150_10,1,8,gpu_last_col,2333,1,0.047968
spark,150_10,1,8,gpu_last_col,2334,1,0.046208
spark,150_10,1,8,gpu_last_col,2335,1,0.035328
spark,150_10,1,8,gpu_last_col,2336,1,0.048736
spark,150_10,1,8,gpu_last_col,2337,1,0.047264
spark,150_10,1,8,gpu_last_col,2338,2,0.068928
spark,150_10,1,8,gpu_last_col,2339,2,0.050304
spark,150_10,1,8,gpu_last_col,2340,1,0.035168
spark,150_10,1,8,gpu_last_col,2341,2,0.06336
spark,150_10,1,8,gpu_last_col,2342,1,0.072096
spark,150_10,1,8,gpu_last_col,2343,1,0.031904
spark,150_10,1,8,gpu_last_col,2344,2,0.056256
spark,150_10,1,8,gpu_last_col,2345,3,0.06752
spark,150_10,1,8,gpu_last_col,2346,4,0.065024
spark,150_10,1,8,gpu_last_col,2347,4,0.077408
spark,150_10,1,8,gpu_last_col,2348,3,0.050976
spark,150_10,1,8,gpu_last_col,2349,2,0.063488
spark,150_10,1,8,gpu_last_col,2350,2,0.072544
spark,150_10,1,8,gpu_last_col,2351,1,0.070368
spark,150_10,1,8,gpu_last_col,2352,1,0.055968
spark,150_10,1,8,gpu_last_col,2353,2,0.070784
spark,150_10,1,8,gpu_last_col,2354,4,0.075424
spark,150_10,1,8,gpu_last_col,2355,5,0.067648
spark,150_10,1,8,gpu_last_col,2356,4,0.067328
spark,150_10,1,8,gpu_last_col,2357,4,0.076096
spark,150_10,1,8,gpu_last_col,2358,4,0.054336
spark,150_10,1,8,gpu_last_col,2359,2,0.060928
spark,150_10,1,8,gpu_last_col,2360,1,0.059808
spark,150_10,1,8,gpu_last_col,2361,1,0.077472
spark,150_10,1,8,gpu_last_col,2362,1,0.028288
spark,150_10,1,8,gpu_last_col,2363,1,0.050912
spark,150_10,1,8,gpu_last_col,2364,1,0.051328
spark,150_10,1,8,gpu_last_col,2365,1,0.055456
spark,150_10,1,8,gpu_last_col,2366,2,0.033856
spark,150_10,1,8,gpu_last_col,2367,3,0.071072
spark,150_10,1,8,gpu_last_col,2368,1,0.062688
spark,150_10,1,8,gpu_last_col,2369,1,0.025728
spark,150_10,1,8,gpu_last_col,2370,1,0.071808
spark,150_10,1,8,gpu_last_col,2371,2,0.073152
spark,150_10,1,8,gpu_last_col,2372,2,0.067456
spark,150_10,1,8,gpu_last_col,2373,1,0.053056
spark,150_10,1,8,gpu_last_col,2374,1,0.049536
spark,150_10,1,8,gpu_last_col,2375,1,0.067104
spark,150_10,1,8,gpu_last_col,2376,1,0.049664
spark,150_10,1,8,gpu_last_col,2377,1,0.020096
spark,150_10,1,8,gpu_last_col,2378,1,0.06288
spark,150_10,1,8,gpu_last_col,2379,1,0.072832
spark,150_10,1,8,gpu_last_col,2380,1,0.066784
spark,150_10,1,8,gpu_last_col,2381,2,0.04928
spark,150_10,1,8,gpu_last_col,2382,1,0.059968
spark,150_10,1,8,gpu_last_col,2383,1,0.030144
spark,150_10,1,8,gpu_last_col,2384,1,0.063904
spark,150_10,1,8,gpu_last_col,2385,1,0.029088
spark,150_10,1,8,gpu_last_col,2386,2,0.075072
spark,150_10,1,8,gpu_last_col,2387,2,0.068544
spark,150_10,1,8,gpu_last_col,2388,3,0.075328
spark,150_10,1,8,gpu_last_col,2389,1,0.025984
spark,150_10,1,8,gpu_last_col,2390,2,0.075296
spark,150_10,1,8,gpu_last_col,2391,2,0.038048
spark,150_10,1,8,gpu_last_col,2392,2,0.070912
spark,150_10,1,8,gpu_last_col,2393,1,0.046912
spark,150_10,1,8,gpu_last_col,2394,1,0.051744
spark,150_10,1,8,gpu_last_col,2395,1,0.034656
spark,150_10,1,8,gpu_last_col,2396,2,0.061568
spark,150_10,1,8,gpu_last_col,2397,3,0.060864
spark,150_10,1,8,gpu_last_col,2398,2,0.060224
spark,150_10,1,8,gpu_last_col,2399,2,0.068352
spark,150_10,1,8,gpu_last_col,2400,2,0.079136
spark,150_10,1,8,gpu_last_col,2401,2,0.068576
spark,150_10,1,8,gpu_last_col,2402,1,0.077248
spark,150_10,1,8,gpu_last_col,2403,1,0.05584
spark,150_10,1,8,gpu_last_col,2404,1,0.05584
spark,150_10,1,8,gpu_last_col,2405,2,0.0752
spark,150_10,1,8,gpu_last_col,2406,1,0.055776
spark,150_10,1,8,gpu_last_col,2407,1,0.039328
spark,150_10,1,8,gpu_last_col,2408,1,0.026816
spark,150_10,1,8,gpu_last_col,2409,1,0.035968
spark,150_10,1,8,gpu_last_col,2410,1,0.066208
spark,150_10,1,8,gpu_last_col,2411,1,0.046304
spark,150_10,1,8,gpu_last_col,2412,1,0.055968
spark,150_10,1,8,gpu_last_col,2413,1,0.047488
spark,150_10,1,8,gpu_last_col,2414,1,0.055552
spark,150_10,1,8,gpu_last_col,2415,1,0.023712
spark,150_10,1,8,gpu_last_col,2416,1,0.069312
spark,150_10,1,8,gpu_last_col,2417,1,0.042688
spark,150_10,1,8,gpu_last_col,2418,2,0.076992
spark,150_10,1,8,gpu_last_col,2419,3,0.074656
spark,150_10,1,8,gpu_last_col,2420,2,0.07712
spark,150_10,1,8,gpu_last_col,2421,4,0.057216
spark,150_10,1,8,gpu_last_col,2422,2,0.057824
spark,150_10,1,8,gpu_last_col,2423,2,0.076032
spark,150_10,1,8,gpu_last_col,2424,1,0.03824
spark,150_10,1,8,gpu_last_col,2425,1,0.052896
spark,150_10,1,8,gpu_last_col,2426,1,0.061952
spark,150_10,1,8,gpu_last_col,2427,1,0.049088
spark,150_10,1,8,gpu_last_col,2428,1,0.04064
spark,150_10,1,8,gpu_last_col,2429,2,0.050688
spark,150_10,1,8,gpu_last_col,2430,3,0.04896
spark,150_10,1,8,gpu_last_col,2431,3,0.063328
spark,150_10,1,8,gpu_last_col,2432,4,0.055104
spark,150_10,1,8,gpu_last_col,2433,6,0.064672
spark,150_10,1,8,gpu_last_col,2434,4,0.076352
spark,150_10,1,8,gpu_last_col,2435,4,0.0712
spark,150_10,1,8,gpu_last_col,2436,6,0.076064
spark,150_10,1,8,gpu_last_col,2437,3,0.064032
spark,150_10,1,8,gpu_last_col,2438,1,0.076
spark,150_10,1,8,gpu_last_col,2439,1,0.05584
spark,150_10,1,8,gpu_last_col,2440,1,0.05472
spark,150_10,1,8,gpu_last_col,2441,1,0.02848
spark,150_10,1,8,gpu_last_col,2442,2,0.068736
spark,150_10,1,8,gpu_last_col,2443,2,0.064032
spark,150_10,1,8,gpu_last_col,2444,3,0.0672
spark,150_10,1,8,gpu_last_col,2445,3,0.046752
spark,150_10,1,8,gpu_last_col,2446,4,0.06112
spark,150_10,1,8,gpu_last_col,2447,2,0.067552
spark,150_10,1,8,gpu_last_col,2448,1,0.065888
spark,150_10,1,8,gpu_last_col,2449,1,0.061312
spark,150_10,1,8,gpu_last_col,2450,1,0.060704
spark,150_10,1,8,gpu_last_col,2451,2,0.06608
spark,150_10,1,8,gpu_last_col,2452,1,0.04912
spark,150_10,1,8,gpu_last_col,2453,1,0.045216
spark,150_10,1,8,gpu_last_col,2454,2,0.05328
spark,150_10,1,8,gpu_last_col,2455,3,0.033504
spark,150_10,1,8,gpu_last_col,2456,1,0.057152
spark,150_10,1,8,gpu_last_col,2457,2,0.069664
spark,150_10,1,8,gpu_last_col,2458,2,0.068736
spark,150_10,1,8,gpu_last_col,2459,1,0.040448
spark,150_10,1,8,gpu_last_col,2460,1,0.044352
spark,150_10,1,8,gpu_last_col,2461,2,0.058848
spark,150_10,1,8,gpu_last_col,2462,2,0.0312
spark,150_10,1,8,gpu_last_col,2463,2,0.05824
spark,150_10,1,8,gpu_last_col,2464,2,0.03536
spark,150_10,1,8,gpu_last_col,2465,2,0.067264
spark,150_10,1,8,gpu_last_col,2466,1,0.072032
spark,150_10,1,8,gpu_last_col,2467,1,0.065856
spark,150_10,1,8,gpu_last_col,2468,1,0.055936
spark,150_10,1,8,gpu_last_col,2469,1,0.05456
spark,150_10,1,8,gpu_last_col,2470,2,0.059392
spark,150_10,1,8,gpu_last_col,2471,4,0.070848
spark,150_10,1,8,gpu_last_col,2472,1,0.077632
spark,150_10,1,8,gpu_last_col,2473,1,0.07504
spark,150_10,1,8,gpu_last_col,2474,2,0.065216
spark,150_10,1,8,gpu_last_col,2475,1,0.03664
spark,150_10,1,8,gpu_last_col,2476,1,0.076288
spark,150_10,1,8,gpu_last_col,2477,1,0.02944
spark,150_10,1,8,gpu_last_col,2478,1,0.059488
spark,150_10,1,8,gpu_last_col,2479,1,0.0432
spark,150_10,1,8,gpu_last_col,2480,1,0.04224
spark,150_10,1,8,gpu_last_col,2481,2,0.059744
spark,150_10,1,8,gpu_last_col,2482,1,0.027616
spark,150_10,1,8,gpu_last_col,2483,1,0.066656
spark,150_10,1,8,gpu_last_col,2484,2,0.07136
spark,150_10,1,8,gpu_last_col,2485,1,0.063584
spark,150_10,1,8,gpu_last_col,2486,1,0.062688
spark,150_10,1,8,gpu_last_col,2487,1,0.05728
spark,150_10,1,8,gpu_last_col,2488,1,0.079296
spark,150_10,1,8,gpu_last_col,2489,1,0.050496
spark,150_10,1,8,gpu_last_col,2490,1,0.075136
spark,150_10,1,8,gpu_last_col,2491,1,0.034976
spark,150_10,1,8,gpu_last_col,2492,1,0.055552
spark,150_10,1,8,gpu_last_col,2493,2,0.049216
spark,150_10,1,8,gpu_last_col,2494,4,0.06256
spark,150_10,1,8,gpu_last_col,2495,5,0.065952
spark,150_10,1,8,gpu_last_col,2496,5,0.066368
spark,150_10,1,8,gpu_last_col,2497,2,0.055936
spark,150_10,1,8,gpu_last_col,2498,3,0.042336
spark,150_10,1,8,gpu_last_col,2499,3,0.075776
spark,150_10,1,8,gpu_last_col,2500,2,0.0544
spark,150_10,1,8,gpu_last_col,2501,2,0.037632
spark,150_10,1,8,gpu_last_col,2502,4,0.080096
spark,150_10,1,8,gpu_last_col,2503,1,0.040512
spark,150_10,1,8,gpu_last_col,2504,1,0.033664
spark,150_10,1,8,gpu_last_col,2505,1,0.060512
spark,150_10,1,8,gpu_last_col,2506,2,0.0672
spark,150_10,1,8,gpu_last_col,2507,3,0.06704
spark,150_10,1,8,gpu_last_col,2508,2,0.072128
spark,150_10,1,8,gpu_last_col,2509,2,0.04192
spark,150_10,1,8,gpu_last_col,2510,1,0.075584
spark,150_10,1,8,gpu_last_col,2511,1,0.047744
spark,150_10,1,8,gpu_last_col,2512,1,0.062432
spark,150_10,1,8,gpu_last_col,2513,1,0.032576
spark,150_10,1,8,gpu_last_col,2514,1,0.029184
spark,150_10,1,8,gpu_last_col,2515,2,0.050336
spark,150_10,1,8,gpu_last_col,2516,4,0.074624
spark,150_10,1,8,gpu_last_col,2517,6,0.073824
spark,150_10,1,8,gpu_last_col,2518,5,0.068352
spark,150_10,1,8,gpu_last_col,2519,2,0.05968
spark,150_10,1,8,gpu_last_col,2520,2,0.050016
spark,150_10,1,8,gpu_last_col,2521,2,0.063488
spark,150_10,1,8,gpu_last_col,2522,2,0.075776
spark,150_10,1,8,gpu_last_col,2523,1,0.025888
spark,150_10,1,8,gpu_last_col,2524,2,0.07584
spark,150_10,1,8,gpu_last_col,2525,2,0.064256
spark,150_10,1,8,gpu_last_col,2526,1,0.075168
spark,150_10,1,8,gpu_last_col,2527,1,0.048768
spark,150_10,1,8,gpu_last_col,2528,1,0.068064
spark,150_10,1,8,gpu_last_col,2529,2,0.070368
spark,150_10,1,8,gpu_last_col,2530,1,0.04816
spark,150_10,1,8,gpu_last_col,2531,2,0.075392
spark,150_10,1,8,gpu_last_col,2532,2,0.065376
spark,150_10,1,8,gpu_last_col,2533,2,0.05728
spark,150_10,1,8,gpu_last_col,2534,1,0.050624
spark,150_10,1,8,gpu_last_col,2535,1,0.028768
spark,150_10,1,8,gpu_last_col,2536,1,0.024864
spark,150_10,1,8,gpu_last_col,2537,2,0.049952
spark,150_10,1,8,gpu_last_col,2538,1,0.066368
spark,150_10,1,8,gpu_last_col,2539,1,0.0736
spark,150_10,1,8,gpu_last_col,2540,1,0.03312
spark,150_10,1,8,gpu_last_col,2541,2,0.07488
spark,150_10,1,8,gpu_last_col,2542,3,0.055712
spark,150_10,1,8,gpu_last_col,2543,3,0.062784
spark,150_10,1,8,gpu_last_col,2544,3,0.045664
spark,150_10,1,8,gpu_last_col,2545,3,0.066752
spark,150_10,1,8,gpu_last_col,2546,2,0.070816
spark,150_10,1,8,gpu_last_col,2547,1,0.04416
spark,150_10,1,8,gpu_last_col,2548,1,0.079488
spark,150_10,1,8,gpu_last_col,2549,1,0.04
spark,150_10,1,8,gpu_last_col,2550,1,0.02576
spark,150_10,1,8,gpu_last_col,2551,1,0.065888
spark,150_10,1,8,gpu_last_col,2552,1,0.041056
spark,150_10,1,8,gpu_last_col,2553,1,0.064288
spark,150_10,1,8,gpu_last_col,2554,2,0.07168
spark,150_10,1,8,gpu_last_col,2555,1,0.031616
spark,150_10,1,8,gpu_last_col,2556,2,0.052992
spark,150_10,1,8,gpu_last_col,2557,2,0.042336
spark,150_10,1,8,gpu_last_col,2558,2,0.047872
spark,150_10,1,8,gpu_last_col,2559,1,0.061536
spark,150_10,1,8,gpu_last_col,2560,1,0.029184
spark,150_10,1,8,gpu_last_col,2561,1,0.065728
spark,150_10,1,8,gpu_last_col,2562,1,0.028864
spark,150_10,1,8,gpu_last_col,2563,1,0.064576
spark,150_10,1,8,gpu_last_col,2564,2,0.071808
spark,150_10,1,8,gpu_last_col,2565,3,0.070528
spark,150_10,1,8,gpu_last_col,2566,3,0.069568
spark,150_10,1,8,gpu_last_col,2567,4,0.0728
spark,150_10,1,8,gpu_last_col,2568,1,0.076192
spark,150_10,1,8,gpu_last_col,2569,1,0.035136
spark,150_10,1,8,gpu_last_col,2570,1,0.05584
spark,150_10,1,8,gpu_last_col,2571,1,0.057408
spark,150_10,1,8,gpu_last_col,2572,2,0.068256
spark,150_10,1,8,gpu_last_col,2573,4,0.071808
spark,150_10,1,8,gpu_last_col,2574,4,0.073632
spark,150_10,1,8,gpu_last_col,2575,2,0.061504
spark,150_10,1,8,gpu_last_col,2576,2,0.060896
spark,150_10,1,8,gpu_last_col,2577,1,0.02752
spark,150_10,1,8,gpu_last_col,2578,1,0.027904
spark,150_10,1,8,gpu_last_col,2579,1,0.044896
spark,150_10,1,8,gpu_last_col,2580,2,0.022848
spark,150_10,1,8,gpu_last_col,2581,2,0.06832
spark,150_10,1,8,gpu_last_col,2582,2,0.064992
spark,150_10,1,8,gpu_last_col,2583,2,0.053632
spark,150_10,1,8,gpu_last_col,2584,2,0.051648
spark,150_10,1,8,gpu_last_col,2585,2,0.071264
spark,150_10,1,8,gpu_last_col,2586,2,0.0712
spark,150_10,1,8,gpu_last_col,2587,1,0.072416
spark,150_10,1,8,gpu_last_col,2588,1,0.044576
spark,150_10,1,8,gpu_last_col,2589,1,0.03536
spark,150_10,1,8,gpu_last_col,2590,2,0.052736
spark,150_10,1,8,gpu_last_col,2591,3,0.078592
spark,150_10,1,8,gpu_last_col,2592,2,0.031744
spark,150_10,1,8,gpu_last_col,2593,3,0.058176
spark,150_10,1,8,gpu_last_col,2594,2,0.064864
spark,150_10,1,8,gpu_last_col,2595,3,0.062752
spark,150_10,1,8,gpu_last_col,2596,1,0.033024
spark,150_10,1,8,gpu_last_col,2597,1,0.027776
spark,150_10,1,8,gpu_last_col,2598,1,0.033088
spark,150_10,1,8,gpu_last_col,2599,1,0.067168
spark,150_10,1,8,gpu_last_col,2600,2,0.069216
spark,150_10,1,8,gpu_last_col,2601,3,0.071712
spark,150_10,1,8,gpu_last_col,2602,3,0.065504
spark,150_10,1,8,gpu_last_col,2603,3,0.057728
spark,150_10,1,8,gpu_last_col,2604,2,0.077472
spark,150_10,1,8,gpu_last_col,2605,1,0.05024
spark,150_10,1,8,gpu_last_col,2606,1,0.036
spark,150_10,1,8,gpu_last_col,2607,1,0.036256
spark,150_10,1,8,gpu_last_col,2608,1,0.061216
spark,150_10,1,8,gpu_last_col,2609,1,0.028736
spark,150_10,1,8,gpu_last_col,2610,1,0.049472
spark,150_10,1,8,gpu_last_col,2611,1,0.052512
spark,150_10,1,8,gpu_last_col,2612,2,0.0504
spark,150_10,1,8,gpu_last_col,2613,4,0.044928
spark,150_10,1,8,gpu_last_col,2614,2,0.07264
spark,150_10,1,8,gpu_last_col,2615,4,0.074848
spark,150_10,1,8,gpu_last_col,2616,3,0.068864
spark,150_10,1,8,gpu_last_col,2617,4,0.061728
spark,150_10,1,8,gpu_last_col,2618,2,0.072128
spark,150_10,1,8,gpu_last_col,2619,2,0.040672
spark,150_10,1,8,gpu_last_col,2620,1,0.041376
spark,150_10,1,8,gpu_last_col,2621,1,0.07024
spark,150_10,1,8,gpu_last_col,2622,1,0.045728
spark,150_10,1,8,gpu_last_col,2623,2,0.050112
spark,150_10,1,8,gpu_last_col,2624,3,0.056544
spark,150_10,1,8,gpu_last_col,2625,1,0.072256
spark,150_10,1,8,gpu_last_col,2626,1,0.04512
spark,150_10,1,8,gpu_last_col,2627,1,0.053536
spark,150_10,1,8,gpu_last_col,2628,1,0.028928
spark,150_10,1,8,gpu_last_col,2629,1,0.026112
spark,150_10,1,8,gpu_last_col,2630,2,0.05824
spark,150_10,1,8,gpu_last_col,2631,3,0.075296
spark,150_10,1,8,gpu_last_col,2632,2,0.072096
spark,150_10,1,8,gpu_last_col,2633,2,0.071104
spark,150_10,1,8,gpu_last_col,2634,1,0.07072
spark,150_10,1,8,gpu_last_col,2635,1,0.066688
spark,150_10,1,8,gpu_last_col,2636,1,0.065248
spark,150_10,1,8,gpu_last_col,2637,2,0.049536
spark,150_10,1,8,gpu_last_col,2638,3,0.072032
spark,150_10,1,8,gpu_last_col,2639,3,0.06
spark,150_10,1,8,gpu_last_col,2640,5,0.05008
spark,150_10,1,8,gpu_last_col,2641,3,0.05616
spark,150_10,1,8,gpu_last_col,2642,3,0.05056
spark,150_10,1,8,gpu_last_col,2643,3,0.067424
spark,150_10,1,8,gpu_last_col,2644,4,0.052064
spark,150_10,1,8,gpu_last_col,2645,3,0.056096
spark,150_10,1,8,gpu_last_col,2646,1,0.042752
spark,150_10,1,8,gpu_last_col,2647,1,0.057088
spark,150_10,1,8,gpu_last_col,2648,1,0.027968
spark,150_10,1,8,gpu_last_col,2649,1,0.04048
spark,150_10,1,8,gpu_last_col,2650,1,0.05952
spark,150_10,1,8,gpu_last_col,2651,1,0.069792
spark,150_10,1,8,gpu_last_col,2652,2,0.07312
spark,150_10,1,8,gpu_last_col,2653,2,0.061632
spark,150_10,1,8,gpu_last_col,2654,2,0.078912
spark,150_10,1,8,gpu_last_col,2655,2,0.046016
spark,150_10,1,8,gpu_last_col,2656,1,0.05616
spark,150_10,1,8,gpu_last_col,2657,1,0.029824
spark,150_10,1,8,gpu_last_col,2658,1,0.050304
spark,150_10,1,8,gpu_last_col,2659,1,0.064416
spark,150_10,1,8,gpu_last_col,2660,2,0.05792
spark,150_10,1,8,gpu_last_col,2661,2,0.06896
spark,150_10,1,8,gpu_last_col,2662,2,0.05824
spark,150_10,1,8,gpu_last_col,2663,2,0.06768
spark,150_10,1,8,gpu_last_col,2664,2,0.075104
spark,150_10,1,8,gpu_last_col,2665,2,0.079904
spark,150_10,1,8,gpu_last_col,2666,1,0.047584
spark,150_10,1,8,gpu_last_col,2667,1,0.057408
spark,150_10,1,8,gpu_last_col,2668,1,0.059232
spark,150_10,1,8,gpu_last_col,2669,2,0.043456
spark,150_10,1,8,gpu_last_col,2670,3,0.072288
spark,150_10,1,8,gpu_last_col,2671,3,0.052256
spark,150_10,1,8,gpu_last_col,2672,1,0.024992
spark,150_10,1,8,gpu_last_col,2673,1,0.049856
spark,150_10,1,8,gpu_last_col,2674,1,0.053376
spark,150_10,1,8,gpu_last_col,2675,2,0.038944
spark,150_10,1,8,gpu_last_col,2676,2,0.070048
spark,150_10,1,8,gpu_last_col,2677,2,0.071168
spark,150_10,1,8,gpu_last_col,2678,1,0.042752
spark,150_10,1,8,gpu_last_col,2679,1,0.040736
spark,150_10,1,8,gpu_last_col,2680,1,0.034464
spark,150_10,1,8,gpu_last_col,2681,1,0.035424
spark,150_10,1,8,gpu_last_col,2682,1,0.051776
spark,150_10,1,8,gpu_last_col,2683,1,0.075136
spark,150_10,1,8,gpu_last_col,2684,1,0.071328
spark,150_10,1,8,gpu_last_col,2685,1,0.043872
spark,150_10,1,8,gpu_last_col,2686,1,0.050336
spark,150_10,1,8,gpu_last_col,2687,2,0.056544
spark,150_10,1,8,gpu_last_col,2688,3,0.04448
spark,150_10,1,8,gpu_last_col,2689,3,0.05232
spark,150_10,1,8,gpu_last_col,2690,3,0.07216
spark,150_10,1,8,gpu_last_col,2691,2,0.07296
spark,150_10,1,8,gpu_last_col,2692,1,0.03184
spark,150_10,1,8,gpu_last_col,2693,1,0.029856
spark,150_10,1,8,gpu_last_col,2694,1,0.050944
spark,150_10,1,8,gpu_last_col,2695,1,0.033216
spark,150_10,1,8,gpu_last_col,2696,1,0.0752
spark,150_10,1,8,gpu_last_col,2697,1,0.050816
spark,150_10,1,8,gpu_last_col,2698,2,0.071168
spark,150_10,1,8,gpu_last_col,2699,4,0.065024
spark,150_10,1,8,gpu_last_col,2700,3,0.072544
spark,150_10,1,8,gpu_last_col,2701,3,0.067456
spark,150_10,1,8,gpu_last_col,2702,3,0.07104
spark,150_10,1,8,gpu_last_col,2703,2,0.07728
spark,150_10,1,8,gpu_last_col,2704,1,0.066176
spark,150_10,1,8,gpu_last_col,2705,1,0.05952
spark,150_10,1,8,gpu_last_col,2706,1,0.068736
spark,150_10,1,8,gpu_last_col,2707,1,0.050816
spark,150_10,1,8,gpu_last_col,2708,2,0.063328
spark,150_10,1,8,gpu_last_col,2709,4,0.059168
spark,150_10,1,8,gpu_last_col,2710,4,0.060416
spark,150_10,1,8,gpu_last_col,2711,6,0.070432
spark,150_10,1,8,gpu_last_col,2712,2,0.077088
spark,150_10,1,8,gpu_last_col,2713,1,0.035008
spark,150_10,1,8,gpu_last_col,2714,1,0.070624
spark,150_10,1,8,gpu_last_col,2715,2,0.073344
spark,150_10,1,8,gpu_last_col,2716,3,0.070496
spark,150_10,1,8,gpu_last_col,2717,5,0.077408
spark,150_10,1,8,gpu_last_col,2718,4,0.056
spark,150_10,1,8,gpu_last_col,2719,2,0.048864
spark,150_10,1,8,gpu_last_col,2720,3,0.068096
spark,150_10,1,8,gpu_last_col,2721,2,0.063968
spark,150_10,1,8,gpu_last_col,2722,1,0.039648
spark,150_10,1,8,gpu_last_col,2723,1,0.078176
spark,150_10,1,8,gpu_last_col,2724,1,0.041792
spark,150_10,1,8,gpu_last_col,2725,2,0.068032
spark,150_10,1,8,gpu_last_col,2726,3,0.059392
spark,150_10,1,8,gpu_last_col,2727,3,0.05216
spark,150_10,1,8,gpu_last_col,2728,2,0.07744
spark,150_10,1,8,gpu_last_col,2729,3,0.076576
spark,150_10,1,8,gpu_last_col,2730,1,0.049696
spark,150_10,1,8,gpu_last_col,2731,1,0.042848
spark,150_10,1,8,gpu_last_col,2732,1,0.026432
spark,150_10,1,8,gpu_last_col,2733,1,0.075936
spark,150_10,1,8,gpu_last_col,2734,1,0.0616
spark,150_10,1,8,gpu_last_col,2735,2,0.078304
spark,150_10,1,8,gpu_last_col,2736,2,0.063584
spark,150_10,1,8,gpu_last_col,2737,1,0.039808
spark,150_10,1,8,gpu_last_col,2738,1,0.052608
spark,150_10,1,8,gpu_last_col,2739,1,0.06
spark,150_10,1,8,gpu_last_col,2740,1,0.033312
spark,150_10,1,8,gpu_last_col,2741,1,0.020896
spark,150_10,1,8,gpu_last_col,2742,2,0.068096
spark,150_10,1,8,gpu_last_col,2743,3,0.07088
spark,150_10,1,8,gpu_last_col,2744,6,0.064672
spark,150_10,1,8,gpu_last_col,2745,5,0.062112
spark,150_10,1,8,gpu_last_col,2746,2,0.06
spark,150_10,1,8,gpu_last_col,2747,2,0.06064
spark,150_10,1,8,gpu_last_col,2748,1,0.025376
spark,150_10,1,8,gpu_last_col,2749,1,0.05936
spark,150_10,1,8,gpu_last_col,2750,2,0.047488
spark,150_10,1,8,gpu_last_col,2751,1,0.059744
spark,150_10,1,8,gpu_last_col,2752,1,0.0496
spark,150_10,1,8,gpu_last_col,2753,2,0.036864
spark,150_10,1,8,gpu_last_col,2754,1,0.053856
spark,150_10,1,8,gpu_last_col,2755,1,0.03824
spark,150_10,1,8,gpu_last_col,2756,1,0.026336
spark,150_10,1,8,gpu_last_col,2757,1,0.04304
spark,150_10,1,8,gpu_last_col,2758,1,0.040928
spark,150_10,1,8,gpu_last_col,2759,2,0.043776
spark,150_10,1,8,gpu_last_col,2760,2,0.036256
spark,150_10,1,8,gpu_last_col,2761,2,0.076992
spark,150_10,1,8,gpu_last_col,2762,2,0.063264
spark,150_10,1,8,gpu_last_col,2763,2,0.068128
spark,150_10,1,8,gpu_last_col,2764,2,0.078336
spark,150_10,1,8,gpu_last_col,2765,2,0.04672
spark,150_10,1,8,gpu_last_col,2766,1,0.072608
spark,150_10,1,8,gpu_last_col,2767,1,0.08064
spark,150_10,1,8,gpu_last_col,2768,1,0.034016
spark,150_10,1,8,gpu_last_col,2769,2,0.06016
spark,150_10,1,8,gpu_last_col,2770,2,0.071328
spark,150_10,1,8,gpu_last_col,2771,3,0.065888
spark,150_10,1,8,gpu_last_col,2772,2,0.058496
spark,150_10,1,8,gpu_last_col,2773,1,0.064928
spark,150_10,1,8,gpu_last_col,2774,1,0.059904
spark,150_10,1,8,gpu_last_col,2775,1,0.067168
spark,150_10,1,8,gpu_last_col,2776,1,0.047808
spark,150_10,1,8,gpu_last_col,2777,2,0.05632
spark,150_10,1,8,gpu_last_col,2778,2,0.071392
spark,150_10,1,8,gpu_last_col,2779,4,0.078272
spark,150_10,1,8,gpu_last_col,2780,2,0.046336
spark,150_10,1,8,gpu_last_col,2781,1,0.031072
spark,150_10,1,8,gpu_last_col,2782,1,0.027424
spark,150_10,1,8,gpu_last_col,2783,1,0.041664
spark,150_10,1,8,gpu_last_col,2784,2,0.073088
spark,150_10,1,8,gpu_last_col,2785,2,0.067616
spark,150_10,1,8,gpu_last_col,2786,1,0.05072
spark,150_10,1,8,gpu_last_col,2787,1,0.079776
spark,150_10,1,8,gpu_last_col,2788,1,0.026592
spark,150_10,1,8,gpu_last_col,2789,1,0.044192
spark,150_10,1,8,gpu_last_col,2790,2,0.046144
spark,150_10,1,8,gpu_last_col,2791,3,0.060256
spark,150_10,1,8,gpu_last_col,2792,3,0.067808
spark,150_10,1,8,gpu_last_col,2793,1,0.053536
spark,150_10,1,8,gpu_last_col,2794,1,0.044896
spark,150_10,1,8,gpu_last_col,2795,2,0.042016
spark,150_10,1,8,gpu_last_col,2796,1,0.074432
spark,150_10,1,8,gpu_last_col,2797,2,0.069376
spark,150_10,1,8,gpu_last_col,2798,1,0.077184
spark,150_10,1,8,gpu_last_col,2799,1,0.051328
spark,150_10,1,8,gpu_last_col,2800,2,0.042336
spark,150_10,1,8,gpu_last_col,2801,4,0.068
spark,150_10,1,8,gpu_last_col,2802,4,0.0752
spark,150_10,1,8,gpu_last_col,2803,2,0.06464
spark,150_10,1,8,gpu_last_col,2804,3,0.066432
spark,150_10,1,8,gpu_last_col,2805,1,0.052896
spark,150_10,1,8,gpu_last_col,2806,1,0.071712
spark,150_10,1,8,gpu_last_col,2807,1,0.050368
spark,150_10,1,8,gpu_last_col,2808,1,0.067392
spark,150_10,1,8,gpu_last_col,2809,1,0.073184
spark,150_10,1,8,gpu_last_col,2810,1,0.068832
spark,150_10,1,8,gpu_last_col,2811,1,0.03392
spark,150_10,1,8,gpu_last_col,2812,1,0.0416
spark,150_10,1,8,gpu_last_col,2813,2,0.035104
spark,150_10,1,8,gpu_last_col,2814,4,0.069504
spark,150_10,1,8,gpu_last_col,2815,4,0.074112
spark,150_10,1,8,gpu_last_col,2816,2,0.054656
spark,150_10,1,8,gpu_last_col,2817,3,0.054816
spark,150_10,1,8,gpu_last_col,2818,3,0.075488
spark,150_10,1,8,gpu_last_col,2819,1,0.034144
spark,150_10,1,8,gpu_last_col,2820,1,0.048544
spark,150_10,1,8,gpu_last_col,2821,1,0.05376
spark,150_10,1,8,gpu_last_col,2822,1,0.059104
spark,150_10,1,8,gpu_last_col,2823,1,0.074912
spark,150_10,1,8,gpu_last_col,2824,1,0.056672
spark,150_10,1,8,gpu_last_col,2825,1,0.068192
spark,150_10,1,8,gpu_last_col,2826,1,0.041984
spark,150_10,1,8,gpu_last_col,2827,1,0.048672
spark,150_10,1,8,gpu_last_col,2828,1,0.026464
spark,150_10,1,8,gpu_last_col,2829,2,0.069312
spark,150_10,1,8,gpu_last_col,2830,2,0.063072
spark,150_10,1,8,gpu_last_col,2831,3,0.061856
spark,150_10,1,8,gpu_last_col,2832,1,0.05328
spark,150_10,1,8,gpu_last_col,2833,1,0.02704
spark,150_10,1,8,gpu_last_col,2834,1,0.049856
spark,150_10,1,8,gpu_last_col,2835,1,0.032608
spark,150_10,1,8,gpu_last_col,2836,1,0.068448
spark,150_10,1,8,gpu_last_col,2837,1,0.036
spark,150_10,1,8,gpu_last_col,2838,1,0.030816
spark,150_10,1,8,gpu_last_col,2839,2,0.073248
spark,150_10,1,8,gpu_last_col,2840,2,0.07536
spark,150_10,1,8,gpu_last_col,2841,3,0.060576
spark,150_10,1,8,gpu_last_col,2842,3,0.075488
spark,150_10,1,8,gpu_last_col,2843,1,0.03632
spark,150_10,1,8,gpu_last_col,2844,1,0.035904
spark,150_10,1,8,gpu_last_col,2845,1,0.026912
spark,150_10,1,8,gpu_last_col,2846,1,0.059616
spark,150_10,1,8,gpu_last_col,2847,2,0.064512
spark,150_10,1,8,gpu_last_col,2848,2,0.048736
spark,150_10,1,8,gpu_last_col,2849,3,0.041728
spark,150_10,1,8,gpu_last_col,2850,2,0.059488
spark,150_10,1,8,gpu_last_col,2851,1,0.032992
spark,150_10,1,8,gpu_last_col,2852,1,0.075808
spark,150_10,1,8,gpu_last_col,2853,1,0.07536
spark,150_10,1,8,gpu_last_col,2854,1,0.052736
spark,150_10,1,8,gpu_last_col,2855,1,0.071456
spark,150_10,1,8,gpu_last_col,2856,1,0.030304
spark,150_10,1,8,gpu_last_col,2857,2,0.074912
spark,150_10,1,8,gpu_last_col,2858,4,0.065344
spark,150_10,1,8,gpu_last_col,2859,3,0.074912
spark,150_10,1,8,gpu_last_col,2860,3,0.069728
spark,150_10,1,8,gpu_last_col,2861,2,0.0592
spark,150_10,1,8,gpu_last_col,2862,2,0.059424
spark,150_10,1,8,gpu_last_col,2863,1,0.066304
spark,150_10,1,8,gpu_last_col,2864,1,0.074112
spark,150_10,1,8,gpu_last_col,2865,1,0.049632
spark,150_10,1,8,gpu_last_col,2866,1,0.037856
spark,150_10,1,8,gpu_last_col,2867,2,0.071488
spark,150_10,1,8,gpu_last_col,2868,3,0.076064
spark,150_10,1,8,gpu_last_col,2869,3,0.070016
spark,150_10,1,8,gpu_last_col,2870,3,0.077984
spark,150_10,1,8,gpu_last_col,2871,2,0.076992
spark,150_10,1,8,gpu_last_col,2872,1,0.029024
spark,150_10,1,8,gpu_last_col,2873,1,0.029984
spark,150_10,1,8,gpu_last_col,2874,1,0.072
spark,150_10,1,8,gpu_last_col,2875,2,0.061376
spark,150_10,1,8,gpu_last_col,2876,3,0.069056
spark,150_10,1,8,gpu_last_col,2877,4,0.0528
spark,150_10,1,8,gpu_last_col,2878,5,0.059296
spark,150_10,1,8,gpu_last_col,2879,3,0.073056
spark,150_10,1,8,gpu_last_col,2880,1,0.028704
spark,150_10,1,8,gpu_last_col,2881,2,0.035552
spark,150_10,1,8,gpu_last_col,2882,1,0.046784
spark,150_10,1,8,gpu_last_col,2883,1,0.053088
spark,150_10,1,8,gpu_last_col,2884,2,0.063616
spark,150_10,1,8,gpu_last_col,2885,1,0.034496
spark,150_10,1,8,gpu_last_col,2886,1,0.047904
spark,150_10,1,8,gpu_last_col,2887,1,0.070336
spark,150_10,1,8,gpu_last_col,2888,1,0.028672
spark,150_10,1,8,gpu_last_col,2889,1,0.068512
spark,150_10,1,8,gpu_last_col,2890,1,0.04512
spark,150_10,1,8,gpu_last_col,2891,1,0.056704
spark,150_10,1,8,gpu_last_col,2892,1,0.049024
spark,150_10,1,8,gpu_last_col,2893,2,0.056512
spark,150_10,1,8,gpu_last_col,2894,3,0.072896
spark,150_10,1,8,gpu_last_col,2895,3,0.081536
spark,150_10,1,8,gpu_last_col,2896,4,0.078688
spark,150_10,1,8,gpu_last_col,2897,2,0.057568
spark,150_10,1,8,gpu_last_col,2898,2,0.067936
spark,150_10,1,8,gpu_last_col,2899,2,0.075456
spark,150_10,1,8,gpu_last_col,2900,1,0.060512
spark,150_10,1,8,gpu_last_col,2901,1,0.027328
spark,150_10,1,8,gpu_last_col,2902,1,0.07248
spark,150_10,1,8,gpu_last_col,2903,2,0.03824
spark,150_10,1,8,gpu_last_col,2904,1,0.03744
spark,150_10,1,8,gpu_last_col,2905,1,0.060736
spark,150_10,1,8,gpu_last_col,2906,2,0.069728
spark,150_10,1,8,gpu_last_col,2907,4,0.077856
spark,150_10,1,8,gpu_last_col,2908,1,0.070848
spark,150_10,1,8,gpu_last_col,2909,2,0.0656
spark,150_10,1,8,gpu_last_col,2910,1,0.03984
spark,150_10,1,8,gpu_last_col,2911,1,0.052
spark,150_10,1,8,gpu_last_col,2912,1,0.05104
spark,150_10,1,8,gpu_last_col,2913,1,0.053664
spark,150_10,1,8,gpu_last_col,2914,2,0.065312
spark,150_10,1,8,gpu_last_col,2915,2,0.06752
spark,150_10,1,8,gpu_last_col,2916,1,0.029696
spark,150_10,1,8,gpu_last_col,2917,1,0.059008
spark,150_10,1,8,gpu_last_col,2918,1,0.031968
spark,150_10,1,8,gpu_last_col,2919,1,0.055808
spark,150_10,1,8,gpu_last_col,2920,1,0.034592
spark,150_10,1,8,gpu_last_col,2921,1,0.037536
spark,150_10,1,8,gpu_last_col,2922,1,0.064608
spark,150_10,1,8,gpu_last_col,2923,2,0.076992
spark,150_10,1,8,gpu_last_col,2924,1,0.069728
spark,150_10,1,8,gpu_last_col,2925,1,0.064224
spark,150_10,1,8,gpu_last_col,2926,1,0.080896
spark,150_10,1,8,gpu_last_col,2927,1,0.074944
spark,150_10,1,8,gpu_last_col,2928,1,0.022976
spark,150_10,1,8,gpu_last_col,2929,2,0.064416
spark,150_10,1,8,gpu_last_col,2930,3,0.077312
spark,150_10,1,8,gpu_last_col,2931,3,0.068256
spark,150_10,1,8,gpu_last_col,2932,2,0.07808
spark,150_10,1,8,gpu_last_col,2933,1,0.060672
spark,150_10,1,8,gpu_last_col,2934,2,0.045792
spark,150_10,1,8,gpu_last_col,2935,1,0.041248
spark,150_10,1,8,gpu_last_col,2936,1,0.072256
spark,150_10,1,8,gpu_last_col,2937,1,0.060192
spark,150_10,1,8,gpu_last_col,2938,2,0.051808
spark,150_10,1,8,gpu_last_col,2939,3,0.073856
spark,150_10,1,8,gpu_last_col,2940,4,0.072864
spark,150_10,1,8,gpu_last_col,2941,4,0.04688
spark,150_10,1,8,gpu_last_col,2942,3,0.044448
spark,150_10,1,8,gpu_last_col,2943,1,0.029632
spark,150_10,1,8,gpu_last_col,2944,1,0.056352
spark,150_10,1,8,gpu_last_col,2945,1,0.063872
spark,150_10,1,8,gpu_last_col,2946,1,0.079296
spark,150_10,1,8,gpu_last_col,2947,1,0.075008
spark,150_10,1,8,gpu_last_col,2948,1,0.062016
spark,150_10,1,8,gpu_last_col,2949,1,0.052384
spark,150_10,1,8,gpu_last_col,2950,1,0.053152
spark,150_10,1,8,gpu_last_col,2951,1,0.025056
spark,150_10,1,8,gpu_last_col,2952,2,0.06032
spark,150_10,1,8,gpu_last_col,2953,3,0.06208
spark,150_10,1,8,gpu_last_col,2954,4,0.072672
spark,150_10,1,8,gpu_last_col,2955,1,0.029568
spark,150_10,1,8,gpu_last_col,2956,1,0.076064
spark,150_10,1,8,gpu_last_col,2957,1,0.038016
spark,150_10,1,8,gpu_last_col,2958,1,0.033312
spark,150_10,1,8,gpu_last_col,2959,1,0.05104
spark,150_10,1,8,gpu_last_col,2960,1,0.054496
spark,150_10,1,8,gpu_last_col,2961,2,0.04576
spark,150_10,1,8,gpu_last_col,2962,1,0.075232
spark,150_10,1,8,gpu_last_col,2963,1,0.030976
spark,150_10,1,8,gpu_last_col,2964,1,0.040768
spark,150_10,1,8,gpu_last_col,2965,1,0.067712
spark,150_10,1,8,gpu_last_col,2966,1,0.066464
spark,150_10,1,8,gpu_last_col,2967,2,0.042368
spark,150_10,1,8,gpu_last_col,2968,3,0.075008
spark,150_10,1,8,gpu_last_col,2969,5,0.057728
spark,150_10,1,8,gpu_last_col,2970,3,0.05664
spark,150_10,1,8,gpu_last_col,2971,1,0.038432
spark,150_10,1,8,gpu_last_col,2972,1,0.051552
spark,150_10,1,8,gpu_last_col,2973,1,0.067456
spark,150_10,1,8,gpu_last_col,2974,1,0.071776
spark,150_10,1,8,gpu_last_col,2975,1,0.073984
spark,150_10,1,8,gpu_last_col,2976,1,0.068576
spark,150_10,1,8,gpu_last_col,2977,1,0.075008
spark,150_10,1,8,gpu_last_col,2978,1,0.076
spark,150_10,1,8,gpu_last_col,2979,2,0.066048
spark,150_10,1,8,gpu_last_col,2980,2,0.05792
spark,150_10,1,8,gpu_last_col,2981,3,0.071136
spark,150_10,1,8,gpu_last_col,2982,3,0.060128
spark,150_10,1,8,gpu_last_col,2983,2,0.06176
spark,150_10,1,8,gpu_last_col,2984,2,0.068288
spark,150_10,1,8,gpu_last_col,2985,1,0.026464
spark,150_10,1,8,gpu_last_col,2986,1,0.052064
spark,150_10,1,8,gpu_last_col,2987,1,0.06752
spark,150_10,1,8,gpu_last_col,2988,2,0.059712
spark,150_10,1,8,gpu_last_col,2989,4,0.0728
spark,150_10,1,8,gpu_last_col,2990,5,0.064352
spark,150_10,1,8,gpu_last_col,2991,5,0.075008
spark,150_10,1,8,gpu_last_col,2992,3,0.029952
spark,150_10,1,8,gpu_last_col,2993,3,0.070112
spark,150_10,1,8,gpu_last_col,2994,2,0.048288
spark,150_10,1,8,gpu_last_col,2995,1,0.03376
spark,150_10,1,8,gpu_last_col,2996,1,0.026912
spark,150_10,1,8,gpu_last_col,2997,1,0.056256
spark,150_10,1,8,gpu_last_col,2998,1,0.065376
spark,150_10,1,8,gpu_last_col,2999,1,0.036704
spark,150_10,1,8,gpu_last_col,3000,2,0.02384
spark,150_10,1,8,gpu_last_col,3001,2,0.069216
spark,150_10,1,8,gpu_last_col,3002,2,0.058528
spark,150_10,1,8,gpu_last_col,3003,3,0.060032
spark,150_10,1,8,gpu_last_col,3004,3,0.066496
spark,150_10,1,8,gpu_last_col,3005,3,0.05184
spark,150_10,1,8,gpu_last_col,3006,4,0.076512
spark,150_10,1,8,gpu_last_col,3007,2,0.04
spark,150_10,1,8,gpu_last_col,3008,1,0.038528
spark,150_10,1,8,gpu_last_col,3009,1,0.04144
spark,150_10,1,8,gpu_last_col,3010,1,0.031264
spark,150_10,1,8,gpu_last_col,3011,1,0.026208
spark,150_10,1,8,gpu_last_col,3012,1,0.042784
spark,150_10,1,8,gpu_last_col,3013,1,0.044512
spark,150_10,1,8,gpu_last_col,3014,2,0.053504
spark,150_10,1,8,gpu_last_col,3015,1,0.0576
spark,150_10,1,8,gpu_last_col,3016,1,0.075648
spark,150_10,1,8,gpu_last_col,3017,1,0.026144
spark,150_10,1,8,gpu_last_col,3018,2,0.046144
spark,150_10,1,8,gpu_last_col,3019,3,0.062016
spark,150_10,1,8,gpu_last_col,3020,1,0.038592
spark,150_10,1,8,gpu_last_col,3021,1,0.026368
spark,150_10,1,8,gpu_last_col,3022,1,0.048192
spark,150_10,1,8,gpu_last_col,3023,1,0.03808
spark,150_10,1,8,gpu_last_col,3024,1,0.07744
spark,150_10,1,8,gpu_last_col,3025,1,0.026784
spark,150_10,1,8,gpu_last_col,3026,1,0.029664
spark,150_10,1,8,gpu_last_col,3027,2,0.07632
spark,150_10,1,8,gpu_last_col,3028,2,0.051712
spark,150_10,1,8,gpu_last_col,3029,2,0.029728
spark,150_10,1,8,gpu_last_col,3030,1,0.06992
spark,150_10,1,8,gpu_last_col,3031,1,0.073216
spark,150_10,1,8,gpu_last_col,3032,1,0.053568
spark,150_10,1,8,gpu_last_col,3033,2,0.07392
spark,150_10,1,8,gpu_last_col,3034,2,0.070208
spark,150_10,1,8,gpu_last_col,3035,2,0.064768
spark,150_10,1,8,gpu_last_col,3036,2,0.049632
spark,150_10,1,8,gpu_last_col,3037,1,0.079008
spark,150_10,1,8,gpu_last_col,3038,1,0.048192
spark,150_10,1,8,gpu_last_col,3039,1,0.049632
spark,150_10,1,8,gpu_last_col,3040,1,0.048128
spark,150_10,1,8,gpu_last_col,3041,2,0.07376
spark,150_10,1,8,gpu_last_col,3042,4,0.057472
spark,150_10,1,8,gpu_last_col,3043,3,0.062336
spark,150_10,1,8,gpu_last_col,3044,5,0.067808
spark,150_10,1,8,gpu_last_col,3045,3,0.070368
spark,150_10,1,8,gpu_last_col,3046,3,0.062016
spark,150_10,1,8,gpu_last_col,3047,3,0.06528
spark,150_10,1,8,gpu_last_col,3048,3,0.075136
spark,150_10,1,8,gpu_last_col,3049,2,0.051904
spark,150_10,1,8,gpu_last_col,3050,1,0.050592
spark,150_10,1,8,gpu_last_col,3051,1,0.078112
spark,150_10,1,8,gpu_last_col,3052,1,0.046368
spark,150_10,1,8,gpu_last_col,3053,1,0.044448
spark,150_10,1,8,gpu_last_col,3054,1,0.065984
spark,150_10,1,8,gpu_last_col,3055,1,0.05056
spark,150_10,1,8,gpu_last_col,3056,1,0.019904
spark,150_10,1,8,gpu_last_col,3057,1,0.064064
spark,150_10,1,8,gpu_last_col,3058,1,0.05712
spark,150_10,1,8,gpu_last_col,3059,1,0.04064
spark,150_10,1,8,gpu_last_col,3060,1,0.049376
spark,150_10,1,8,gpu_last_col,3061,2,0.071008
spark,150_10,1,8,gpu_last_col,3062,3,0.069984
spark,150_10,1,8,gpu_last_col,3063,3,0.056512
spark,150_10,1,8,gpu_last_col,3064,3,0.054464
spark,150_10,1,8,gpu_last_col,3065,2,0.030496
spark,150_10,1,8,gpu_last_col,3066,1,0.05472
spark,150_10,1,8,gpu_last_col,3067,1,0.068704
spark,150_10,1,8,gpu_last_col,3068,1,0.061248
spark,150_10,1,8,gpu_last_col,3069,1,0.022016
spark,150_10,1,8,gpu_last_col,3070,2,0.068672
spark,150_10,1,8,gpu_last_col,3071,3,0.076608
spark,150_10,1,8,gpu_last_col,3072,2,0.053792
spark,150_10,1,8,gpu_last_col,3073,3,0.071296
spark,150_10,1,8,gpu_last_col,3074,1,0.06432
spark,150_10,1,8,gpu_last_col,3075,2,0.058144
spark,150_10,1,8,gpu_last_col,3076,1,0.051424
spark,150_10,1,8,gpu_last_col,3077,1,0.036
spark,150_10,1,8,gpu_last_col,3078,1,0.025952
spark,150_10,1,8,gpu_last_col,3079,1,0.058816
spark,150_10,1,8,gpu_last_col,3080,2,0.046752
spark,150_10,1,8,gpu_last_col,3081,2,0.054496
spark,150_10,1,8,gpu_last_col,3082,3,0.063584
spark,150_10,1,8,gpu_last_col,3083,4,0.077728
spark,150_10,1,8,gpu_last_col,3084,3,0.054656
spark,150_10,1,8,gpu_last_col,3085,4,0.075232
spark,150_10,1,8,gpu_last_col,3086,2,0.040192
spark,150_10,1,8,gpu_last_col,3087,1,0.026272
spark,150_10,1,8,gpu_last_col,3088,2,0.067424
spark,150_10,1,8,gpu_last_col,3089,1,0.064672
spark,150_10,1,8,gpu_last_col,3090,1,0.058912
spark,150_10,1,8,gpu_last_col,3091,1,0.073664
spark,150_10,1,8,gpu_last_col,3092,2,0.06672
spark,150_10,1,8,gpu_last_col,3093,2,0.077472
spark,150_10,1,8,gpu_last_col,3094,3,0.07552
spark,150_10,1,8,gpu_last_col,3095,3,0.07088
spark,150_10,1,8,gpu_last_col,3096,1,0.05696
spark,150_10,1,8,gpu_last_col,3097,1,0.074944
spark,150_10,1,8,gpu_last_col,3098,1,0.05808
spark,150_10,1,8,gpu_last_col,3099,1,0.074976
spark,150_10,1,8,gpu_last_col,3100,2,0.072512
spark,150_10,1,8,gpu_last_col,3101,2,0.044192
spark,150_10,1,8,gpu_last_col,3102,3,0.061664
spark,150_10,1,8,gpu_last_col,3103,2,0.076128
spark,150_10,1,8,gpu_last_col,3104,2,0.071744
spark,150_10,1,8,gpu_last_col,3105,2,0.055296
spark,150_10,1,8,gpu_last_col,3106,1,0.032416
spark,150_10,1,8,gpu_last_col,3107,1,0.050336
spark,150_10,1,8,gpu_last_col,3108,1,0.030368
spark,150_10,1,8,gpu_last_col,3109,2,0.073152
spark,150_10,1,8,gpu_last_col,3110,2,0.075424
spark,150_10,1,8,gpu_last_col,3111,2,0.077408
spark,150_10,1,8,gpu_last_col,3112,3,0.077248
spark,150_10,1,8,gpu_last_col,3113,2,0.064352
spark,150_10,1,8,gpu_last_col,3114,2,0.055552
spark,150_10,1,8,gpu_last_col,3115,2,0.07488
spark,150_10,1,8,gpu_last_col,3116,1,0.026912
spark,150_10,1,8,gpu_last_col,3117,1,0.072096
spark,150_10,1,8,gpu_last_col,3118,2,0.045792
spark,150_10,1,8,gpu_last_col,3119,2,0.039968
spark,150_10,1,8,gpu_last_col,3120,1,0.075776
spark,150_10,1,8,gpu_last_col,3121,1,0.051904
spark,150_10,1,8,gpu_last_col,3122,1,0.031872
spark,150_10,1,8,gpu_last_col,3123,1,0.027072
spark,150_10,1,8,gpu_last_col,3124,1,0.044736
spark,150_10,1,8,gpu_last_col,3125,2,0.049056
spark,150_10,1,8,gpu_last_col,3126,2,0.04576
spark,150_10,1,8,gpu_last_col,3127,3,0.072256
spark,150_10,1,8,gpu_last_col,3128,3,0.045216
spark,150_10,1,8,gpu_last_col,3129,2,0.06944
spark,150_10,1,8,gpu_last_col,3130,2,0.069984
spark,150_10,1,8,gpu_last_col,3131,1,0.069504
spark,150_10,1,8,gpu_last_col,3132,1,0.077504
spark,150_10,1,8,gpu_last_col,3133,1,0.067424
spark,150_10,1,8,gpu_last_col,3134,1,0.066048
spark,150_10,1,8,gpu_last_col,3135,1,0.039936
spark,150_10,1,8,gpu_last_col,3136,2,0.061632
spark,150_10,1,8,gpu_last_col,3137,1,0.062784
spark,150_10,1,8,gpu_last_col,3138,1,0.075584
spark,150_10,1,8,gpu_last_col,3139,1,0.039424
spark,150_10,1,8,gpu_last_col,3140,2,0.05792
spark,150_10,1,8,gpu_last_col,3141,2,0.050528
spark,150_10,1,8,gpu_last_col,3142,1,0.06768
spark,150_10,1,8,gpu_last_col,3143,1,0.0352
spark,150_10,1,8,gpu_last_col,3144,1,0.030016
spark,150_10,1,8,gpu_last_col,3145,1,0.02288
spark,150_10,1,8,gpu_last_col,3146,2,0.057312
spark,150_10,1,8,gpu_last_col,3147,3,0.053056
spark,150_10,1,8,gpu_last_col,3148,5,0.056544
spark,150_10,1,8,gpu_last_col,3149,5,0.073376
spark,150_10,1,8,gpu_last_col,3150,4,0.07616
spark,150_10,1,8,gpu_last_col,3151,3,0.06448
spark,150_10,1,8,gpu_last_col,3152,2,0.050944
spark,150_10,1,8,gpu_last_col,3153,1,0.060704
spark,150_10,1,8,gpu_last_col,3154,2,0.048896
spark,150_10,1,8,gpu_last_col,3155,2,0.047936
spark,150_10,1,8,gpu_last_col,3156,1,0.058432
spark,150_10,1,8,gpu_last_col,3157,1,0.041952
spark,150_10,1,8,gpu_last_col,3158,2,0.074144
spark,150_10,1,8,gpu_last_col,3159,2,0.051648
spark,150_10,1,8,gpu_last_col,3160,1,0.051648
spark,150_10,1,8,gpu_last_col,3161,1,0.062752
spark,150_10,1,8,gpu_last_col,3162,2,0.065568
spark,150_10,1,8,gpu_last_col,3163,3,0.059264
spark,150_10,1,8,gpu_last_col,3164,4,0.072608
spark,150_10,1,8,gpu_last_col,3165,2,0.056544
spark,150_10,1,8,gpu_last_col,3166,3,0.050976
spark,150_10,1,8,gpu_last_col,3167,2,0.063744
spark,150_10,1,8,gpu_last_col,3168,2,0.067328
spark,150_10,1,8,gpu_last_col,3169,2,0.072224
spark,150_10,1,8,gpu_last_col,3170,1,0.042432
spark,150_10,1,8,gpu_last_col,3171,1,0.067744
spark,150_10,1,8,gpu_last_col,3172,1,0.075392
spark,150_10,1,8,gpu_last_col,3173,2,0.071776
spark,150_10,1,8,gpu_last_col,3174,3,0.073888
spark,150_10,1,8,gpu_last_col,3175,2,0.062944
spark,150_10,1,8,gpu_last_col,3176,2,0.059136
spark,150_10,1,8,gpu_last_col,3177,1,0.041376
spark,150_10,1,8,gpu_last_col,3178,1,0.031424
spark,150_10,1,8,gpu_last_col,3179,1,0.057664
spark,150_10,1,8,gpu_last_col,3180,1,0.038848
spark,150_10,1,8,gpu_last_col,3181,2,0.07424
spark,150_10,1,8,gpu_last_col,3182,3,0.058144
spark,150_10,1,8,gpu_last_col,3183,2,0.058176
spark,150_10,1,8,gpu_last_col,3184,1,0.023712
spark,150_10,1,8,gpu_last_col,3185,1,0.075136
spark,150_10,1,8,gpu_last_col,3186,2,0.058528
spark,150_10,1,8,gpu_last_col,3187,1,0.031488
spark,150_10,1,8,gpu_last_col,3188,1,0.043616
spark,150_10,1,8,gpu_last_col,3189,1,0.070048
spark,150_10,1,8,gpu_last_col,3190,1,0.054176
spark,150_10,1,8,gpu_last_col,3191,2,0.077408
spark,150_10,1,8,gpu_last_col,3192,1,0.02512
spark,150_10,1,8,gpu_last_col,3193,1,0.045024
spark,150_10,1,8,gpu_last_col,3194,1,0.06304
spark,150_10,1,8,gpu_last_col,3195,1,0.041056
spark,150_10,1,8,gpu_last_col,3196,2,0.079712
spark,150_10,1,8,gpu_last_col,3197,1,0.060192
spark,150_10,1,8,gpu_last_col,3198,1,0.073184
spark,150_10,1,8,gpu_last_col,3199,2,0.074304
spark,150_10,1,8,gpu_last_col,3200,3,0.074592
spark,150_10,1,8,gpu_last_col,3201,3,0.069792
spark,150_10,1,8,gpu_last_col,3202,2,0.062048
spark,150_10,1,8,gpu_last_col,3203,2,0.076032
spark,150_10,1,8,gpu_last_col,3204,2,0.072192
spark,150_10,1,8,gpu_last_col,3205,1,0.053024
spark,150_10,1,8,gpu_last_col,3206,1,0.060224
spark,150_10,1,8,gpu_last_col,3207,1,0.047232
spark,150_10,1,8,gpu_last_col,3208,2,0.070336
spark,150_10,1,8,gpu_last_col,3209,2,0.046784
spark,150_10,1,8,gpu_last_col,3210,1,0.072928
spark,150_10,1,8,gpu_last_col,3211,1,0.052544
spark,150_10,1,8,gpu_last_col,3212,1,0.065024
spark,150_10,1,8,gpu_last_col,3213,1,0.034432
spark,150_10,1,8,gpu_last_col,3214,2,0.076608
spark,150_10,1,8,gpu_last_col,3215,2,0.057536
spark,150_10,1,8,gpu_last_col,3216,3,0.054208
spark,150_10,1,8,gpu_last_col,3217,3,0.0536
spark,150_10,1,8,gpu_last_col,3218,4,0.062496
spark,150_10,1,8,gpu_last_col,3219,4,0.05776
spark,150_10,1,8,gpu_last_col,3220,3,0.076608
spark,150_10,1,8,gpu_last_col,3221,3,0.068768
spark,150_10,1,8,gpu_last_col,3222,2,0.049312
spark,150_10,1,8,gpu_last_col,3223,2,0.076992
spark,150_10,1,8,gpu_last_col,3224,1,0.037216
spark,150_10,1,8,gpu_last_col,3225,1,0.068608
spark,150_10,1,8,gpu_last_col,3226,2,0.07568
spark,150_10,1,8,gpu_last_col,3227,4,0.07696
spark,150_10,1,8,gpu_last_col,3228,4,0.072384
spark,150_10,1,8,gpu_last_col,3229,4,0.073248
spark,150_10,1,8,gpu_last_col,3230,3,0.058144
spark,150_10,1,8,gpu_last_col,3231,1,0.029152
spark,150_10,1,8,gpu_last_col,3232,1,0.041312
spark,150_10,1,8,gpu_last_col,3233,1,0.070592
spark,150_10,1,8,gpu_last_col,3234,1,0.058592
spark,150_10,1,8,gpu_last_col,3235,1,0.040864
spark,150_10,1,8,gpu_last_col,3236,2,0.076416
spark,150_10,1,8,gpu_last_col,3237,3,0.062464
spark,150_10,1,8,gpu_last_col,3238,2,0.050816
spark,150_10,1,8,gpu_last_col,3239,2,0.049056
spark,150_10,1,8,gpu_last_col,3240,1,0.042784
spark,150_10,1,8,gpu_last_col,3241,1,0.040928
spark,150_10,1,8,gpu_last_col,3242,2,0.045248
spark,150_10,1,8,gpu_last_col,3243,2,0.054464
spark,150_10,1,8,gpu_last_col,3244,1,0.040096
spark,150_10,1,8,gpu_last_col,3245,1,0.052704
spark,150_10,1,8,gpu_last_col,3246,2,0.056736
spark,150_10,1,8,gpu_last_col,3247,2,0.046944
spark,150_10,1,8,gpu_last_col,3248,1,0.058336
spark,150_10,1,8,gpu_last_col,3249,1,0.066656
spark,150_10,1,8,gpu_last_col,3250,1,0.01968
spark,150_10,1,8,gpu_last_col,3251,2,0.068128
spark,150_10,1,8,gpu_last_col,3252,3,0.053312
spark,150_10,1,8,gpu_last_col,3253,1,0.029184
spark,150_10,1,8,gpu_last_col,3254,2,0.075296
spark,150_10,1,8,gpu_last_col,3255,1,0.037312
spark,150_10,1,8,gpu_last_col,3256,1,0.068544
spark,150_10,1,8,gpu_last_col,3257,1,0.065152
spark,150_10,1,8,gpu_last_col,3258,1,0.065056
spark,150_10,1,8,gpu_last_col,3259,1,0.064768
spark,150_10,1,8,gpu_last_col,3260,1,0.029856
spark,150_10,1,8,gpu_last_col,3261,1,0.054432
spark,150_10,1,8,gpu_last_col,3262,2,0.041856
spark,150_10,1,8,gpu_last_col,3263,3,0.075808
spark,150_10,1,8,gpu_last_col,3264,4,0.074112
spark,150_10,1,8,gpu_last_col,3265,6,0.061152
spark,150_10,1,8,gpu_last_col,3266,4,0.061152
spark,150_10,1,8,gpu_last_col,3267,1,0.023808
spark,150_10,1,8,gpu_last_col,3268,1,0.025056
spark,150_10,1,8,gpu_last_col,3269,2,0.0696
spark,150_10,1,8,gpu_last_col,3270,1,0.025792
spark,150_10,1,8,gpu_last_col,3271,2,0.066688
spark,150_10,1,8,gpu_last_col,3272,1,0.066272
spark,150_10,1,8,gpu_last_col,3273,1,0.064416
spark,150_10,1,8,gpu_last_col,3274,2,0.052384
spark,150_10,1,8,gpu_last_col,3275,2,0.043712
spark,150_10,1,8,gpu_last_col,3276,2,0.049152
spark,150_10,1,8,gpu_last_col,3277,3,0.07264
spark,150_10,1,8,gpu_last_col,3278,4,0.04912
spark,150_10,1,8,gpu_last_col,3279,4,0.039136
spark,150_10,1,8,gpu_last_col,3280,2,0.033984
spark,150_10,1,8,gpu_last_col,3281,2,0.052352
spark,150_10,1,8,gpu_last_col,3282,2,0.066432
spark,150_10,1,8,gpu_last_col,3283,1,0.063008
spark,150_10,1,8,gpu_last_col,3284,1,0.057408
spark,150_10,1,8,gpu_last_col,3285,1,0.059072
spark,150_10,1,8,gpu_last_col,3286,1,0.072576
spark,150_10,1,8,gpu_last_col,3287,2,0.072704
spark,150_10,1,8,gpu_last_col,3288,4,0.065536
spark,150_10,1,8,gpu_last_col,3289,5,0.04912
spark,150_10,1,8,gpu_last_col,3290,5,0.071136
spark,150_10,1,8,gpu_last_col,3291,4,0.078208
spark,150_10,1,8,gpu_last_col,3292,3,0.067136
spark,150_10,1,8,gpu_last_col,3293,5,0.0736
spark,150_10,1,8,gpu_last_col,3294,3,0.070656
spark,150_10,1,8,gpu_last_col,3295,2,0.050368
spark,150_10,1,8,gpu_last_col,3296,1,0.05872
spark,150_10,1,8,gpu_last_col,3297,1,0.071872
spark,150_10,1,8,gpu_last_col,3298,1,0.059456
spark,150_10,1,8,gpu_last_col,3299,2,0.053376
spark,150_10,1,8,gpu_last_col,3300,3,0.067104
spark,150_10,1,8,gpu_last_col,3301,3,0.07408
spark,150_10,1,8,gpu_last_col,3302,3,0.067776
spark,150_10,1,8,gpu_last_col,3303,2,0.066368
spark,150_10,1,8,gpu_last_col,3304,2,0.06464
spark,150_10,1,8,gpu_last_col,3305,1,0.04256
spark,150_10,1,8,gpu_last_col,3306,1,0.04128
spark,150_10,1,8,gpu_last_col,3307,1,0.038144
spark,150_10,1,8,gpu_last_col,3308,1,0.020032
spark,150_10,1,8,gpu_last_col,3309,2,0.050304
spark,150_10,1,8,gpu_last_col,3310,3,0.060672
spark,150_10,1,8,gpu_last_col,3311,3,0.050368
spark,150_10,1,8,gpu_last_col,3312,3,0.065664
spark,150_10,1,8,gpu_last_col,3313,2,0.046496
spark,150_10,1,8,gpu_last_col,3314,1,0.039392
spark,150_10,1,8,gpu_last_col,3315,1,0.035616
spark,150_10,1,8,gpu_last_col,3316,1,0.048928
spark,150_10,1,8,gpu_last_col,3317,2,0.056512
spark,150_10,1,8,gpu_last_col,3318,1,0.074592
spark,150_10,1,8,gpu_last_col,3319,1,0.067968
spark,150_10,1,8,gpu_last_col,3320,2,0.04672
spark,150_10,1,8,gpu_last_col,3321,3,0.073952
spark,150_10,1,8,gpu_last_col,3322,2,0.066272
spark,150_10,1,8,gpu_last_col,3323,3,0.059744
spark,150_10,1,8,gpu_last_col,3324,2,0.073184
spark,150_10,1,8,gpu_last_col,3325,3,0.054048
spark,150_10,1,8,gpu_last_col,3326,3,0.0704
spark,150_10,1,8,gpu_last_col,3327,1,0.052
spark,150_10,1,8,gpu_last_col,3328,1,0.041952
spark,150_10,1,8,gpu_last_col,3329,1,0.07376
spark,150_10,1,8,gpu_last_col,3330,1,0.052384
spark,150_10,1,8,gpu_last_col,3331,1,0.023904
spark,150_10,1,8,gpu_last_col,3332,2,0.072896
spark,150_10,1,8,gpu_last_col,3333,4,0.045376
spark,150_10,1,8,gpu_last_col,3334,4,0.060992
spark,150_10,1,8,gpu_last_col,3335,2,0.056192
spark,150_10,1,8,gpu_last_col,3336,2,0.063168
spark,150_10,1,8,gpu_last_col,3337,1,0.075072
spark,150_10,1,8,gpu_last_col,3338,1,0.044224
spark,150_10,1,8,gpu_last_col,3339,1,0.054624
spark,150_10,1,8,gpu_last_col,3340,1,0.057408
spark,150_10,1,8,gpu_last_col,3341,1,0.06912
spark,150_10,1,8,gpu_last_col,3342,1,0.046272
spark,150_10,1,8,gpu_last_col,3343,2,0.069888
spark,150_10,1,8,gpu_last_col,3344,2,0.069184
spark,150_10,1,8,gpu_last_col,3345,3,0.061376
spark,150_10,1,8,gpu_last_col,3346,2,0.064928
spark,150_10,1,8,gpu_last_col,3347,2,0.061312
spark,150_10,1,8,gpu_last_col,3348,3,0.047584
spark,150_10,1,8,gpu_last_col,3349,1,0.074688
spark,150_10,1,8,gpu_last_col,3350,1,0.067552
spark,150_10,1,8,gpu_last_col,3351,1,0.064608
spark,150_10,1,8,gpu_last_col,3352,2,0.058464
spark,150_10,1,8,gpu_last_col,3353,1,0.034304
spark,150_10,1,8,gpu_last_col,3354,1,0.04224
spark,150_10,1,8,gpu_last_col,3355,2,0.053888
spark,150_10,1,8,gpu_last_col,3356,3,0.071808
spark,150_10,1,8,gpu_last_col,3357,2,0.060672
spark,150_10,1,8,gpu_last_col,3358,2,0.07712
spark,150_10,1,8,gpu_last_col,3359,2,0.05152
spark,150_10,1,8,gpu_last_col,3360,1,0.03728
spark,150_10,1,8,gpu_last_col,3361,1,0.056512
spark,150_10,1,8,gpu_last_col,3362,1,0.04912
spark,150_10,1,8,gpu_last_col,3363,2,0.066912
spark,150_10,1,8,gpu_last_col,3364,3,0.073056
spark,150_10,1,8,gpu_last_col,3365,3,0.063232
spark,150_10,1,8,gpu_last_col,3366,2,0.066784
spark,150_10,1,8,gpu_last_col,3367,3,0.078304
spark,150_10,1,8,gpu_last_col,3368,2,0.053856
spark,150_10,1,8,gpu_last_col,3369,2,0.05792
spark,150_10,1,8,gpu_last_col,3370,1,0.070528
spark,150_10,1,8,gpu_last_col,3371,1,0.0256
spark,150_10,1,8,gpu_last_col,3372,2,0.052928
spark,150_10,1,8,gpu_last_col,3373,4,0.0616
spark,150_10,1,8,gpu_last_col,3374,4,0.070016
spark,150_10,1,8,gpu_last_col,3375,3,0.077088
spark,150_10,1,8,gpu_last_col,3376,3,0.050816
spark,150_10,1,8,gpu_last_col,3377,4,0.067072
spark,150_10,1,8,gpu_last_col,3378,2,0.034144
spark,150_10,1,8,gpu_last_col,3379,1,0.04624
spark,150_10,1,8,gpu_last_col,3380,1,0.034656
spark,150_10,1,8,gpu_last_col,3381,1,0.041184
spark,150_10,1,8,gpu_last_col,3382,1,0.042752
spark,150_10,1,8,gpu_last_col,3383,1,0.059104
spark,150_10,1,8,gpu_last_col,3384,1,0.032768
spark,150_10,1,8,gpu_last_col,3385,2,0.075264
spark,150_10,1,8,gpu_last_col,3386,3,0.065312
spark,150_10,1,8,gpu_last_col,3387,4,0.064384
spark,150_10,1,8,gpu_last_col,3388,2,0.057856
spark,150_10,1,8,gpu_last_col,3389,3,0.068448
spark,150_10,1,8,gpu_last_col,3390,4,0.075136
spark,150_10,1,8,gpu_last_col,3391,3,0.045152
spark,150_10,1,8,gpu_last_col,3392,3,0.055232
spark,150_10,1,8,gpu_last_col,3393,2,0.057216
spark,150_10,1,8,gpu_last_col,3394,1,0.073408
spark,150_10,1,8,gpu_last_col,3395,1,0.048224
spark,150_10,1,8,gpu_last_col,3396,2,0.063904
spark,150_10,1,8,gpu_last_col,3397,4,0.067392
spark,150_10,1,8,gpu_last_col,3398,5,0.054144
spark,150_10,1,8,gpu_last_col,3399,3,0.073568
spark,150_10,1,8,gpu_last_col,3400,3,0.067776
spark,150_10,1,8,gpu_last_col,3401,2,0.067264
spark,150_10,1,8,gpu_last_col,3402,1,0.051008
spark,150_10,1,8,gpu_last_col,3403,1,0.031008
spark,150_10,1,8,gpu_last_col,3404,1,0.039968
spark,150_10,1,8,gpu_last_col,3405,2,0.048224
spark,150_10,1,8,gpu_last_col,3406,2,0.070816
spark,150_10,1,8,gpu_last_col,3407,2,0.065184
spark,150_10,1,8,gpu_last_col,3408,1,0.028448
spark,150_10,1,8,gpu_last_col,3409,1,0.038048
spark,150_10,1,8,gpu_last_col,3410,1,0.074208
spark,150_10,1,8,gpu_last_col,3411,2,0.074496
spark,150_10,1,8,gpu_last_col,3412,2,0.069504
spark,150_10,1,8,gpu_last_col,3413,1,0.06992
spark,150_10,1,8,gpu_last_col,3414,1,0.057536
spark,150_10,1,8,gpu_last_col,3415,1,0.036192
spark,150_10,1,8,gpu_last_col,3416,1,0.025408
spark,150_10,1,8,gpu_last_col,3417,1,0.05408
spark,150_10,1,8,gpu_last_col,3418,2,0.055008
spark,150_10,1,8,gpu_last_col,3419,3,0.070752
spark,150_10,1,8,gpu_last_col,3420,4,0.067744
spark,150_10,1,8,gpu_last_col,3421,2,0.04832
spark,150_10,1,8,gpu_last_col,3422,1,0.0592
spark,150_10,1,8,gpu_last_col,3423,2,0.072288
spark,150_10,1,8,gpu_last_col,3424,1,0.049696
spark,150_10,1,8,gpu_last_col,3425,1,0.045504
spark,150_10,1,8,gpu_last_col,3426,1,0.01872
spark,150_10,1,8,gpu_last_col,3427,1,0.056
spark,150_10,1,8,gpu_last_col,3428,1,0.06816
spark,150_10,1,8,gpu_last_col,3429,1,0.025376
spark,150_10,1,8,gpu_last_col,3430,1,0.021376
spark,150_10,1,8,gpu_last_col,3431,1,0.029312
spark,150_10,1,8,gpu_last_col,3432,2,0.038944
spark,150_10,1,8,gpu_last_col,3433,3,0.076768
spark,150_10,1,8,gpu_last_col,3434,3,0.072096
spark,150_10,1,8,gpu_last_col,3435,2,0.052512
spark,150_10,1,8,gpu_last_col,3436,2,0.0744
spark,150_10,1,8,gpu_last_col,3437,2,0.063936
spark,150_10,1,8,gpu_last_col,3438,1,0.059872
spark,150_10,1,8,gpu_last_col,3439,2,0.060064
spark,150_10,1,8,gpu_last_col,3440,2,0.037088
spark,150_10,1,8,gpu_last_col,3441,1,0.064128
spark,150_10,1,8,gpu_last_col,3442,1,0.07728
spark,150_10,1,8,gpu_last_col,3443,1,0.05312
spark,150_10,1,8,gpu_last_col,3444,2,0.057536
spark,150_10,1,8,gpu_last_col,3445,3,0.05984
spark,150_10,1,8,gpu_last_col,3446,4,0.068064
spark,150_10,1,8,gpu_last_col,3447,2,0.057952
spark,150_10,1,8,gpu_last_col,3448,1,0.022144
spark,150_10,1,8,gpu_last_col,3449,1,0.023936
spark,150_10,1,8,gpu_last_col,3450,1,0.052384
spark,150_10,1,8,gpu_last_col,3451,1,0.06192
spark,150_10,1,8,gpu_last_col,3452,1,0.0416
spark,150_10,1,8,gpu_last_col,3453,1,0.071072
spark,150_10,1,8,gpu_last_col,3454,1,0.028608
spark,150_10,1,8,gpu_last_col,3455,1,0.024608
spark,150_10,1,8,gpu_last_col,3456,1,0.061248
spark,150_10,1,8,gpu_last_col,3457,1,0.057024
spark,150_10,1,8,gpu_last_col,3458,2,0.073312
spark,150_10,1,8,gpu_last_col,3459,3,0.074912
spark,150_10,1,8,gpu_last_col,3460,5,0.079008
spark,150_10,1,8,gpu_last_col,3461,6,0.070816
spark,150_10,1,8,gpu_last_col,3462,3,0.044992
spark,150_10,1,8,gpu_last_col,3463,2,0.075872
spark,150_10,1,8,gpu_last_col,3464,1,0.055328
spark,150_10,1,8,gpu_last_col,3465,1,0.07456
spark,150_10,1,8,gpu_last_col,3466,1,0.0536
spark,150_10,1,8,gpu_last_col,3467,1,0.061856
spark,150_10,1,8,gpu_last_col,3468,1,0.03152
spark,150_10,1,8,gpu_last_col,3469,1,0.053344
spark,150_10,1,8,gpu_last_col,3470,2,0.057664
spark,150_10,1,8,gpu_last_col,3471,1,0.050752
spark,150_10,1,8,gpu_last_col,3472,2,0.055328
spark,150_10,1,8,gpu_last_col,3473,2,0.055936
spark,150_10,1,8,gpu_last_col,3474,2,0.078464
spark,150_10,1,8,gpu_last_col,3475,2,0.077824
spark,150_10,1,8,gpu_last_col,3476,1,0.044128
spark,150_10,1,8,gpu_last_col,3477,1,0.030016
spark,150_10,1,8,gpu_last_col,3478,2,0.062624
spark,150_10,1,8,gpu_last_col,3479,3,0.04752
spark,150_10,1,8,gpu_last_col,3480,2,0.043488
spark,150_10,1,8,gpu_last_col,3481,3,0.045408
spark,150_10,1,8,gpu_last_col,3482,2,0.072864
spark,150_10,1,8,gpu_last_col,3483,3,0.057824
spark,150_10,1,8,gpu_last_col,3484,1,0.07024
spark,150_10,1,8,gpu_last_col,3485,1,0.067008
spark,150_10,1,8,gpu_last_col,3486,1,0.026848
spark,150_10,1,8,gpu_last_col,3487,1,0.057056
spark,150_10,1,8,gpu_last_col,3488,1,0.031904
spark,150_10,1,8,gpu_last_col,3489,2,0.05984
spark,150_10,1,8,gpu_last_col,3490,2,0.065536
spark,150_10,1,8,gpu_last_col,3491,3,0.066944
spark,150_10,1,8,gpu_last_col,3492,2,0.05504
spark,150_10,1,8,gpu_last_col,3493,2,0.048992
spark,150_10,1,8,gpu_last_col,3494,1,0.078784
spark,150_10,1,8,gpu_last_col,3495,1,0.028032
spark,150_10,1,8,gpu_last_col,3496,1,0.035904
spark,150_10,1,8,gpu_last_col,3497,1,0.073184
spark,150_10,1,8,gpu_last_col,3498,1,0.064672
spark,150_10,1,8,gpu_last_col,3499,1,0.038976
spark,150_10,1,8,gpu_last_col,3500,2,0.064608
spark,150_10,1,8,gpu_last_col,3501,2,0.073568
spark,150_10,1,8,gpu_last_col,3502,1,0.069248
spark,150_10,1,8,gpu_last_col,3503,1,0.057952
spark,150_10,1,8,gpu_last_col,3504,1,0.04784
spark,150_10,1,8,gpu_last_col,3505,1,0.059552
spark,150_10,1,8,gpu_last_col,3506,1,0.044704
spark,150_10,1,8,gpu_last_col,3507,1,0.041792
spark,150_10,1,8,gpu_last_col,3508,2,0.06512
spark,150_10,1,8,gpu_last_col,3509,3,0.04736
spark,150_10,1,8,gpu_last_col,3510,2,0.04592
spark,150_10,1,8,gpu_last_col,3511,1,0.044736
spark,150_10,1,8,gpu_last_col,3512,2,0.056352
spark,150_10,1,8,gpu_last_col,3513,1,0.026752
spark,150_10,1,8,gpu_last_col,3514,1,0.049568
spark,150_10,1,8,gpu_last_col,3515,1,0.027808
spark,150_10,1,8,gpu_last_col,3516,2,0.022752
spark,150_10,1,8,gpu_last_col,3517,3,0.0456
spark,150_10,1,8,gpu_last_col,3518,4,0.072096
spark,150_10,1,8,gpu_last_col,3519,3,0.07616
spark,150_10,1,8,gpu_last_col,3520,2,0.027328
spark,150_10,1,8,gpu_last_col,3521,2,0.076992
spark,150_10,1,8,gpu_last_col,3522,1,0.026336
spark,150_10,1,8,gpu_last_col,3523,1,0.074944
spark,150_10,1,8,gpu_last_col,3524,2,0.07824
spark,150_10,1,8,gpu_last_col,3525,2,0.062496
spark,150_10,1,8,gpu_last_col,3526,4,0.076352
spark,150_10,1,8,gpu_last_col,3527,3,0.064672
spark,150_10,1,8,gpu_last_col,3528,2,0.053376
spark,150_10,1,8,gpu_last_col,3529,1,0.024256
spark,150_10,1,8,gpu_last_col,3530,1,0.0632
spark,150_10,1,8,gpu_last_col,3531,1,0.048384
spark,150_10,1,8,gpu_last_col,3532,2,0.051872
spark,150_10,1,8,gpu_last_col,3533,2,0.04912
spark,150_10,1,8,gpu_last_col,3534,1,0.043296
spark,150_10,1,8,gpu_last_col,3535,1,0.049408
spark,150_10,1,8,gpu_last_col,3536,1,0.074336
spark,150_10,1,8,gpu_last_col,3537,1,0.05648
spark,150_10,1,8,gpu_last_col,3538,1,0.051808
spark,150_10,1,8,gpu_last_col,3539,1,0.060192
spark,150_10,1,8,gpu_last_col,3540,1,0.039552
spark,150_10,1,8,gpu_last_col,3541,2,0.059488
spark,150_10,1,8,gpu_last_col,3542,2,0.076128
spark,150_10,1,8,gpu_last_col,3543,2,0.06192
spark,150_10,1,8,gpu_last_col,3544,4,0.074784
spark,150_10,1,8,gpu_last_col,3545,3,0.072864
spark,150_10,1,8,gpu_last_col,3546,4,0.073408
spark,150_10,1,8,gpu_last_col,3547,3,0.06576
spark,150_10,1,8,gpu_last_col,3548,2,0.074336
spark,150_10,1,8,gpu_last_col,3549,2,0.076448
spark,150_10,1,8,gpu_last_col,3550,1,0.078464
spark,150_10,1,8,gpu_last_col,3551,1,0.023168
spark,150_10,1,8,gpu_last_col,3552,2,0.059968
spark,150_10,1,8,gpu_last_col,3553,4,0.072416
spark,150_10,1,8,gpu_last_col,3554,7,0.073952
spark,150_10,1,8,gpu_last_col,3555,7,0.063904
spark,150_10,1,8,gpu_last_col,3556,3,0.078464
spark,150_10,1,8,gpu_last_col,3557,1,0.061088
spark,150_10,1,8,gpu_last_col,3558,1,0.033728
spark,150_10,1,8,gpu_last_col,3559,1,0.065984
spark,150_10,1,8,gpu_last_col,3560,1,0.0488
spark,150_10,1,8,gpu_last_col,3561,1,0.033536
spark,150_10,1,8,gpu_last_col,3562,1,0.018912
spark,150_10,1,8,gpu_last_col,3563,1,0.065312
spark,150_10,1,8,gpu_last_col,3564,2,0.070976
spark,150_10,1,8,gpu_last_col,3565,3,0.052768
spark,150_10,1,8,gpu_last_col,3566,1,0.069344
spark,150_10,1,8,gpu_last_col,3567,2,0.069856
spark,150_10,1,8,gpu_last_col,3568,1,0.078432
spark,150_10,1,8,gpu_last_col,3569,1,0.026176
spark,150_10,1,8,gpu_last_col,3570,1,0.069664
spark,150_10,1,8,gpu_last_col,3571,1,0.024096
spark,150_10,1,8,gpu_last_col,3572,2,0.043456
spark,150_10,1,8,gpu_last_col,3573,2,0.04672
spark,150_10,1,8,gpu_last_col,3574,3,0.049408
spark,150_10,1,8,gpu_last_col,3575,2,0.040416
spark,150_10,1,8,gpu_last_col,3576,2,0.043264
spark,150_10,1,8,gpu_last_col,3577,1,0.075232
spark,150_10,1,8,gpu_last_col,3578,1,0.057504
spark,150_10,1,8,gpu_last_col,3579,1,0.076832
spark,150_10,1,8,gpu_last_col,3580,2,0.083648
spark,150_10,1,8,gpu_last_col,3581,1,0.059488
spark,150_10,1,8,gpu_last_col,3582,1,0.06864
spark,150_10,1,8,gpu_last_col,3583,2,0.069216
spark,150_10,1,8,gpu_last_col,3584,4,0.067328
spark,150_10,1,8,gpu_last_col,3585,3,0.066368
spark,150_10,1,8,gpu_last_col,3586,4,0.072224
spark,150_10,1,8,gpu_last_col,3587,4,0.076448
spark,150_10,1,8,gpu_last_col,3588,4,0.070016
spark,150_10,1,8,gpu_last_col,3589,4,0.067488
spark,150_10,1,8,gpu_last_col,3590,2,0.057792
spark,150_10,1,8,gpu_last_col,3591,1,0.065984
spark,150_10,1,8,gpu_last_col,3592,1,0.077472
spark,150_10,1,8,gpu_last_col,3593,1,0.063712
spark,150_10,1,8,gpu_last_col,3594,1,0.075776
spark,150_10,1,8,gpu_last_col,3595,2,0.046048
spark,150_10,1,8,gpu_last_col,3596,3,0.073472
spark,150_10,1,8,gpu_last_col,3597,2,0.059616
spark,150_10,1,8,gpu_last_col,3598,1,0.061088
spark,150_10,1,8,gpu_last_col,3599,2,0.06512
spark,150_10,1,8,gpu_last_col,3600,1,0.026784
spark,150_10,1,8,gpu_last_col,3601,1,0.079488
spark,150_10,1,8,gpu_last_col,3602,1,0.068192
spark,150_10,1,8,gpu_last_col,3603,2,0.072992
spark,150_10,1,8,gpu_last_col,3604,2,0.097344
spark,150_10,1,8,gpu_last_col,3605,3,0.056032
spark,150_10,1,8,gpu_last_col,3606,3,0.073664
spark,150_10,1,8,gpu_last_col,3607,3,0.073344
spark,150_10,1,8,gpu_last_col,3608,1,0.043424
spark,150_10,1,8,gpu_last_col,3609,1,0.035616
spark,150_10,1,8,gpu_last_col,3610,1,0.050688
spark,150_10,1,8,gpu_last_col,3611,2,0.061088
spark,150_10,1,8,gpu_last_col,3612,2,0.02576
spark,150_10,1,8,gpu_last_col,3613,2,0.063456
spark,150_10,1,8,gpu_last_col,3614,2,0.053824
spark,150_10,1,8,gpu_last_col,3615,2,0.069376
spark,150_10,1,8,gpu_last_col,3616,1,0.061632
spark,150_10,1,8,gpu_last_col,3617,1,0.062496
spark,150_10,1,8,gpu_last_col,3618,1,0.07552
spark,150_10,1,8,gpu_last_col,3619,1,0.066016
spark,150_10,1,8,gpu_last_col,3620,2,0.0776
spark,150_10,1,8,gpu_last_col,3621,3,0.074624
spark,150_10,1,8,gpu_last_col,3622,4,0.053408
spark,150_10,1,8,gpu_last_col,3623,5,0.065696
spark,150_10,1,8,gpu_last_col,3624,3,0.064224
spark,150_10,1,8,gpu_last_col,3625,2,0.03616
spark,150_10,1,8,gpu_last_col,3626,1,0.034528
spark,150_10,1,8,gpu_last_col,3627,1,0.05248
spark,150_10,1,8,gpu_last_col,3628,1,0.080032
spark,150_10,1,8,gpu_last_col,3629,1,0.0336
spark,150_10,1,8,gpu_last_col,3630,2,0.048608
spark,150_10,1,8,gpu_last_col,3631,4,0.074944
spark,150_10,1,8,gpu_last_col,3632,3,0.068256
spark,150_10,1,8,gpu_last_col,3633,2,0.0608
spark,150_10,1,8,gpu_last_col,3634,2,0.06784
spark,150_10,1,8,gpu_last_col,3635,2,0.057184
spark,150_10,1,8,gpu_last_col,3636,1,0.027328
spark,150_10,1,8,gpu_last_col,3637,1,0.068768
spark,150_10,1,8,gpu_last_col,3638,2,0.074048
spark,150_10,1,8,gpu_last_col,3639,2,0.047904
spark,150_10,1,8,gpu_last_col,3640,2,0.05248
spark,150_10,1,8,gpu_last_col,3641,3,0.065312
spark,150_10,1,8,gpu_last_col,3642,3,0.076
spark,150_10,1,8,gpu_last_col,3643,3,0.075264
spark,150_10,1,8,gpu_last_col,3644,3,0.037408
spark,150_10,1,8,gpu_last_col,3645,3,0.074464
spark,150_10,1,8,gpu_last_col,3646,1,0.04688
spark,150_10,1,8,gpu_last_col,3647,1,0.024672
spark,150_10,1,8,gpu_last_col,3648,1,0.050912
spark,150_10,1,8,gpu_last_col,3649,1,0.068096
spark,150_10,1,8,gpu_last_col,3650,2,0.039424
spark,150_10,1,8,gpu_last_col,3651,1,0.023968
spark,150_10,1,8,gpu_last_col,3652,1,0.069856
spark,150_10,1,8,gpu_last_col,3653,1,0.065792
spark,150_10,1,8,gpu_last_col,3654,1,0.061344
spark,150_10,1,8,gpu_last_col,3655,2,0.064832
spark,150_10,1,8,gpu_last_col,3656,2,0.075776
spark,150_10,1,8,gpu_last_col,3657,2,0.041632
spark,150_10,1,8,gpu_last_col,3658,2,0.07376
spark,150_10,1,8,gpu_last_col,3659,2,0.064096
spark,150_10,1,8,gpu_last_col,3660,2,0.040928
spark,150_10,1,8,gpu_last_col,3661,1,0.060576
spark,150_10,1,8,gpu_last_col,3662,1,0.063456
spark,150_10,1,8,gpu_last_col,3663,2,0.054432
spark,150_10,1,8,gpu_last_col,3664,1,0.052288
spark,150_10,1,8,gpu_last_col,3665,1,0.043328
spark,150_10,1,8,gpu_last_col,3666,1,0.051264
spark,150_10,1,8,gpu_last_col,3667,2,0.066784
spark,150_10,1,8,gpu_last_col,3668,2,0.052544
spark,150_10,1,8,gpu_last_col,3669,2,0.056192
spark,150_10,1,8,gpu_last_col,3670,2,0.067552
spark,150_10,1,8,gpu_last_col,3671,1,0.064256
spark,150_10,1,8,gpu_last_col,3672,1,0.05792
spark,150_10,1,8,gpu_last_col,3673,1,0.049312
spark,150_10,1,8,gpu_last_col,3674,2,0.059104
spark,150_10,1,8,gpu_last_col,3675,1,0.042496
spark,150_10,1,8,gpu_last_col,3676,1,0.02848
spark,150_10,1,8,gpu_last_col,3677,2,0.042144
spark,150_10,1,8,gpu_last_col,3678,1,0.047552
spark,150_10,1,8,gpu_last_col,3679,1,0.0712
spark,150_10,1,8,gpu_last_col,3680,1,0.064992
spark,150_10,1,8,gpu_last_col,3681,1,0.059776
spark,150_10,1,8,gpu_last_col,3682,2,0.059296
spark,150_10,1,8,gpu_last_col,3683,3,0.067008
spark,150_10,1,8,gpu_last_col,3684,3,0.054528
spark,150_10,1,8,gpu_last_col,3685,4,0.074048
spark,150_10,1,8,gpu_last_col,3686,5,0.075424
spark,150_10,1,8,gpu_last_col,3687,4,0.078656
spark,150_10,1,8,gpu_last_col,3688,2,0.0384
spark,150_10,1,8,gpu_last_col,3689,2,0.06176
spark,150_10,1,8,gpu_last_col,3690,2,0.049376
spark,150_10,1,8,gpu_last_col,3691,2,0.07248
spark,150_10,1,8,gpu_last_col,3692,1,0.074976
spark,150_10,1,8,gpu_last_col,3693,2,0.061184
spark,150_10,1,8,gpu_last_col,3694,2,0.03088
spark,150_10,1,8,gpu_last_col,3695,1,0.041888
spark,150_10,1,8,gpu_last_col,3696,1,0.047808
spark,150_10,1,8,gpu_last_col,3697,1,0.041824
spark,150_10,1,8,gpu_last_col,3698,2,0.047808
spark,150_10,1,8,gpu_last_col,3699,1,0.03552
spark,150_10,1,8,gpu_last_col,3700,2,0.032288
spark,150_10,1,8,gpu_last_col,3701,1,0.052448
spark,150_10,1,8,gpu_last_col,3702,2,0.069216
spark,150_10,1,8,gpu_last_col,3703,1,0.07024
spark,150_10,1,8,gpu_last_col,3704,1,0.033184
spark,150_10,1,8,gpu_last_col,3705,1,0.037184
spark,150_10,1,8,gpu_last_col,3706,1,0.070848
spark,150_10,1,8,gpu_last_col,3707,1,0.021152
spark,150_10,1,8,gpu_last_col,3708,1,0.056032
spark,150_10,1,8,gpu_last_col,3709,1,0.08
spark,150_10,1,8,gpu_last_col,3710,1,0.074592
spark,150_10,1,8,gpu_last_col,3711,1,0.039424
spark,150_10,1,8,gpu_last_col,3712,2,0.073696
spark,150_10,1,8,gpu_last_col,3713,1,0.0368
spark,150_10,1,8,gpu_last_col,3714,1,0.033536
spark,150_10,1,8,gpu_last_col,3715,1,0.062944
spark,150_10,1,8,gpu_last_col,3716,1,0.04224
spark,150_10,1,8,gpu_last_col,3717,1,0.032896
spark,150_10,1,8,gpu_last_col,3718,1,0.024384
spark,150_10,1,8,gpu_last_col,3719,2,0.054976
spark,150_10,1,8,gpu_last_col,3720,3,0.064928
spark,150_10,1,8,gpu_last_col,3721,2,0.0608
spark,150_10,1,8,gpu_last_col,3722,3,0.071456
spark,150_10,1,8,gpu_last_col,3723,2,0.074176
spark,150_10,1,8,gpu_last_col,3724,1,0.072832
spark,150_10,1,8,gpu_last_col,3725,1,0.066368
spark,150_10,1,8,gpu_last_col,3726,1,0.040064
spark,150_10,1,8,gpu_last_col,3727,1,0.073312
spark,150_10,1,8,gpu_last_col,3728,1,0.067392
spark,150_10,1,8,gpu_last_col,3729,1,0.048
spark,150_10,1,8,gpu_last_col,3730,2,0.066368
spark,150_10,1,8,gpu_last_col,3731,3,0.073312
spark,150_10,1,8,gpu_last_col,3732,2,0.057856
spark,150_10,1,8,gpu_last_col,3733,1,0.0552
spark,150_10,1,8,gpu_last_col,3734,1,0.059552
spark,150_10,1,8,gpu_last_col,3735,1,0.048448
spark,150_10,1,8,gpu_last_col,3736,1,0.035744
spark,150_10,1,8,gpu_last_col,3737,1,0.030912
spark,150_10,1,8,gpu_last_col,3738,1,0.037088
spark,150_10,1,8,gpu_last_col,3739,1,0.045696
spark,150_10,1,8,gpu_last_col,3740,1,0.05168
spark,150_10,1,8,gpu_last_col,3741,1,0.040448
spark,150_10,1,8,gpu_last_col,3742,1,0.059552
spark,150_10,1,8,gpu_last_col,3743,1,0.075936
spark,150_10,1,9,gpu_warps,0,4650,3.7816
spark,150_10,1,9,gpu_warps,1,2138,1.827712
spark,150_10,1,9,gpu_warps,2,1437,1.247616
spark,150_10,1,9,gpu_warps,3,942,0.899872
spark,150_10,1,9,gpu_warps,4,625,0.638496
spark,150_10,1,9,gpu_warps,5,410,0.475168
spark,150_10,1,9,gpu_warps,6,259,0.3368
spark,150_10,1,9,gpu_warps,7,157,0.235264
spark,150_10,1,9,gpu_warps,8,92,0.179808
spark,150_10,1,9,gpu_warps,9,47,0.166112
spark,150_10,1,9,gpu_warps,10,28,0.16448
spark,150_10,1,9,gpu_warps,11,12,0.162112
spark,150_10,1,9,gpu_warps,12,7,0.16608
spark,150_10,1,9,gpu_warps,13,4,0.141472
spark,150_10,1,9,gpu_warps,14,2,0.12752
spark,150_10,1,9,gpu_warps,15,1,0.151136
spark,150_10,1,9,gpu_warps,16,1,0.147808
spark,150_10,1,9,gpu_warps,17,1,0.153888
spark,150_10,1,9,gpu_warps,18,1,0.094848
spark,150_10,1,9,gpu_warps,19,1,0.115168
spark,150_10,1,9,gpu_warps,20,1,0.144704
spark,150_10,1,9,gpu_warps,21,1,0.122304
spark,150_10,1,9,gpu_warps,22,1,0.122528
spark,150_10,1,9,gpu_warps,23,1,0.164576
spark,150_10,1,9,gpu_warps,24,1,0.059744
spark,150_10,1,9,gpu_warps,25,1,0.151776
spark,150_10,1,9,gpu_warps,26,1,0.088928
spark,150_10,1,9,gpu_warps,27,1,0.122752
spark,150_10,1,9,gpu_warps,28,1,0.119264
spark,150_10,1,9,gpu_warps,29,1,0.156832
spark,150_10,1,9,gpu_warps,30,1,0.035392
spark,150_10,1,9,gpu_warps,31,1,0.040992
spark,150_10,1,9,gpu_warps,32,1,0.148928
spark,150_10,1,9,gpu_warps,33,1,0.0704
spark,150_10,1,9,gpu_warps,34,1,0.150272
spark,150_10,1,9,gpu_warps,35,1,0.0968
spark,150_10,1,9,gpu_warps,36,1,0.081472
spark,150_10,1,9,gpu_warps,37,1,0.045824
spark,150_10,1,9,gpu_warps,38,1,0.09856
spark,150_10,1,9,gpu_warps,39,1,0.133312
spark,150_10,1,9,gpu_warps,40,1,0.109312
spark,150_10,1,9,gpu_warps,41,1,0.152544
spark,150_10,1,9,gpu_warps,42,1,0.065632
spark,150_10,1,9,gpu_warps,43,1,0.046624
spark,150_10,1,9,gpu_warps,44,1,0.0464
spark,150_10,1,9,gpu_warps,45,1,0.156416
spark,150_10,1,9,gpu_warps,46,1,0.110144
spark,150_10,1,9,gpu_warps,47,1,0.133536
spark,150_10,1,9,gpu_warps,48,1,0.123136
spark,150_10,1,9,gpu_warps,49,1,0.083264
spark,150_10,1,9,gpu_warps,50,1,0.053088
spark,150_10,1,9,gpu_warps,51,1,0.140128
spark,150_10,1,9,gpu_warps,52,1,0.093088
spark,150_10,1,9,gpu_warps,53,1,0.137472
spark,150_10,1,9,gpu_warps,54,1,0.105792
spark,150_10,1,9,gpu_warps,55,1,0.098432
spark,150_10,1,9,gpu_warps,56,1,0.141792
spark,150_10,1,9,gpu_warps,57,2,0.160224
spark,150_10,1,9,gpu_warps,58,1,0.036384
spark,150_10,1,9,gpu_warps,59,1,0.14224
spark,150_10,1,9,gpu_warps,60,1,0.140672
spark,150_10,1,9,gpu_warps,61,1,0.146432
spark,150_10,1,9,gpu_warps,62,1,0.146944
spark,150_10,1,9,gpu_warps,63,1,0.087008
spark,150_10,1,9,gpu_warps,64,1,0.085088
spark,150_10,1,9,gpu_warps,65,1,0.09632
spark,150_10,1,9,gpu_warps,66,1,0.060672
spark,150_10,1,9,gpu_warps,67,1,0.103872
spark,150_10,1,9,gpu_warps,68,1,0.144544
spark,150_10,1,9,gpu_warps,69,1,0.13328
spark,150_10,1,9,gpu_warps,70,2,0.1504
spark,150_10,1,9,gpu_warps,71,1,0.094976
spark,150_10,1,9,gpu_warps,72,1,0.045824
spark,150_10,1,9,gpu_warps,73,1,0.143296
spark,150_10,1,9,gpu_warps,74,1,0.065088
spark,150_10,1,9,gpu_warps,75,1,0.025344
spark,150_10,1,9,gpu_warps,76,1,0.119328
spark,150_10,1,9,gpu_warps,77,1,0.12736
spark,150_10,1,9,gpu_warps,78,1,0.110624
spark,150_10,1,9,gpu_warps,79,1,0.147136
spark,150_10,1,9,gpu_warps,80,1,0.078656
spark,150_10,1,9,gpu_warps,81,1,0.101536
spark,150_10,1,9,gpu_warps,82,1,0.036224
spark,150_10,1,9,gpu_warps,83,1,0.162624
spark,150_10,1,9,gpu_warps,84,1,0.022464
spark,150_10,1,9,gpu_warps,85,1,0.145344
spark,150_10,1,9,gpu_warps,86,1,0.114976
spark,150_10,1,9,gpu_warps,87,1,0.118848
spark,150_10,1,9,gpu_warps,88,1,0.102272
spark,150_10,1,9,gpu_warps,89,1,0.14992
spark,150_10,1,9,gpu_warps,90,1,0.114304
spark,150_10,1,9,gpu_warps,91,1,0.038208
spark,150_10,1,9,gpu_warps,92,1,0.04624
spark,150_10,1,9,gpu_warps,93,1,0.101568
spark,150_10,1,9,gpu_warps,94,1,0.156416
spark,150_10,1,9,gpu_warps,95,1,0.06144
spark,150_10,1,9,gpu_warps,96,1,0.11584
spark,150_10,1,9,gpu_warps,97,1,0.099072
spark,150_10,1,9,gpu_warps,98,1,0.153408
spark,150_10,1,9,gpu_warps,99,1,0.120416
spark,150_10,1,9,gpu_warps,100,1,0.14032
spark,150_10,1,9,gpu_warps,101,1,0.1456
spark,150_10,1,9,gpu_warps,102,1,0.138112
spark,150_10,1,9,gpu_warps,103,1,0.059936
spark,150_10,1,9,gpu_warps,104,1,0.118656
spark,150_10,1,9,gpu_warps,105,1,0.025696
spark,150_10,1,9,gpu_warps,106,1,0.103456
spark,150_10,1,9,gpu_warps,107,1,0.152928
spark,150_10,1,9,gpu_warps,108,1,0.106816
spark,150_10,1,9,gpu_warps,109,1,0.093344
spark,150_10,1,9,gpu_warps,110,1,0.118464
spark,150_10,1,9,gpu_warps,111,1,0.073312
spark,150_10,1,9,gpu_warps,112,1,0.12016
spark,150_10,1,9,gpu_warps,113,1,0.06144
spark,150_10,1,9,gpu_warps,114,1,0.155744
spark,150_10,1,9,gpu_warps,115,1,0.141248
spark,150_10,1,9,gpu_warps,116,1,0.044928
spark,150_10,1,9,gpu_warps,117,1,0.132992
spark,150_10,1,9,gpu_warps,118,1,0.086464
spark,150_10,1,9,gpu_warps,119,1,0.050112
spark,150_10,1,9,gpu_warps,120,1,0.156512
spark,150_10,1,9,gpu_warps,121,1,0.063968
spark,150_10,1,9,gpu_warps,122,1,0.035776
spark,150_10,1,9,gpu_warps,123,1,0.149984
spark,150_10,1,9,gpu_warps,124,1,0.073216
spark,150_10,1,9,gpu_warps,125,1,0.140448
spark,150_10,1,9,gpu_warps,126,1,0.101312
spark,150_10,1,9,gpu_warps,127,1,0.038752
spark,150_10,1,9,gpu_warps,128,1,0.108608
spark,150_10,1,9,gpu_warps,129,1,0.12208
spark,150_10,1,9,gpu_warps,130,1,0.157632
spark,150_10,1,9,gpu_warps,131,1,0.147808
spark,150_10,1,9,gpu_warps,132,1,0.157152
spark,150_10,1,9,gpu_warps,133,1,0.0928
spark,150_10,1,9,gpu_warps,134,1,0.103616
spark,150_10,1,9,gpu_warps,135,1,0.148192
spark,150_10,1,9,gpu_warps,136,1,0.12528
spark,150_10,1,9,gpu_warps,137,1,0.10896
spark,150_10,1,9,gpu_warps,138,1,0.155456
spark,150_10,1,9,gpu_warps,139,1,0.1632
spark,150_10,1,9,gpu_warps,140,1,0.086432
spark,150_10,1,9,gpu_warps,141,1,0.151904
spark,150_10,1,9,gpu_warps,142,1,0.059936
spark,150_10,1,9,gpu_warps,143,1,0.088736
spark,150_10,1,9,gpu_warps,144,1,0.148384
spark,150_10,1,9,gpu_warps,145,1,0.146816
spark,150_10,1,9,gpu_warps,146,1,0.035968
spark,150_10,1,9,gpu_warps,147,1,0.104576
spark,150_10,1,9,gpu_warps,148,1,0.129888
spark,150_10,1,9,gpu_warps,149,1,0.048288
spark,150_10,1,9,gpu_warps,150,1,0.133632
spark,150_10,1,9,gpu_warps,151,1,0.149824
spark,150_10,1,9,gpu_warps,152,1,0.073632
spark,150_10,1,9,gpu_warps,153,1,0.056288
spark,150_10,1,9,gpu_warps,154,1,0.138048
spark,150_10,1,9,gpu_warps,155,1,0.144544
spark,150_10,1,9,gpu_warps,156,1,0.06704
spark,150_10,1,9,gpu_warps,157,1,0.16704
spark,150_10,1,9,gpu_warps,158,1,0.059168
spark,150_10,1,9,gpu_warps,159,1,0.107392
spark,150_10,1,9,gpu_warps,160,1,0.149504
spark,150_10,1,9,gpu_warps,161,2,0.161888
spark,150_10,1,9,gpu_warps,162,2,0.151328
spark,150_10,1,9,gpu_warps,163,1,0.112928
spark,150_10,1,9,gpu_warps,164,1,0.145504
spark,150_10,1,9,gpu_warps,165,1,0.1008
spark,150_10,1,9,gpu_warps,166,1,0.048288
spark,150_10,1,9,gpu_warps,167,1,0.11552
spark,150_10,1,9,gpu_warps,168,1,0.125664
spark,150_10,1,9,gpu_warps,169,1,0.161952
spark,150_10,1,9,gpu_warps,170,1,0.160832
spark,150_10,1,9,gpu_warps,171,1,0.162144
spark,150_10,1,9,gpu_warps,172,1,0.151424
spark,150_10,1,9,gpu_warps,173,1,0.168992
spark,150_10,1,9,gpu_warps,174,1,0.154944
spark,150_10,1,9,gpu_warps,175,1,0.08464
spark,150_10,1,9,gpu_warps,176,1,0.031904
spark,150_10,1,9,gpu_warps,177,1,0.156512
spark,150_10,1,9,gpu_warps,178,1,0.12784
spark,150_10,1,9,gpu_warps,179,1,0.17536
spark,150_10,1,9,gpu_warps,180,1,0.14656
spark,150_10,1,9,gpu_warps,181,1,0.145824
spark,150_10,1,9,gpu_warps,182,1,0.10608
spark,150_10,1,9,gpu_warps,183,1,0.16384
spark,150_10,1,9,gpu_warps,184,1,0.088416
spark,150_10,1,9,gpu_warps,185,1,0.1104
spark,150_10,1,9,gpu_warps,186,1,0.146752
spark,150_10,1,9,gpu_warps,187,1,0.053792
spark,150_10,1,9,gpu_warps,188,1,0.134368
spark,150_10,1,9,gpu_warps,189,1,0.141696
spark,150_10,1,9,gpu_warps,190,1,0.06544
spark,150_10,1,9,gpu_warps,191,1,0.057536
spark,150_10,1,9,gpu_warps,192,1,0.133472
spark,150_10,1,9,gpu_warps,193,1,0.093344
spark,150_10,1,9,gpu_warps,194,1,0.096736
spark,150_10,1,9,gpu_warps,195,1,0.027232
spark,150_10,1,9,gpu_warps,196,1,0.15072
spark,150_10,1,9,gpu_warps,197,1,0.16768
spark,150_10,1,9,gpu_warps,198,1,0.096064
spark,150_10,1,9,gpu_warps,199,1,0.142592
spark,150_10,1,9,gpu_warps,200,1,0.10736
spark,150_10,1,9,gpu_warps,201,1,0.158208
spark,150_10,1,9,gpu_warps,202,1,0.122336
spark,150_10,1,9,gpu_warps,203,1,0.096576
spark,150_10,1,9,gpu_warps,204,1,0.091936
spark,150_10,1,9,gpu_warps,205,1,0.166016
spark,150_10,1,9,gpu_warps,206,1,0.145664
spark,150_10,1,9,gpu_warps,207,1,0.042848
spark,150_10,1,9,gpu_warps,208,1,0.111808
spark,150_10,1,9,gpu_warps,209,1,0.152
spark,150_10,1,9,gpu_warps,210,1,0.141888
spark,150_10,1,9,gpu_warps,211,1,0.11408
spark,150_10,1,9,gpu_warps,212,1,0.162976
spark,150_10,1,9,gpu_warps,213,1,0.133536
spark,150_10,1,9,gpu_warps,214,1,0.131744
spark,150_10,1,9,gpu_warps,215,1,0.037504
spark,150_10,1,9,gpu_warps,216,1,0.129312
spark,150_10,1,9,gpu_warps,217,1,0.08624
spark,150_10,1,9,gpu_warps,218,1,0.086176
spark,150_10,1,9,gpu_warps,219,1,0.070432
spark,150_10,1,9,gpu_warps,220,1,0.084832
spark,150_10,1,9,gpu_warps,221,1,0.122464
spark,150_10,1,9,gpu_warps,222,1,0.160896
spark,150_10,1,9,gpu_warps,223,1,0.060896
spark,150_10,1,9,gpu_warps,224,1,0.026304
spark,150_10,1,9,gpu_warps,225,1,0.073856
spark,150_10,1,9,gpu_warps,226,1,0.050368
spark,150_10,1,9,gpu_warps,227,1,0.02416
spark,150_10,1,9,gpu_warps,228,1,0.099488
spark,150_10,1,9,gpu_warps,229,1,0.028
spark,150_10,1,9,gpu_warps,230,1,0.071904
spark,150_10,1,9,gpu_warps,231,1,0.104608
spark,150_10,1,9,gpu_warps,232,1,0.100768
spark,150_10,1,9,gpu_warps,233,1,0.0328
spark,150_10,1,9,gpu_warps,234,1,0.127392
spark,150_10,1,9,gpu_warps,235,1,0.125088
spark,150_10,1,9,gpu_warps,236,2,0.121152
spark,150_10,1,9,gpu_warps,237,1,0.080896
spark,150_10,1,9,gpu_warps,238,1,0.158304
spark,150_10,1,9,gpu_warps,239,1,0.159552
spark,150_10,1,9,gpu_warps,240,1,0.05536
spark,150_10,1,9,gpu_warps,241,1,0.058496
spark,150_10,1,9,gpu_warps,242,1,0.109472
spark,150_10,1,9,gpu_warps,243,1,0.076576
spark,150_10,1,9,gpu_warps,244,1,0.145184
spark,150_10,1,9,gpu_warps,245,1,0.10128
spark,150_10,1,9,gpu_warps,246,1,0.15888
spark,150_10,1,9,gpu_warps,247,1,0.157984
spark,150_10,1,9,gpu_warps,248,1,0.122432
spark,150_10,1,9,gpu_warps,249,1,0.149664
spark,150_10,1,9,gpu_warps,250,1,0.160928
spark,150_10,1,9,gpu_warps,251,1,0.139264
spark,150_10,1,9,gpu_warps,252,1,0.117312
spark,150_10,1,9,gpu_warps,253,1,0.075264
spark,150_10,1,9,gpu_warps,254,1,0.154144
spark,150_10,1,9,gpu_warps,255,1,0.126272
spark,150_10,1,9,gpu_warps,256,1,0.109344
spark,150_10,1,9,gpu_warps,257,1,0.156224
spark,150_10,1,9,gpu_warps,258,1,0.125568
spark,150_10,1,9,gpu_warps,259,1,0.127872
spark,150_10,1,9,gpu_warps,260,1,0.13184
spark,150_10,1,9,gpu_warps,261,1,0.100064
spark,150_10,1,9,gpu_warps,262,1,0.15632
spark,150_10,1,9,gpu_warps,263,1,0.117632
spark,150_10,1,9,gpu_warps,264,1,0.03584
spark,150_10,1,9,gpu_warps,265,1,0.129408
spark,150_10,1,9,gpu_warps,266,1,0.160672
spark,150_10,1,9,gpu_warps,267,1,0.07456
spark,150_10,1,9,gpu_warps,268,1,0.123744
spark,150_10,1,9,gpu_warps,269,1,0.102528
spark,150_10,1,9,gpu_warps,270,1,0.1176
spark,150_10,1,9,gpu_warps,271,1,0.091616
spark,150_10,1,9,gpu_warps,272,1,0.155552
spark,150_10,1,9,gpu_warps,273,1,0.077792
spark,150_10,1,9,gpu_warps,274,1,0.093792
spark,150_10,1,9,gpu_warps,275,1,0.104032
spark,150_10,1,9,gpu_warps,276,1,0.115968
spark,150_10,1,9,gpu_warps,277,1,0.129088
spark,150_10,1,9,gpu_warps,278,1,0.120576
spark,150_10,1,9,gpu_warps,279,1,0.163616
spark,150_10,1,9,gpu_warps,280,1,0.153568
spark,150_10,1,9,gpu_warps,281,1,0.059264
spark,150_10,1,9,gpu_warps,282,1,0.067904
spark,150_10,1,9,gpu_warps,283,1,0.145024
spark,150_10,1,9,gpu_warps,284,1,0.04624
spark,150_10,1,9,gpu_warps,285,1,0.027904
spark,150_10,1,9,gpu_warps,286,1,0.052512
spark,150_10,1,9,gpu_warps,287,1,0.161408
spark,150_10,1,9,gpu_warps,288,1,0.063968
spark,150_10,1,9,gpu_warps,289,1,0.11216
spark,150_10,1,9,gpu_warps,290,1,0.09296
spark,150_10,1,9,gpu_warps,291,1,0.092896
spark,150_10,1,9,gpu_warps,292,1,0.060992
spark,150_10,1,9,gpu_warps,293,1,0.138336
spark,150_10,1,9,gpu_warps,294,1,0.09024
spark,150_10,1,9,gpu_warps,295,1,0.100768
spark,150_10,1,9,gpu_warps,296,1,0.140768
spark,150_10,1,9,gpu_warps,297,1,0.071104
spark,150_10,1,9,gpu_warps,298,1,0.047072
spark,150_10,1,9,gpu_warps,299,1,0.101536
spark,150_10,1,9,gpu_warps,300,1,0.141728
spark,150_10,1,9,gpu_warps,301,1,0.066496
spark,150_10,1,9,gpu_warps,302,1,0.056928
spark,150_10,1,9,gpu_warps,303,1,0.142432
spark,150_10,1,9,gpu_warps,304,1,0.111488
spark,150_10,1,9,gpu_warps,305,1,0.091648
spark,150_10,1,9,gpu_warps,306,1,0.056032
spark,150_10,1,9,gpu_warps,307,1,0.051488
spark,150_10,1,9,gpu_warps,308,1,0.159168
spark,150_10,1,9,gpu_warps,309,1,0.13792
spark,150_10,1,9,gpu_warps,310,1,0.042176
spark,150_10,1,9,gpu_warps,311,1,0.132224
spark,150_10,1,9,gpu_warps,312,1,0.025024
spark,150_10,1,9,gpu_warps,313,1,0.063904
spark,150_10,1,9,gpu_warps,314,1,0.066752
spark,150_10,1,9,gpu_warps,315,1,0.1184
spark,150_10,1,9,gpu_warps,316,1,0.0288
spark,150_10,1,9,gpu_warps,317,1,0.093856
spark,150_10,1,9,gpu_warps,318,1,0.090336
spark,150_10,1,9,gpu_warps,319,1,0.142624
spark,150_10,1,9,gpu_warps,320,1,0.09792
spark,150_10,1,9,gpu_warps,321,1,0.035968
spark,150_10,1,9,gpu_warps,322,1,0.0872
spark,150_10,1,9,gpu_warps,323,1,0.126368
spark,150_10,1,9,gpu_warps,324,1,0.067168
spark,150_10,1,9,gpu_warps,325,1,0.127296
spark,150_10,1,9,gpu_warps,326,1,0.038176
spark,150_10,1,9,gpu_warps,327,1,0.148736
spark,150_10,1,9,gpu_warps,328,1,0.1024
spark,150_10,1,9,gpu_warps,329,1,0.150688
spark,150_10,1,9,gpu_warps,330,1,0.066176
spark,150_10,1,9,gpu_warps,331,1,0.137376
spark,150_10,1,9,gpu_warps,332,1,0.04704
spark,150_10,1,9,gpu_warps,333,1,0.026656
spark,150_10,1,9,gpu_warps,334,1,0.041984
spark,150_10,1,9,gpu_warps,335,1,0.076896
spark,150_10,1,9,gpu_warps,336,1,0.078304
spark,150_10,1,9,gpu_warps,337,1,0.086784
spark,150_10,1,9,gpu_warps,338,1,0.12896
spark,150_10,1,9,gpu_warps,339,1,0.126624
spark,150_10,1,9,gpu_warps,340,1,0.091232
spark,150_10,1,9,gpu_warps,341,1,0.088512
spark,150_10,1,9,gpu_warps,342,1,0.049984
spark,150_10,1,9,gpu_warps,343,1,0.096576
spark,150_10,1,9,gpu_warps,344,1,0.16016
spark,150_10,1,9,gpu_warps,345,1,0.110112
spark,150_10,1,9,gpu_warps,346,1,0.129088
spark,150_10,1,9,gpu_warps,347,1,0.099584
spark,150_10,1,9,gpu_warps,348,1,0.078048
spark,150_10,1,9,gpu_warps,349,1,0.1552
spark,150_10,1,9,gpu_warps,350,1,0.104352
spark,150_10,1,9,gpu_warps,351,1,0.102112
spark,150_10,1,9,gpu_warps,352,1,0.138656
spark,150_10,1,9,gpu_warps,353,1,0.140704
spark,150_10,1,9,gpu_warps,354,1,0.082496
spark,150_10,1,9,gpu_warps,355,1,0.043648
spark,150_10,1,9,gpu_warps,356,1,0.108704
spark,150_10,1,9,gpu_warps,357,1,0.067776
spark,150_10,1,9,gpu_warps,358,1,0.147136
spark,150_10,1,9,gpu_warps,359,1,0.102944
spark,150_10,1,9,gpu_warps,360,1,0.144384
spark,150_10,1,9,gpu_warps,361,1,0.162432
spark,150_10,1,9,gpu_warps,362,1,0.139072
spark,150_10,1,9,gpu_warps,363,1,0.16128
spark,150_10,1,9,gpu_warps,364,1,0.144608
spark,150_10,1,9,gpu_warps,365,1,0.087744
spark,150_10,1,9,gpu_warps,366,1,0.07328
spark,150_10,1,9,gpu_warps,367,1,0.069824
spark,150_10,1,9,gpu_warps,368,1,0.098464
spark,150_10,1,9,gpu_warps,369,1,0.107712
spark,150_10,1,9,gpu_warps,370,1,0.099744
spark,150_10,1,9,gpu_warps,371,1,0.15088
spark,150_10,1,9,gpu_warps,372,1,0.105024
spark,150_10,1,9,gpu_warps,373,1,0.129888
spark,150_10,1,9,gpu_warps,374,1,0.129056
spark,150_10,1,9,gpu_warps,375,1,0.145696
spark,150_10,1,9,gpu_warps,376,1,0.100736
spark,150_10,1,9,gpu_warps,377,1,0.068768
spark,150_10,1,9,gpu_warps,378,1,0.104384
spark,150_10,1,9,gpu_warps,379,1,0.040192
spark,150_10,1,9,gpu_warps,380,1,0.115808
spark,150_10,1,9,gpu_warps,381,1,0.061824
spark,150_10,1,9,gpu_warps,382,1,0.104352
spark,150_10,1,9,gpu_warps,383,1,0.129024
spark,150_10,1,9,gpu_warps,384,1,0.152832
spark,150_10,1,9,gpu_warps,385,1,0.098208
spark,150_10,1,9,gpu_warps,386,1,0.104064
spark,150_10,1,9,gpu_warps,387,1,0.112128
spark,150_10,1,9,gpu_warps,388,1,0.148192
spark,150_10,1,9,gpu_warps,389,1,0.15392
spark,150_10,1,9,gpu_warps,390,1,0.090624
spark,150_10,1,9,gpu_warps,391,1,0.12528
spark,150_10,1,9,gpu_warps,392,1,0.148096
spark,150_10,1,9,gpu_warps,393,1,0.107968
spark,150_10,1,9,gpu_warps,394,1,0.022976
spark,150_10,1,9,gpu_warps,395,1,0.093632
spark,150_10,1,9,gpu_warps,396,1,0.162464
spark,150_10,1,9,gpu_warps,397,1,0.135744
spark,150_10,1,9,gpu_warps,398,1,0.077952
spark,150_10,1,9,gpu_warps,399,1,0.05216
spark,150_10,1,9,gpu_warps,400,1,0.136992
spark,150_10,1,9,gpu_warps,401,1,0.153536
spark,150_10,1,9,gpu_warps,402,1,0.099488
spark,150_10,1,9,gpu_warps,403,1,0.053536
spark,150_10,1,9,gpu_warps,404,1,0.121568
spark,150_10,1,9,gpu_warps,405,1,0.140192
spark,150_10,1,9,gpu_warps,406,1,0.155648
spark,150_10,1,9,gpu_warps,407,1,0.100736
spark,150_10,1,9,gpu_warps,408,1,0.021952
spark,150_10,1,9,gpu_warps,409,1,0.074336
spark,150_10,1,9,gpu_warps,410,1,0.0624
spark,150_10,1,9,gpu_warps,411,1,0.117376
spark,150_10,1,9,gpu_warps,412,1,0.06384
spark,150_10,1,9,gpu_warps,413,1,0.141984
spark,150_10,1,9,gpu_warps,414,1,0.057728
spark,150_10,1,9,gpu_warps,415,1,0.158048
spark,150_10,1,9,gpu_warps,416,1,0.063584
spark,150_10,1,9,gpu_warps,417,1,0.150752
spark,150_10,1,9,gpu_warps,418,1,0.139424
spark,150_10,1,9,gpu_warps,419,1,0.150368
spark,150_10,1,9,gpu_warps,420,1,0.141056
spark,150_10,1,9,gpu_warps,421,2,0.131616
spark,150_10,1,9,gpu_warps,422,2,0.149632
spark,150_10,1,9,gpu_warps,423,1,0.118848
spark,150_10,1,9,gpu_warps,424,1,0.116192
spark,150_10,1,9,gpu_warps,425,1,0.15936
spark,150_10,1,9,gpu_warps,426,1,0.071584
spark,150_10,1,9,gpu_warps,427,1,0.16336
spark,150_10,1,9,gpu_warps,428,1,0.104
spark,150_10,1,9,gpu_warps,429,1,0.12304
spark,150_10,1,9,gpu_warps,430,1,0.152864
spark,150_10,1,9,gpu_warps,431,1,0.16032
spark,150_10,1,9,gpu_warps,432,1,0.137024
spark,150_10,1,9,gpu_warps,433,1,0.14352
spark,150_10,1,9,gpu_warps,434,1,0.131712
spark,150_10,1,9,gpu_warps,435,1,0.152704
spark,150_10,1,9,gpu_warps,436,1,0.130272
spark,150_10,1,9,gpu_warps,437,1,0.152928
spark,150_10,1,9,gpu_warps,438,1,0.091392
spark,150_10,1,9,gpu_warps,439,1,0.122048
spark,150_10,1,9,gpu_warps,440,1,0.123936
spark,150_10,1,9,gpu_warps,441,1,0.04928
spark,150_10,1,9,gpu_warps,442,1,0.046336
spark,150_10,1,9,gpu_warps,443,1,0.053664
spark,150_10,1,9,gpu_warps,444,1,0.13664
spark,150_10,1,9,gpu_warps,445,1,0.114336
spark,150_10,1,9,gpu_warps,446,1,0.088928
spark,150_10,1,9,gpu_warps,447,1,0.092
spark,150_10,1,9,gpu_warps,448,1,0.08448
spark,150_10,1,9,gpu_warps,449,1,0.144992
spark,150_10,1,9,gpu_warps,450,1,0.157056
spark,150_10,1,9,gpu_warps,451,1,0.03248
spark,150_10,1,9,gpu_warps,452,1,0.065728
spark,150_10,1,9,gpu_warps,453,1,0.116224
spark,150_10,1,9,gpu_warps,454,1,0.028544
spark,150_10,1,9,gpu_warps,455,1,0.026304
spark,150_10,1,9,gpu_warps,456,1,0.145024
spark,150_10,1,9,gpu_warps,457,1,0.158432
spark,150_10,1,9,gpu_warps,458,1,0.161184
spark,150_10,1,9,gpu_warps,459,1,0.032448
spark,150_10,1,9,gpu_warps,460,1,0.13648
spark,150_10,1,9,gpu_warps,461,1,0.061824
spark,150_10,1,9,gpu_warps,462,1,0.124032
spark,150_10,1,9,gpu_warps,463,1,0.126624
spark,150_10,1,9,gpu_warps,464,1,0.151712
spark,150_10,1,9,gpu_warps,465,1,0.146624
spark,150_10,1,9,gpu_warps,466,1,0.041696
spark,150_10,1,9,gpu_warps,467,1,0.06528
spark,150_10,1,9,gpu_warps,468,1,0.110272
spark,150_10,1,9,gpu_warps,469,1,0.08768
spark,150_10,1,9,gpu_warps,470,1,0.137408
spark,150_10,1,9,gpu_warps,471,1,0.120672
spark,150_10,1,9,gpu_warps,472,1,0.142176
spark,150_10,1,9,gpu_warps,473,1,0.093312
spark,150_10,1,9,gpu_warps,474,1,0.054464
spark,150_10,1,9,gpu_warps,475,1,0.100096
spark,150_10,1,9,gpu_warps,476,1,0.086624
spark,150_10,1,9,gpu_warps,477,1,0.114816
spark,150_10,1,9,gpu_warps,478,1,0.07984
spark,150_10,1,9,gpu_warps,479,1,0.038048
spark,150_10,1,9,gpu_warps,480,1,0.06368
spark,150_10,1,9,gpu_warps,481,1,0.115424
spark,150_10,1,9,gpu_warps,482,1,0.150208
spark,150_10,1,9,gpu_warps,483,2,0.135104
spark,150_10,1,9,gpu_warps,484,1,0.14768
spark,150_10,1,9,gpu_warps,485,1,0.06416
spark,150_10,1,9,gpu_warps,486,1,0.067232
spark,150_10,1,9,gpu_warps,487,1,0.152768
spark,150_10,1,9,gpu_warps,488,1,0.14304
spark,150_10,1,9,gpu_warps,489,1,0.12352
spark,150_10,1,9,gpu_warps,490,1,0.025536
spark,150_10,1,9,gpu_warps,491,1,0.05792
spark,150_10,1,9,gpu_warps,492,1,0.12656
spark,150_10,1,9,gpu_warps,493,1,0.135488
spark,150_10,1,9,gpu_warps,494,1,0.070336
spark,150_10,1,9,gpu_warps,495,1,0.025344
spark,150_10,1,9,gpu_warps,496,1,0.097856
spark,150_10,1,9,gpu_warps,497,1,0.094048
spark,150_10,1,9,gpu_warps,498,1,0.047008
spark,150_10,1,9,gpu_warps,499,1,0.085856
spark,150_10,1,9,gpu_warps,500,1,0.098688
spark,150_10,1,9,gpu_warps,501,1,0.156672
spark,150_10,1,9,gpu_warps,502,1,0.15504
spark,150_10,1,9,gpu_warps,503,2,0.156192
spark,150_10,1,9,gpu_warps,504,1,0.156672
spark,150_10,1,9,gpu_warps,505,1,0.161632
spark,150_10,1,9,gpu_warps,506,1,0.144288
spark,150_10,1,9,gpu_warps,507,1,0.09696
spark,150_10,1,9,gpu_warps,508,1,0.11456
spark,150_10,1,9,gpu_warps,509,1,0.117024
spark,150_10,1,9,gpu_warps,510,1,0.16288
spark,150_10,1,9,gpu_warps,511,1,0.096416
spark,150_10,1,9,gpu_warps,512,1,0.116384
spark,150_10,1,9,gpu_warps,513,1,0.07168
spark,150_10,1,9,gpu_warps,514,1,0.107104
spark,150_10,1,9,gpu_warps,515,1,0.09088
spark,150_10,1,9,gpu_warps,516,1,0.09088
spark,150_10,1,9,gpu_warps,517,1,0.117408
spark,150_10,1,9,gpu_warps,518,1,0.114016
spark,150_10,1,9,gpu_warps,519,1,0.147104
spark,150_10,1,9,gpu_warps,520,1,0.14704
spark,150_10,1,9,gpu_warps,521,1,0.046464
spark,150_10,1,9,gpu_warps,522,1,0.162464
spark,150_10,1,9,gpu_warps,523,1,0.120096
spark,150_10,1,9,gpu_warps,524,1,0.137568
spark,150_10,1,9,gpu_warps,525,1,0.11168
spark,150_10,1,9,gpu_warps,526,1,0.138528
spark,150_10,1,9,gpu_warps,527,1,0.1616
spark,150_10,1,9,gpu_warps,528,1,0.086272
spark,150_10,1,9,gpu_warps,529,1,0.026208
spark,150_10,1,9,gpu_warps,530,1,0.125024
spark,150_10,1,9,gpu_warps,531,1,0.109952
spark,150_10,1,9,gpu_warps,532,1,0.07232
spark,150_10,1,9,gpu_warps,533,1,0.032704
spark,150_10,1,9,gpu_warps,534,1,0.043008
spark,150_10,1,9,gpu_warps,535,1,0.102144
spark,150_10,1,9,gpu_warps,536,1,0.091104
spark,150_10,1,9,gpu_warps,537,1,0.113952
spark,150_10,1,9,gpu_warps,538,1,0.155232
spark,150_10,1,9,gpu_warps,539,1,0.041088
spark,150_10,1,9,gpu_warps,540,1,0.098176
spark,150_10,1,9,gpu_warps,541,1,0.066112
spark,150_10,1,9,gpu_warps,542,1,0.090208
spark,150_10,1,9,gpu_warps,543,1,0.025984
spark,150_10,1,9,gpu_warps,544,1,0.128352
spark,150_10,1,9,gpu_warps,545,1,0.065856
spark,150_10,1,9,gpu_warps,546,1,0.09504
spark,150_10,1,9,gpu_warps,547,1,0.146112
spark,150_10,1,9,gpu_warps,548,1,0.106176
spark,150_10,1,9,gpu_warps,549,1,0.163936
spark,150_10,1,9,gpu_warps,550,2,0.124032
spark,150_10,1,9,gpu_warps,551,2,0.162432
spark,150_10,1,9,gpu_warps,552,1,0.152352
spark,150_10,1,9,gpu_warps,553,1,0.090336
spark,150_10,1,9,gpu_warps,554,1,0.028608
spark,150_10,1,9,gpu_warps,555,1,0.149408
spark,150_10,1,9,gpu_warps,556,1,0.026208
spark,150_10,1,9,gpu_warps,557,1,0.060928
spark,150_10,1,9,gpu_warps,558,1,0.102944
spark,150_10,1,9,gpu_warps,559,1,0.144064
spark,150_10,1,9,gpu_warps,560,1,0.12592
spark,150_10,1,9,gpu_warps,561,2,0.129664
spark,150_10,1,9,gpu_warps,562,1,0.163584
spark,150_10,1,9,gpu_warps,563,1,0.109248
spark,150_10,1,9,gpu_warps,564,1,0.085376
spark,150_10,1,9,gpu_warps,565,1,0.156192
spark,150_10,1,9,gpu_warps,566,1,0.158496
spark,150_10,1,9,gpu_warps,567,1,0.140544
spark,150_10,1,9,gpu_warps,568,1,0.066976
spark,150_10,1,9,gpu_warps,569,1,0.133312
spark,150_10,1,9,gpu_warps,570,1,0.137088
spark,150_10,1,9,gpu_warps,571,1,0.159168
spark,150_10,1,9,gpu_warps,572,2,0.157344
spark,150_10,1,9,gpu_warps,573,1,0.158752
spark,150_10,1,9,gpu_warps,574,1,0.154496
spark,150_10,1,9,gpu_warps,575,1,0.0904
spark,150_10,1,9,gpu_warps,576,1,0.154528
spark,150_10,1,9,gpu_warps,577,1,0.156928
spark,150_10,1,9,gpu_warps,578,1,0.02752
spark,150_10,1,9,gpu_warps,579,1,0.10048
spark,150_10,1,9,gpu_warps,580,1,0.1008
spark,150_10,1,9,gpu_warps,581,1,0.10992
spark,150_10,1,9,gpu_warps,582,1,0.14384
spark,150_10,1,9,gpu_warps,583,1,0.082464
spark,150_10,1,9,gpu_warps,584,1,0.137536
spark,150_10,1,9,gpu_warps,585,1,0.120416
spark,150_10,1,9,gpu_warps,586,1,0.137472
spark,150_10,1,9,gpu_warps,587,1,0.154464
spark,150_10,1,9,gpu_warps,588,1,0.127904
spark,150_10,1,9,gpu_warps,589,1,0.048288
spark,150_10,1,9,gpu_warps,590,1,0.1088
spark,150_10,1,9,gpu_warps,591,1,0.151072
spark,150_10,1,9,gpu_warps,592,1,0.03552
spark,150_10,1,9,gpu_warps,593,1,0.079264
spark,150_10,1,9,gpu_warps,594,1,0.155648
spark,150_10,1,9,gpu_warps,595,1,0.080704
spark,150_10,1,9,gpu_warps,596,1,0.148448
spark,150_10,1,9,gpu_warps,597,1,0.147936
spark,150_10,1,9,gpu_warps,598,1,0.048864
spark,150_10,1,9,gpu_warps,599,1,0.087232
spark,150_10,1,9,gpu_warps,600,1,0.09904
spark,150_10,1,9,gpu_warps,601,1,0.159168
spark,150_10,1,9,gpu_warps,602,1,0.093408
spark,150_10,1,9,gpu_warps,603,1,0.144832
spark,150_10,1,9,gpu_warps,604,1,0.088256
spark,150_10,1,9,gpu_warps,605,1,0.064704
spark,150_10,1,9,gpu_warps,606,1,0.156896
spark,150_10,1,9,gpu_warps,607,1,0.143104
spark,150_10,1,9,gpu_warps,608,1,0.141728
spark,150_10,1,9,gpu_warps,609,1,0.083552
spark,150_10,1,9,gpu_warps,610,1,0.03376
spark,150_10,1,9,gpu_warps,611,1,0.10992
spark,150_10,1,9,gpu_warps,612,1,0.071552
spark,150_10,1,9,gpu_warps,613,1,0.086656
spark,150_10,1,9,gpu_warps,614,1,0.090816
spark,150_10,1,9,gpu_warps,615,1,0.103424
spark,150_10,1,9,gpu_warps,616,1,0.10704
spark,150_10,1,9,gpu_warps,617,1,0.155072
spark,150_10,1,9,gpu_warps,618,1,0.068448
spark,150_10,1,9,gpu_warps,619,1,0.033952
spark,150_10,1,9,gpu_warps,620,1,0.145376
spark,150_10,1,9,gpu_warps,621,1,0.093088
spark,150_10,1,9,gpu_warps,622,1,0.163488
spark,150_10,1,9,gpu_warps,623,1,0.066848
spark,150_10,1,9,gpu_warps,624,1,0.07088
spark,150_10,1,9,gpu_warps,625,1,0.087488
spark,150_10,1,9,gpu_warps,626,1,0.086048
spark,150_10,1,9,gpu_warps,627,1,0.157312
spark,150_10,1,9,gpu_warps,628,1,0.13392
spark,150_10,1,9,gpu_warps,629,1,0.121536
spark,150_10,1,9,gpu_warps,630,1,0.163008
spark,150_10,1,9,gpu_warps,631,1,0.057888
spark,150_10,1,9,gpu_warps,632,1,0.086432
spark,150_10,1,9,gpu_warps,633,1,0.112256
spark,150_10,1,9,gpu_warps,634,1,0.15168
spark,150_10,1,9,gpu_warps,635,1,0.08304
spark,150_10,1,9,gpu_warps,636,1,0.052384
spark,150_10,1,9,gpu_warps,637,1,0.079392
spark,150_10,1,9,gpu_warps,638,1,0.148384
spark,150_10,1,9,gpu_warps,639,1,0.13712
spark,150_10,1,9,gpu_warps,640,1,0.130848
spark,150_10,1,9,gpu_warps,641,1,0.16048
spark,150_10,1,9,gpu_warps,642,1,0.031744
spark,150_10,1,9,gpu_warps,643,1,0.04624
spark,150_10,1,9,gpu_warps,644,1,0.155808
spark,150_10,1,9,gpu_warps,645,1,0.036384
spark,150_10,1,9,gpu_warps,646,1,0.141984
spark,150_10,1,9,gpu_warps,647,1,0.128032
spark,150_10,1,9,gpu_warps,648,1,0.155008
spark,150_10,1,9,gpu_warps,649,1,0.12528
spark,150_10,1,9,gpu_warps,650,1,0.157824
spark,150_10,1,9,gpu_warps,651,1,0.140896
spark,150_10,1,9,gpu_warps,652,1,0.154016
spark,150_10,1,9,gpu_warps,653,1,0.055232
spark,150_10,1,9,gpu_warps,654,1,0.099008
spark,150_10,1,9,gpu_warps,655,1,0.128
spark,150_10,1,9,gpu_warps,656,1,0.105344
spark,150_10,1,9,gpu_warps,657,1,0.069952
spark,150_10,1,9,gpu_warps,658,1,0.153472
spark,150_10,1,9,gpu_warps,659,1,0.161344
spark,150_10,1,9,gpu_warps,660,1,0.144544
spark,150_10,1,9,gpu_warps,661,1,0.12816
spark,150_10,1,9,gpu_warps,662,1,0.100032
spark,150_10,1,9,gpu_warps,663,1,0.130528
spark,150_10,1,9,gpu_warps,664,1,0.0568
spark,150_10,1,9,gpu_warps,665,1,0.14336
spark,150_10,1,9,gpu_warps,666,1,0.127104
spark,150_10,1,9,gpu_warps,667,1,0.136704
spark,150_10,1,9,gpu_warps,668,1,0.113472
spark,150_10,1,9,gpu_warps,669,1,0.081056
spark,150_10,1,9,gpu_warps,670,1,0.14848
spark,150_10,1,9,gpu_warps,671,1,0.155104
spark,150_10,1,9,gpu_warps,672,1,0.151936
spark,150_10,1,9,gpu_warps,673,2,0.159328
spark,150_10,1,9,gpu_warps,674,2,0.154176
spark,150_10,1,9,gpu_warps,675,1,0.163712
spark,150_10,1,9,gpu_warps,676,1,0.13824
spark,150_10,1,9,gpu_warps,677,1,0.082272
spark,150_10,1,9,gpu_warps,678,1,0.16304
spark,150_10,1,9,gpu_warps,679,1,0.1624
spark,150_10,1,9,gpu_warps,680,1,0.16032
spark,150_10,1,9,gpu_warps,681,1,0.149664
spark,150_10,1,9,gpu_warps,682,1,0.151968
spark,150_10,1,9,gpu_warps,683,1,0.140416
spark,150_10,1,9,gpu_warps,684,1,0.161152
spark,150_10,1,9,gpu_warps,685,1,0.1592
spark,150_10,1,9,gpu_warps,686,1,0.109056
spark,150_10,1,9,gpu_warps,687,1,0.121504
spark,150_10,1,9,gpu_warps,688,1,0.064416
spark,150_10,1,9,gpu_warps,689,1,0.095328
spark,150_10,1,9,gpu_warps,690,1,0.107104
spark,150_10,1,9,gpu_warps,691,1,0.111168
spark,150_10,1,9,gpu_warps,692,1,0.072672
spark,150_10,1,9,gpu_warps,693,1,0.05008
spark,150_10,1,9,gpu_warps,694,1,0.035712
spark,150_10,1,9,gpu_warps,695,1,0.10432
spark,150_10,1,9,gpu_warps,696,1,0.129952
spark,150_10,1,9,gpu_warps,697,1,0.111136
spark,150_10,1,9,gpu_warps,698,1,0.120768
spark,150_10,1,9,gpu_warps,699,1,0.152192
spark,150_10,1,9,gpu_warps,700,1,0.131712
spark,150_10,1,9,gpu_warps,701,1,0.08288
spark,150_10,1,9,gpu_warps,702,1,0.082464
spark,150_10,1,9,gpu_warps,703,1,0.145376
spark,150_10,1,9,gpu_warps,704,1,0.08
spark,150_10,1,9,gpu_warps,705,1,0.144544
spark,150_10,1,9,gpu_warps,706,1,0.153856
spark,150_10,1,9,gpu_warps,707,1,0.098176
spark,150_10,1,9,gpu_warps,708,1,0.123552
spark,150_10,1,9,gpu_warps,709,1,0.149152
spark,150_10,1,9,gpu_warps,710,1,0.022432
spark,150_10,1,9,gpu_warps,711,1,0.047712
spark,150_10,1,9,gpu_warps,712,1,0.066272
spark,150_10,1,9,gpu_warps,713,1,0.106304
spark,150_10,1,9,gpu_warps,714,1,0.0576
spark,150_10,1,9,gpu_warps,715,1,0.112
spark,150_10,1,9,gpu_warps,716,1,0.105824
spark,150_10,1,9,gpu_warps,717,1,0.061824
spark,150_10,1,9,gpu_warps,718,1,0.110048
spark,150_10,1,9,gpu_warps,719,1,0.115136
spark,150_10,1,9,gpu_warps,720,1,0.122016
spark,150_10,1,9,gpu_warps,721,1,0.067296
spark,150_10,1,9,gpu_warps,722,1,0.15936
spark,150_10,1,9,gpu_warps,723,1,0.103872
spark,150_10,1,9,gpu_warps,724,1,0.160384
spark,150_10,1,9,gpu_warps,725,1,0.037984
spark,150_10,1,9,gpu_warps,726,1,0.074048
spark,150_10,1,9,gpu_warps,727,1,0.133952
spark,150_10,1,9,gpu_warps,728,1,0.060256
spark,150_10,1,9,gpu_warps,729,1,0.133856
spark,150_10,1,9,gpu_warps,730,1,0.158016
spark,150_10,1,9,gpu_warps,731,1,0.112448
spark,150_10,1,9,gpu_warps,732,1,0.08208
spark,150_10,1,9,gpu_warps,733,1,0.112864
spark,150_10,1,9,gpu_warps,734,1,0.099136
spark,150_10,1,9,gpu_warps,735,1,0.119744
spark,150_10,1,9,gpu_warps,736,1,0.145888
spark,150_10,1,9,gpu_warps,737,1,0.100704
spark,150_10,1,9,gpu_warps,738,1,0.15792
spark,150_10,1,9,gpu_warps,739,1,0.156672
spark,150_10,1,9,gpu_warps,740,1,0.104576
spark,150_10,1,9,gpu_warps,741,1,0.13936
spark,150_10,1,9,gpu_warps,742,1,0.163552
spark,150_10,1,9,gpu_warps,743,1,0.133312
spark,150_10,1,9,gpu_warps,744,1,0.076128
spark,150_10,1,9,gpu_warps,745,1,0.06944
spark,150_10,1,9,gpu_warps,746,1,0.054432
spark,150_10,1,9,gpu_warps,747,1,0.048512
spark,150_10,1,9,gpu_warps,748,1,0.095328
spark,150_10,1,9,gpu_warps,749,1,0.047136
spark,150_10,1,9,gpu_warps,750,1,0.123872
spark,150_10,1,9,gpu_warps,751,1,0.066944
spark,150_10,1,9,gpu_warps,752,1,0.12272
spark,150_10,1,9,gpu_warps,753,1,0.15936
spark,150_10,1,9,gpu_warps,754,1,0.163616
spark,150_10,1,9,gpu_warps,755,1,0.154848
spark,150_10,1,9,gpu_warps,756,1,0.050464
spark,150_10,1,9,gpu_warps,757,1,0.058816
spark,150_10,1,9,gpu_warps,758,1,0.091648
spark,150_10,1,9,gpu_warps,759,1,0.14032
spark,150_10,1,9,gpu_warps,760,1,0.089856
spark,150_10,1,9,gpu_warps,761,1,0.0688
spark,150_10,1,9,gpu_warps,762,1,0.101152
spark,150_10,1,9,gpu_warps,763,1,0.094496
spark,150_10,1,9,gpu_warps,764,1,0.03744
spark,150_10,1,9,gpu_warps,765,1,0.142816
spark,150_10,1,9,gpu_warps,766,1,0.158432
spark,150_10,1,9,gpu_warps,767,1,0.155904
spark,150_10,1,9,gpu_warps,768,1,0.16144
spark,150_10,1,9,gpu_warps,769,2,0.142752
spark,150_10,1,9,gpu_warps,770,2,0.14864
spark,150_10,1,9,gpu_warps,771,1,0.147456
spark,150_10,1,9,gpu_warps,772,1,0.113664
spark,150_10,1,9,gpu_warps,773,1,0.13264
spark,150_10,1,9,gpu_warps,774,1,0.049312
spark,150_10,1,9,gpu_warps,775,1,0.059584
spark,150_10,1,9,gpu_warps,776,1,0.079424
spark,150_10,1,9,gpu_warps,777,1,0.12576
spark,150_10,1,9,gpu_warps,778,1,0.139552
spark,150_10,1,9,gpu_warps,779,1,0.129408
spark,150_10,1,9,gpu_warps,780,1,0.078272
spark,150_10,1,9,gpu_warps,781,1,0.105152
spark,150_10,1,9,gpu_warps,782,1,0.055904
spark,150_10,1,9,gpu_warps,783,1,0.14752
spark,150_10,1,9,gpu_warps,784,1,0.14704
spark,150_10,1,9,gpu_warps,785,1,0.081568
spark,150_10,1,9,gpu_warps,786,1,0.072192
spark,150_10,1,9,gpu_warps,787,1,0.119744
spark,150_10,1,9,gpu_warps,788,2,0.16096
spark,150_10,1,9,gpu_warps,789,1,0.132384
spark,150_10,1,9,gpu_warps,790,1,0.05376
spark,150_10,1,9,gpu_warps,791,1,0.140608
spark,150_10,1,9,gpu_warps,792,1,0.144576
spark,150_10,1,9,gpu_warps,793,1,0.155584
spark,150_10,1,9,gpu_warps,794,1,0.153472
spark,150_10,1,9,gpu_warps,795,1,0.127296
spark,150_10,1,9,gpu_warps,796,1,0.107616
spark,150_10,1,9,gpu_warps,797,1,0.141888
spark,150_10,1,9,gpu_warps,798,1,0.133568
spark,150_10,1,9,gpu_warps,799,1,0.145216
spark,150_10,1,9,gpu_warps,800,1,0.130944
spark,150_10,1,9,gpu_warps,801,1,0.131712
spark,150_10,1,9,gpu_warps,802,1,0.095136
spark,150_10,1,9,gpu_warps,803,1,0.159872
spark,150_10,1,9,gpu_warps,804,1,0.123712
spark,150_10,1,9,gpu_warps,805,1,0.156064
spark,150_10,1,9,gpu_warps,806,1,0.160672
spark,150_10,1,9,gpu_warps,807,1,0.108928
spark,150_10,1,9,gpu_warps,808,1,0.141504
spark,150_10,1,9,gpu_warps,809,1,0.147392
spark,150_10,1,9,gpu_warps,810,1,0.121152
spark,150_10,1,9,gpu_warps,811,1,0.084608
spark,150_10,1,9,gpu_warps,812,1,0.116352
spark,150_10,1,9,gpu_warps,813,1,0.05648
spark,150_10,1,9,gpu_warps,814,1,0.105984
spark,150_10,1,9,gpu_warps,815,1,0.157088
spark,150_10,1,9,gpu_warps,816,1,0.132352
spark,150_10,1,9,gpu_warps,817,1,0.115264
spark,150_10,1,9,gpu_warps,818,1,0.156512
spark,150_10,1,9,gpu_warps,819,1,0.048288
spark,150_10,1,9,gpu_warps,820,1,0.05936
spark,150_10,1,9,gpu_warps,821,1,0.13872
spark,150_10,1,9,gpu_warps,822,1,0.087584
spark,150_10,1,9,gpu_warps,823,1,0.136608
spark,150_10,1,9,gpu_warps,824,1,0.152288
spark,150_10,1,9,gpu_warps,825,1,0.15824
spark,150_10,1,9,gpu_warps,826,1,0.092352
spark,150_10,1,9,gpu_warps,827,1,0.157408
spark,150_10,1,9,gpu_warps,828,1,0.0464
spark,150_10,1,9,gpu_warps,829,1,0.060512
spark,150_10,1,9,gpu_warps,830,1,0.052128
spark,150_10,1,9,gpu_warps,831,1,0.07904
spark,150_10,1,9,gpu_warps,832,1,0.10064
spark,150_10,1,9,gpu_warps,833,1,0.14992
spark,150_10,1,9,gpu_warps,834,1,0.067456
spark,150_10,1,9,gpu_warps,835,1,0.116384
spark,150_10,1,9,gpu_warps,836,1,0.094464
spark,150_10,1,9,gpu_warps,837,1,0.146656
spark,150_10,1,9,gpu_warps,838,1,0.152896
spark,150_10,1,9,gpu_warps,839,1,0.159872
spark,150_10,1,9,gpu_warps,840,1,0.123872
spark,150_10,1,9,gpu_warps,841,1,0.056032
spark,150_10,1,9,gpu_warps,842,1,0.139872
spark,150_10,1,9,gpu_warps,843,1,0.140128
spark,150_10,1,9,gpu_warps,844,1,0.160928
spark,150_10,1,9,gpu_warps,845,1,0.163776
spark,150_10,1,9,gpu_warps,846,1,0.152224
spark,150_10,1,9,gpu_warps,847,1,0.15648
spark,150_10,1,9,gpu_warps,848,1,0.146784
spark,150_10,1,9,gpu_warps,849,1,0.074464
spark,150_10,1,9,gpu_warps,850,1,0.104448
spark,150_10,1,9,gpu_warps,851,1,0.106592
spark,150_10,1,9,gpu_warps,852,1,0.025888
spark,150_10,1,9,gpu_warps,853,1,0.094336
spark,150_10,1,9,gpu_warps,854,1,0.025248
spark,150_10,1,9,gpu_warps,855,1,0.066848
spark,150_10,1,9,gpu_warps,856,1,0.14752
spark,150_10,1,9,gpu_warps,857,1,0.160928
spark,150_10,1,9,gpu_warps,858,1,0.130304
spark,150_10,1,9,gpu_warps,859,1,0.130304
spark,150_10,1,9,gpu_warps,860,1,0.106464
spark,150_10,1,9,gpu_warps,861,1,0.090944
spark,150_10,1,9,gpu_warps,862,1,0.082784
spark,150_10,1,9,gpu_warps,863,1,0.152832
spark,150_10,1,9,gpu_warps,864,1,0.068224
spark,150_10,1,9,gpu_warps,865,1,0.079008
spark,150_10,1,9,gpu_warps,866,1,0.129056
spark,150_10,1,9,gpu_warps,867,1,0.12816
spark,150_10,1,9,gpu_warps,868,1,0.101216
spark,150_10,1,9,gpu_warps,869,1,0.147392
spark,150_10,1,9,gpu_warps,870,1,0.158944
spark,150_10,1,9,gpu_warps,871,1,0.050848
spark,150_10,1,9,gpu_warps,872,1,0.077728
spark,150_10,1,9,gpu_warps,873,1,0.12544
spark,150_10,1,9,gpu_warps,874,1,0.137888
spark,150_10,1,9,gpu_warps,875,1,0.123072
spark,150_10,1,9,gpu_warps,876,1,0.160032
spark,150_10,1,9,gpu_warps,877,1,0.1528
spark,150_10,1,9,gpu_warps,878,1,0.131552
spark,150_10,1,9,gpu_warps,879,1,0.118592
spark,150_10,1,9,gpu_warps,880,1,0.086496
spark,150_10,1,9,gpu_warps,881,1,0.089696
spark,150_10,1,9,gpu_warps,882,1,0.107328
spark,150_10,1,9,gpu_warps,883,1,0.060864
spark,150_10,1,9,gpu_warps,884,1,0.1552
spark,150_10,1,9,gpu_warps,885,1,0.134592
spark,150_10,1,9,gpu_warps,886,1,0.112608
spark,150_10,1,9,gpu_warps,887,2,0.150304
spark,150_10,1,9,gpu_warps,888,2,0.116864
spark,150_10,1,9,gpu_warps,889,1,0.138048
spark,150_10,1,9,gpu_warps,890,1,0.044672
spark,150_10,1,9,gpu_warps,891,1,0.070144
spark,150_10,1,9,gpu_warps,892,1,0.12432
spark,150_10,1,9,gpu_warps,893,1,0.094368
spark,150_10,1,9,gpu_warps,894,1,0.087808
spark,150_10,1,9,gpu_warps,895,1,0.145568
spark,150_10,1,9,gpu_warps,896,1,0.040512
spark,150_10,1,9,gpu_warps,897,1,0.058208
spark,150_10,1,9,gpu_warps,898,1,0.113984
spark,150_10,1,9,gpu_warps,899,1,0.159968
spark,150_10,1,9,gpu_warps,900,2,0.131328
spark,150_10,1,9,gpu_warps,901,2,0.13168
spark,150_10,1,9,gpu_warps,902,1,0.1528
spark,150_10,1,9,gpu_warps,903,1,0.155328
spark,150_10,1,9,gpu_warps,904,1,0.092384
spark,150_10,1,9,gpu_warps,905,1,0.139648
spark,150_10,1,9,gpu_warps,906,1,0.034176
spark,150_10,1,9,gpu_warps,907,1,0.0944
spark,150_10,1,9,gpu_warps,908,1,0.082176
spark,150_10,1,9,gpu_warps,909,1,0.043936
spark,150_10,1,9,gpu_warps,910,1,0.042176
spark,150_10,1,9,gpu_warps,911,1,0.102592
spark,150_10,1,9,gpu_warps,912,1,0.138816
spark,150_10,1,9,gpu_warps,913,1,0.151168
spark,150_10,1,9,gpu_warps,914,1,0.106752
spark,150_10,1,9,gpu_warps,915,1,0.14112
spark,150_10,1,9,gpu_warps,916,1,0.0672
spark,150_10,1,9,gpu_warps,917,1,0.037088
spark,150_10,1,9,gpu_warps,918,1,0.088064
spark,150_10,1,9,gpu_warps,919,1,0.132224
spark,150_10,1,9,gpu_warps,920,1,0.142176
spark,150_10,1,9,gpu_warps,921,1,0.155936
spark,150_10,1,9,gpu_warps,922,1,0.159104
spark,150_10,1,9,gpu_warps,923,1,0.065568
spark,150_10,1,9,gpu_warps,924,1,0.135296
spark,150_10,1,9,gpu_warps,925,1,0.143968
spark,150_10,1,9,gpu_warps,926,1,0.061568
spark,150_10,1,9,gpu_warps,927,1,0.093472
spark,150_10,1,9,gpu_warps,928,1,0.057152
spark,150_10,1,9,gpu_warps,929,1,0.03232
spark,150_10,1,9,gpu_warps,930,1,0.144672
spark,150_10,1,9,gpu_warps,931,1,0.0944
spark,150_10,1,9,gpu_warps,932,1,0.135968
spark,150_10,1,9,gpu_warps,933,1,0.02576
spark,150_10,1,9,gpu_warps,934,1,0.083552
spark,150_10,1,9,gpu_warps,935,1,0.093632
spark,150_10,1,9,gpu_warps,936,1,0.058336
spark,150_10,1,9,gpu_warps,937,1,0.137728
spark,150_10,1,9,gpu_warps,938,1,0.093536
spark,150_10,1,9,gpu_warps,939,1,0.059008
spark,150_10,1,9,gpu_warps,940,1,0.112096
spark,150_10,1,9,gpu_warps,941,2,0.159712
spark,150_10,1,9,gpu_warps,942,2,0.154816
spark,150_10,1,9,gpu_warps,943,1,0.163232
spark,150_10,1,9,gpu_warps,944,1,0.121792
spark,150_10,1,9,gpu_warps,945,1,0.119424
spark,150_10,1,9,gpu_warps,946,1,0.06576
spark,150_10,1,9,gpu_warps,947,1,0.074144
spark,150_10,1,9,gpu_warps,948,1,0.087872
spark,150_10,1,9,gpu_warps,949,1,0.155808
spark,150_10,1,9,gpu_warps,950,1,0.112832
spark,150_10,1,9,gpu_warps,951,1,0.106912
spark,150_10,1,9,gpu_warps,952,1,0.12048
spark,150_10,1,9,gpu_warps,953,1,0.079328
spark,150_10,1,9,gpu_warps,954,1,0.035744
spark,150_10,1,9,gpu_warps,955,1,0.1608
spark,150_10,1,9,gpu_warps,956,1,0.10464
spark,150_10,1,9,gpu_warps,957,1,0.052992
spark,150_10,1,9,gpu_warps,958,1,0.147552
spark,150_10,1,9,gpu_warps,959,1,0.068128
spark,150_10,1,9,gpu_warps,960,1,0.14496
spark,150_10,1,9,gpu_warps,961,1,0.164416
spark,150_10,1,9,gpu_warps,962,1,0.121024
spark,150_10,1,9,gpu_warps,963,1,0.09056
spark,150_10,1,9,gpu_warps,964,1,0.08352
spark,150_10,1,9,gpu_warps,965,1,0.090912
spark,150_10,1,9,gpu_warps,966,1,0.159008
spark,150_10,1,9,gpu_warps,967,1,0.026272
spark,150_10,1,9,gpu_warps,968,1,0.088544
spark,150_10,1,9,gpu_warps,969,1,0.089568
spark,150_10,1,9,gpu_warps,970,1,0.09344
spark,150_10,1,9,gpu_warps,971,1,0.060096
spark,150_10,1,9,gpu_warps,972,1,0.035904
spark,150_10,1,9,gpu_warps,973,1,0.107488
spark,150_10,1,9,gpu_warps,974,1,0.115616
spark,150_10,1,9,gpu_warps,975,2,0.121056
spark,150_10,1,9,gpu_warps,976,1,0.14192
spark,150_10,1,9,gpu_warps,977,1,0.080736
spark,150_10,1,9,gpu_warps,978,1,0.159328
spark,150_10,1,9,gpu_warps,979,1,0.149408
spark,150_10,1,9,gpu_warps,980,1,0.056256
spark,150_10,1,9,gpu_warps,981,1,0.057184
spark,150_10,1,9,gpu_warps,982,1,0.076032
spark,150_10,1,9,gpu_warps,983,1,0.156608
spark,150_10,1,9,gpu_warps,984,1,0.077632
spark,150_10,1,9,gpu_warps,985,1,0.106496
spark,150_10,1,9,gpu_warps,986,1,0.06752
spark,150_10,1,9,gpu_warps,987,1,0.054688
spark,150_10,1,9,gpu_warps,988,1,0.118976
spark,150_10,1,9,gpu_warps,989,1,0.076992
spark,150_10,1,9,gpu_warps,990,1,0.157568
spark,150_10,1,9,gpu_warps,991,1,0.153696
spark,150_10,1,9,gpu_warps,992,1,0.094592
spark,150_10,1,9,gpu_warps,993,1,0.062048
spark,150_10,1,9,gpu_warps,994,1,0.158304
spark,150_10,1,9,gpu_warps,995,1,0.091296
spark,150_10,1,9,gpu_warps,996,1,0.123776
spark,150_10,1,9,gpu_warps,997,1,0.112736
spark,150_10,1,9,gpu_warps,998,1,0.160704
spark,150_10,1,9,gpu_warps,999,1,0.027232
spark,150_10,1,9,gpu_warps,1000,1,0.13856
spark,150_10,1,9,gpu_warps,1001,1,0.04416
spark,150_10,1,9,gpu_warps,1002,1,0.148192
spark,150_10,1,9,gpu_warps,1003,1,0.08192
spark,150_10,1,9,gpu_warps,1004,1,0.04464
spark,150_10,1,9,gpu_warps,1005,1,0.041056
spark,150_10,1,9,gpu_warps,1006,1,0.0696
spark,150_10,1,9,gpu_warps,1007,1,0.06224
spark,150_10,1,9,gpu_warps,1008,1,0.120256
spark,150_10,1,9,gpu_warps,1009,1,0.091296
spark,150_10,1,9,gpu_warps,1010,1,0.157088
spark,150_10,1,9,gpu_warps,1011,1,0.133952
spark,150_10,1,9,gpu_warps,1012,1,0.110688
spark,150_10,1,9,gpu_warps,1013,1,0.08256
spark,150_10,1,9,gpu_warps,1014,1,0.053216
spark,150_10,1,9,gpu_warps,1015,1,0.052928
spark,150_10,1,9,gpu_warps,1016,1,0.06464
spark,150_10,1,9,gpu_warps,1017,1,0.098464
spark,150_10,1,9,gpu_warps,1018,1,0.024352
spark,150_10,1,9,gpu_warps,1019,1,0.11728
spark,150_10,1,9,gpu_warps,1020,1,0.1584
spark,150_10,1,9,gpu_warps,1021,1,0.080512
spark,150_10,1,9,gpu_warps,1022,1,0.112096
spark,150_10,1,9,gpu_warps,1023,1,0.070912
spark,150_10,1,9,gpu_warps,1024,1,0.11232
spark,150_10,1,9,gpu_warps,1025,1,0.121312
spark,150_10,1,9,gpu_warps,1026,1,0.028448
spark,150_10,1,9,gpu_warps,1027,1,0.0528
spark,150_10,1,9,gpu_warps,1028,1,0.129536
spark,150_10,1,9,gpu_warps,1029,1,0.035712
spark,150_10,1,9,gpu_warps,1030,1,0.072352
spark,150_10,1,9,gpu_warps,1031,1,0.145536
spark,150_10,1,9,gpu_warps,1032,1,0.132096
spark,150_10,1,9,gpu_warps,1033,1,0.134368
spark,150_10,1,9,gpu_warps,1034,1,0.10384
spark,150_10,1,9,gpu_warps,1035,1,0.024384
spark,150_10,1,9,gpu_warps,1036,1,0.134176
spark,150_10,1,9,gpu_warps,1037,1,0.041696
spark,150_10,1,9,gpu_warps,1038,1,0.080672
spark,150_10,1,9,gpu_warps,1039,1,0.132352
spark,150_10,1,9,gpu_warps,1040,1,0.117888
spark,150_10,1,9,gpu_warps,1041,1,0.098336
spark,150_10,1,9,gpu_warps,1042,1,0.045216
spark,150_10,1,9,gpu_warps,1043,1,0.095904
spark,150_10,1,9,gpu_warps,1044,1,0.08208
spark,150_10,1,9,gpu_warps,1045,1,0.110368
spark,150_10,1,9,gpu_warps,1046,1,0.07536
spark,150_10,1,9,gpu_warps,1047,1,0.156512
spark,150_10,1,9,gpu_warps,1048,1,0.1496
spark,150_10,1,9,gpu_warps,1049,1,0.1568
spark,150_10,1,9,gpu_warps,1050,1,0.025824
spark,150_10,1,9,gpu_warps,1051,1,0.110336
spark,150_10,1,9,gpu_warps,1052,1,0.159872
spark,150_10,1,9,gpu_warps,1053,1,0.086272
spark,150_10,1,9,gpu_warps,1054,1,0.118528
spark,150_10,1,9,gpu_warps,1055,1,0.119648
spark,150_10,1,9,gpu_warps,1056,1,0.056928
spark,150_10,1,9,gpu_warps,1057,1,0.132384
spark,150_10,1,9,gpu_warps,1058,1,0.05312
spark,150_10,1,9,gpu_warps,1059,1,0.056256
spark,150_10,1,9,gpu_warps,1060,1,0.054048
spark,150_10,1,9,gpu_warps,1061,1,0.098048
spark,150_10,1,9,gpu_warps,1062,1,0.12432
spark,150_10,1,9,gpu_warps,1063,1,0.060896
spark,150_10,1,9,gpu_warps,1064,1,0.083712
spark,150_10,1,9,gpu_warps,1065,1,0.128544
spark,150_10,1,9,gpu_warps,1066,1,0.044832
spark,150_10,1,9,gpu_warps,1067,1,0.129024
spark,150_10,1,9,gpu_warps,1068,1,0.087264
spark,150_10,1,9,gpu_warps,1069,1,0.12528
spark,150_10,1,9,gpu_warps,1070,1,0.114336
spark,150_10,1,9,gpu_warps,1071,1,0.159104
spark,150_10,1,9,gpu_warps,1072,1,0.137376
spark,150_10,1,9,gpu_warps,1073,2,0.150656
spark,150_10,1,9,gpu_warps,1074,1,0.101536
spark,150_10,1,9,gpu_warps,1075,1,0.152736
spark,150_10,1,9,gpu_warps,1076,1,0.163232
spark,150_10,1,9,gpu_warps,1077,1,0.153152
spark,150_10,1,9,gpu_warps,1078,1,0.161024
spark,150_10,1,9,gpu_warps,1079,1,0.15952
spark,150_10,1,9,gpu_warps,1080,1,0.091712
spark,150_10,1,9,gpu_warps,1081,1,0.157344
spark,150_10,1,9,gpu_warps,1082,1,0.030944
spark,150_10,1,9,gpu_warps,1083,1,0.045856
spark,150_10,1,9,gpu_warps,1084,1,0.074976
spark,150_10,1,9,gpu_warps,1085,1,0.110016
spark,150_10,1,9,gpu_warps,1086,1,0.139072
spark,150_10,1,9,gpu_warps,1087,1,0.113056
spark,150_10,1,9,gpu_warps,1088,1,0.110752
spark,150_10,1,9,gpu_warps,1089,1,0.117952
spark,150_10,1,9,gpu_warps,1090,1,0.030592
spark,150_10,1,9,gpu_warps,1091,1,0.161312
spark,150_10,1,9,gpu_warps,1092,1,0.147296
spark,150_10,1,9,gpu_warps,1093,1,0.15248
spark,150_10,1,9,gpu_warps,1094,1,0.106336
spark,150_10,1,9,gpu_warps,1095,1,0.034656
spark,150_10,1,9,gpu_warps,1096,1,0.072352
spark,150_10,1,9,gpu_warps,1097,1,0.091456
spark,150_10,1,9,gpu_warps,1098,1,0.08064
spark,150_10,1,9,gpu_warps,1099,1,0.160192
spark,150_10,1,9,gpu_warps,1100,1,0.089184
spark,150_10,1,9,gpu_warps,1101,1,0.140512
spark,150_10,1,9,gpu_warps,1102,1,0.11504
spark,150_10,1,9,gpu_warps,1103,1,0.142496
spark,150_10,1,9,gpu_warps,1104,1,0.107296
spark,150_10,1,9,gpu_warps,1105,1,0.089056
spark,150_10,1,9,gpu_warps,1106,1,0.039616
spark,150_10,1,9,gpu_warps,1107,1,0.091328
spark,150_10,1,9,gpu_warps,1108,1,0.132
spark,150_10,1,9,gpu_warps,1109,1,0.072224
spark,150_10,1,9,gpu_warps,1110,1,0.15376
spark,150_10,1,9,gpu_warps,1111,1,0.083616
spark,150_10,1,9,gpu_warps,1112,1,0.153184
spark,150_10,1,9,gpu_warps,1113,1,0.1528
spark,150_10,1,9,gpu_warps,1114,1,0.11072
spark,150_10,1,9,gpu_warps,1115,1,0.102464
spark,150_10,1,9,gpu_warps,1116,1,0.1456
spark,150_10,1,9,gpu_warps,1117,1,0.12816
spark,150_10,1,9,gpu_warps,1118,1,0.100512
spark,150_10,1,9,gpu_warps,1119,1,0.070816
spark,150_10,1,9,gpu_warps,1120,1,0.03488
spark,150_10,1,9,gpu_warps,1121,1,0.108672
spark,150_10,1,9,gpu_warps,1122,1,0.151296
spark,150_10,1,9,gpu_warps,1123,1,0.1328
spark,150_10,1,9,gpu_warps,1124,1,0.069248
spark,150_10,1,9,gpu_warps,1125,1,0.06896
spark,150_10,1,9,gpu_warps,1126,1,0.03088
spark,150_10,1,9,gpu_warps,1127,1,0.091264
spark,150_10,1,9,gpu_warps,1128,1,0.15392
spark,150_10,1,9,gpu_warps,1129,1,0.132448
spark,150_10,1,9,gpu_warps,1130,1,0.117408
spark,150_10,1,9,gpu_warps,1131,1,0.074976
spark,150_10,1,9,gpu_warps,1132,1,0.0552
spark,150_10,1,9,gpu_warps,1133,1,0.09888
spark,150_10,1,9,gpu_warps,1134,1,0.096
spark,150_10,1,9,gpu_warps,1135,1,0.107296
spark,150_10,1,9,gpu_warps,1136,1,0.0808
spark,150_10,1,9,gpu_warps,1137,1,0.13984
spark,150_10,1,9,gpu_warps,1138,2,0.140736
spark,150_10,1,9,gpu_warps,1139,1,0.133696
spark,150_10,1,9,gpu_warps,1140,1,0.140352
spark,150_10,1,9,gpu_warps,1141,1,0.152512
spark,150_10,1,9,gpu_warps,1142,1,0.074208
spark,150_10,1,9,gpu_warps,1143,1,0.098016
spark,150_10,1,9,gpu_warps,1144,1,0.082144
spark,150_10,1,9,gpu_warps,1145,1,0.115552
spark,150_10,1,9,gpu_warps,1146,1,0.080672
spark,150_10,1,9,gpu_warps,1147,1,0.06672
spark,150_10,1,9,gpu_warps,1148,1,0.067808
spark,150_10,1,9,gpu_warps,1149,1,0.081088
spark,150_10,1,9,gpu_warps,1150,1,0.156896
spark,150_10,1,9,gpu_warps,1151,1,0.072256
spark,150_10,1,9,gpu_warps,1152,1,0.133088
spark,150_10,1,9,gpu_warps,1153,1,0.139328
spark,150_10,1,9,gpu_warps,1154,1,0.155008
spark,150_10,1,9,gpu_warps,1155,1,0.118528
spark,150_10,1,9,gpu_warps,1156,1,0.101792
spark,150_10,1,9,gpu_warps,1157,1,0.027808
spark,150_10,1,9,gpu_warps,1158,1,0.12704
spark,150_10,1,9,gpu_warps,1159,1,0.093344
spark,150_10,1,9,gpu_warps,1160,1,0.077472
spark,150_10,1,9,gpu_warps,1161,1,0.158048
spark,150_10,1,9,gpu_warps,1162,1,0.126144
spark,150_10,1,9,gpu_warps,1163,1,0.158144
spark,150_10,1,9,gpu_warps,1164,1,0.065504
spark,150_10,1,9,gpu_warps,1165,1,0.159456
spark,150_10,1,9,gpu_warps,1166,1,0.111328
spark,150_10,1,9,gpu_warps,1167,1,0.025568
spark,150_10,1,9,gpu_warps,1168,1,0.085184
spark,150_10,1,9,gpu_warps,1169,1,0.11696
spark,150_10,1,9,gpu_warps,1170,1,0.046304
spark,150_10,1,9,gpu_warps,1171,1,0.131328
spark,150_10,1,9,gpu_warps,1172,1,0.07728
spark,150_10,1,9,gpu_warps,1173,1,0.114112
spark,150_10,1,9,gpu_warps,1174,1,0.07136
spark,150_10,1,9,gpu_warps,1175,1,0.122944
spark,150_10,1,9,gpu_warps,1176,1,0.140128
spark,150_10,1,9,gpu_warps,1177,1,0.067136
spark,150_10,1,9,gpu_warps,1178,1,0.153248
spark,150_10,1,9,gpu_warps,1179,1,0.087264
spark,150_10,1,9,gpu_warps,1180,1,0.026432
spark,150_10,1,9,gpu_warps,1181,1,0.025952
spark,150_10,1,9,gpu_warps,1182,1,0.122016
spark,150_10,1,9,gpu_warps,1183,1,0.154528
spark,150_10,1,9,gpu_warps,1184,1,0.143584
spark,150_10,1,9,gpu_warps,1185,1,0.061248
spark,150_10,1,9,gpu_warps,1186,1,0.134304
spark,150_10,1,9,gpu_warps,1187,1,0.124064
spark,150_10,1,9,gpu_warps,1188,1,0.113408
spark,150_10,1,9,gpu_warps,1189,1,0.129312
spark,150_10,1,9,gpu_warps,1190,1,0.1064
spark,150_10,1,9,gpu_warps,1191,1,0.110016
spark,150_10,1,9,gpu_warps,1192,1,0.094784
spark,150_10,1,9,gpu_warps,1193,1,0.137536
spark,150_10,1,9,gpu_warps,1194,1,0.115872
spark,150_10,1,9,gpu_warps,1195,1,0.152032
spark,150_10,1,9,gpu_warps,1196,1,0.159968
spark,150_10,1,9,gpu_warps,1197,1,0.10336
spark,150_10,1,9,gpu_warps,1198,1,0.13424
spark,150_10,1,9,gpu_warps,1199,1,0.123328
spark,150_10,1,9,gpu_warps,1200,1,0.157056
spark,150_10,1,9,gpu_warps,1201,1,0.142752
spark,150_10,1,9,gpu_warps,1202,1,0.123552
spark,150_10,1,9,gpu_warps,1203,1,0.064224
spark,150_10,1,9,gpu_warps,1204,1,0.053024
spark,150_10,1,9,gpu_warps,1205,1,0.09776
spark,150_10,1,9,gpu_warps,1206,1,0.114432
spark,150_10,1,9,gpu_warps,1207,1,0.141824
spark,150_10,1,9,gpu_warps,1208,1,0.098368
spark,150_10,1,9,gpu_warps,1209,1,0.056096
spark,150_10,1,9,gpu_warps,1210,1,0.154592
spark,150_10,1,9,gpu_warps,1211,1,0.14432
spark,150_10,1,9,gpu_warps,1212,1,0.110144
spark,150_10,1,9,gpu_warps,1213,1,0.0928
spark,150_10,1,9,gpu_warps,1214,1,0.1416
spark,150_10,1,9,gpu_warps,1215,1,0.098176
spark,150_10,1,9,gpu_warps,1216,1,0.144384
spark,150_10,1,9,gpu_warps,1217,1,0.095136
spark,150_10,1,9,gpu_warps,1218,1,0.15888
spark,150_10,1,9,gpu_warps,1219,1,0.106272
spark,150_10,1,9,gpu_warps,1220,1,0.115552
spark,150_10,1,9,gpu_warps,1221,1,0.122016
spark,150_10,1,9,gpu_warps,1222,1,0.15936
spark,150_10,1,9,gpu_warps,1223,1,0.069056
spark,150_10,1,9,gpu_warps,1224,1,0.04448
spark,150_10,1,9,gpu_warps,1225,1,0.105632
spark,150_10,1,9,gpu_warps,1226,1,0.131616
spark,150_10,1,9,gpu_warps,1227,1,0.136928
spark,150_10,1,9,gpu_warps,1228,2,0.158368
spark,150_10,1,9,gpu_warps,1229,2,0.131456
spark,150_10,1,9,gpu_warps,1230,1,0.138464
spark,150_10,1,9,gpu_warps,1231,1,0.162048
spark,150_10,1,9,gpu_warps,1232,1,0.111552
spark,150_10,1,9,gpu_warps,1233,1,0.075968
spark,150_10,1,9,gpu_warps,1234,1,0.088992
spark,150_10,1,9,gpu_warps,1235,1,0.049472
spark,150_10,1,9,gpu_warps,1236,1,0.075232
spark,150_10,1,9,gpu_warps,1237,1,0.065632
spark,150_10,1,9,gpu_warps,1238,1,0.105216
spark,150_10,1,9,gpu_warps,1239,1,0.087648
spark,150_10,1,9,gpu_warps,1240,1,0.038816
spark,150_10,1,9,gpu_warps,1241,1,0.061504
spark,150_10,1,9,gpu_warps,1242,1,0.11664
spark,150_10,1,9,gpu_warps,1243,1,0.135136
spark,150_10,1,9,gpu_warps,1244,1,0.152704
spark,150_10,1,9,gpu_warps,1245,1,0.115104
spark,150_10,1,9,gpu_warps,1246,1,0.145984
spark,150_10,1,9,gpu_warps,1247,1,0.099424
spark,150_10,1,9,gpu_warps,1248,1,0.152384
spark,150_10,1,9,gpu_warps,1249,1,0.082464
spark,150_10,1,9,gpu_warps,1250,1,0.117472
spark,150_10,1,9,gpu_warps,1251,1,0.162848
spark,150_10,1,9,gpu_warps,1252,1,0.067328
spark,150_10,1,9,gpu_warps,1253,1,0.158848
spark,150_10,1,9,gpu_warps,1254,1,0.123648
spark,150_10,1,9,gpu_warps,1255,1,0.091744
spark,150_10,1,9,gpu_warps,1256,1,0.15072
spark,150_10,1,9,gpu_warps,1257,1,0.11408
spark,150_10,1,9,gpu_warps,1258,1,0.158976
spark,150_10,1,9,gpu_warps,1259,1,0.159168
spark,150_10,1,9,gpu_warps,1260,1,0.150144
spark,150_10,1,9,gpu_warps,1261,1,0.100768
spark,150_10,1,9,gpu_warps,1262,1,0.09232
spark,150_10,1,9,gpu_warps,1263,1,0.095008
spark,150_10,1,9,gpu_warps,1264,1,0.1368
spark,150_10,1,9,gpu_warps,1265,1,0.030912
spark,150_10,1,9,gpu_warps,1266,1,0.056128
spark,150_10,1,9,gpu_warps,1267,1,0.156992
spark,150_10,1,9,gpu_warps,1268,1,0.072992
spark,150_10,1,9,gpu_warps,1269,1,0.082464
spark,150_10,1,9,gpu_warps,1270,1,0.144032
spark,150_10,1,9,gpu_warps,1271,1,0.092704
spark,150_10,1,9,gpu_warps,1272,1,0.125312
spark,150_10,1,9,gpu_warps,1273,1,0.078432
spark,150_10,1,9,gpu_warps,1274,1,0.129024
spark,150_10,1,9,gpu_warps,1275,1,0.157792
spark,150_10,1,9,gpu_warps,1276,1,0.135968
spark,150_10,1,9,gpu_warps,1277,2,0.143296
spark,150_10,1,9,gpu_warps,1278,2,0.132032
spark,150_10,1,9,gpu_warps,1279,2,0.161088
spark,150_10,1,9,gpu_warps,1280,2,0.152416
spark,150_10,1,9,gpu_warps,1281,1,0.156
spark,150_10,1,9,gpu_warps,1282,1,0.159296
spark,150_10,1,9,gpu_warps,1283,1,0.062976
spark,150_10,1,9,gpu_warps,1284,1,0.07696
spark,150_10,1,9,gpu_warps,1285,1,0.100608
spark,150_10,1,9,gpu_warps,1286,1,0.09536
spark,150_10,1,9,gpu_warps,1287,1,0.153376
spark,150_10,1,9,gpu_warps,1288,1,0.091488
spark,150_10,1,9,gpu_warps,1289,1,0.149632
spark,150_10,1,9,gpu_warps,1290,1,0.042944
spark,150_10,1,9,gpu_warps,1291,1,0.093472
spark,150_10,1,9,gpu_warps,1292,1,0.034432
spark,150_10,1,9,gpu_warps,1293,1,0.034464
spark,150_10,1,9,gpu_warps,1294,1,0.041248
spark,150_10,1,9,gpu_warps,1295,1,0.127936
spark,150_10,1,9,gpu_warps,1296,1,0.112992
spark,150_10,1,9,gpu_warps,1297,1,0.03904
spark,150_10,1,9,gpu_warps,1298,1,0.120288
spark,150_10,1,9,gpu_warps,1299,1,0.122976
spark,150_10,1,9,gpu_warps,1300,1,0.12448
spark,150_10,1,9,gpu_warps,1301,1,0.109728
spark,150_10,1,9,gpu_warps,1302,1,0.058848
spark,150_10,1,9,gpu_warps,1303,1,0.154784
spark,150_10,1,9,gpu_warps,1304,1,0.139168
spark,150_10,1,9,gpu_warps,1305,1,0.0952
spark,150_10,1,9,gpu_warps,1306,1,0.099488
spark,150_10,1,9,gpu_warps,1307,1,0.069664
spark,150_10,1,9,gpu_warps,1308,1,0.093408
spark,150_10,1,9,gpu_warps,1309,1,0.059072
spark,150_10,1,9,gpu_warps,1310,1,0.045248
spark,150_10,1,9,gpu_warps,1311,1,0.14528
spark,150_10,1,9,gpu_warps,1312,1,0.15936
spark,150_10,1,9,gpu_warps,1313,1,0.146272
spark,150_10,1,9,gpu_warps,1314,2,0.114912
spark,150_10,1,9,gpu_warps,1315,1,0.13584
spark,150_10,1,9,gpu_warps,1316,1,0.111584
spark,150_10,1,9,gpu_warps,1317,1,0.125824
spark,150_10,1,9,gpu_warps,1318,1,0.156224
spark,150_10,1,9,gpu_warps,1319,1,0.101728
spark,150_10,1,9,gpu_warps,1320,1,0.124672
spark,150_10,1,9,gpu_warps,1321,1,0.090912
spark,150_10,1,9,gpu_warps,1322,1,0.120288
spark,150_10,1,9,gpu_warps,1323,1,0.132416
spark,150_10,1,9,gpu_warps,1324,1,0.136096
spark,150_10,1,9,gpu_warps,1325,1,0.094432
spark,150_10,1,9,gpu_warps,1326,1,0.068288
spark,150_10,1,9,gpu_warps,1327,1,0.110784
spark,150_10,1,9,gpu_warps,1328,1,0.147648
spark,150_10,1,9,gpu_warps,1329,1,0.07696
spark,150_10,1,9,gpu_warps,1330,1,0.128736
spark,150_10,1,9,gpu_warps,1331,1,0.143744
spark,150_10,1,9,gpu_warps,1332,1,0.13536
spark,150_10,1,9,gpu_warps,1333,1,0.064704
spark,150_10,1,9,gpu_warps,1334,1,0.060032
spark,150_10,1,9,gpu_warps,1335,1,0.119424
spark,150_10,1,9,gpu_warps,1336,1,0.050816
spark,150_10,1,9,gpu_warps,1337,1,0.056896
spark,150_10,1,9,gpu_warps,1338,1,0.15344
spark,150_10,1,9,gpu_warps,1339,1,0.035904
spark,150_10,1,9,gpu_warps,1340,1,0.091648
spark,150_10,1,9,gpu_warps,1341,1,0.04624
spark,150_10,1,9,gpu_warps,1342,1,0.130304
spark,150_10,1,9,gpu_warps,1343,1,0.115744
spark,150_10,1,9,gpu_warps,1344,1,0.091808
spark,150_10,1,9,gpu_warps,1345,1,0.0712
spark,150_10,1,9,gpu_warps,1346,1,0.0448
spark,150_10,1,9,gpu_warps,1347,1,0.10816
spark,150_10,1,9,gpu_warps,1348,1,0.1296
spark,150_10,1,9,gpu_warps,1349,1,0.163968
spark,150_10,1,9,gpu_warps,1350,1,0.088672
spark,150_10,1,9,gpu_warps,1351,1,0.125024
spark,150_10,1,9,gpu_warps,1352,1,0.159232
spark,150_10,1,9,gpu_warps,1353,1,0.122272
spark,150_10,1,9,gpu_warps,1354,1,0.108128
spark,150_10,1,9,gpu_warps,1355,1,0.037696
spark,150_10,1,9,gpu_warps,1356,1,0.07712
spark,150_10,1,9,gpu_warps,1357,1,0.122816
spark,150_10,1,9,gpu_warps,1358,1,0.09056
spark,150_10,1,9,gpu_warps,1359,1,0.149312
spark,150_10,1,9,gpu_warps,1360,1,0.133088
spark,150_10,1,9,gpu_warps,1361,1,0.079936
spark,150_10,1,9,gpu_warps,1362,1,0.070912
spark,150_10,1,9,gpu_warps,1363,1,0.155424
spark,150_10,1,9,gpu_warps,1364,1,0.101024
spark,150_10,1,9,gpu_warps,1365,1,0.097312
spark,150_10,1,9,gpu_warps,1366,1,0.149792
spark,150_10,1,9,gpu_warps,1367,1,0.136768
spark,150_10,1,9,gpu_warps,1368,1,0.102848
spark,150_10,1,9,gpu_warps,1369,1,0.152928
spark,150_10,1,9,gpu_warps,1370,1,0.115872
spark,150_10,1,9,gpu_warps,1371,1,0.066304
spark,150_10,1,9,gpu_warps,1372,1,0.053984
spark,150_10,1,9,gpu_warps,1373,1,0.127392
spark,150_10,1,9,gpu_warps,1374,1,0.125888
spark,150_10,1,9,gpu_warps,1375,1,0.082976
spark,150_10,1,9,gpu_warps,1376,1,0.112736
spark,150_10,1,9,gpu_warps,1377,1,0.083488
spark,150_10,1,9,gpu_warps,1378,1,0.159296
spark,150_10,1,9,gpu_warps,1379,1,0.111808
spark,150_10,1,9,gpu_warps,1380,1,0.083104
spark,150_10,1,9,gpu_warps,1381,1,0.066336
spark,150_10,1,9,gpu_warps,1382,1,0.100672
spark,150_10,1,9,gpu_warps,1383,1,0.068896
spark,150_10,1,9,gpu_warps,1384,1,0.133056
spark,150_10,1,9,gpu_warps,1385,1,0.150592
spark,150_10,1,9,gpu_warps,1386,1,0.160928
spark,150_10,1,9,gpu_warps,1387,1,0.057184
spark,150_10,1,9,gpu_warps,1388,1,0.107424
spark,150_10,1,9,gpu_warps,1389,1,0.064608
spark,150_10,1,9,gpu_warps,1390,1,0.16048
spark,150_10,1,9,gpu_warps,1391,1,0.042784
spark,150_10,1,9,gpu_warps,1392,1,0.068736
spark,150_10,1,9,gpu_warps,1393,1,0.107616
spark,150_10,1,9,gpu_warps,1394,1,0.079008
spark,150_10,1,9,gpu_warps,1395,1,0.138368
spark,150_10,1,9,gpu_warps,1396,1,0.158208
spark,150_10,1,9,gpu_warps,1397,1,0.153728
spark,150_10,1,9,gpu_warps,1398,1,0.083072
spark,150_10,1,9,gpu_warps,1399,1,0.156
spark,150_10,1,9,gpu_warps,1400,1,0.119488
spark,150_10,1,9,gpu_warps,1401,1,0.153632
spark,150_10,1,9,gpu_warps,1402,1,0.150848
spark,150_10,1,9,gpu_warps,1403,1,0.134304
spark,150_10,1,9,gpu_warps,1404,1,0.144544
spark,150_10,1,9,gpu_warps,1405,1,0.134144
spark,150_10,1,9,gpu_warps,1406,1,0.071552
spark,150_10,1,9,gpu_warps,1407,1,0.041024
spark,150_10,1,9,gpu_warps,1408,1,0.134592
spark,150_10,1,9,gpu_warps,1409,1,0.131296
spark,150_10,1,9,gpu_warps,1410,1,0.061888
spark,150_10,1,9,gpu_warps,1411,1,0.11968
spark,150_10,1,9,gpu_warps,1412,1,0.141056
spark,150_10,1,9,gpu_warps,1413,1,0.164256
spark,150_10,1,9,gpu_warps,1414,1,0.070144
spark,150_10,1,9,gpu_warps,1415,1,0.155776
spark,150_10,1,9,gpu_warps,1416,1,0.062496
spark,150_10,1,9,gpu_warps,1417,1,0.079392
spark,150_10,1,9,gpu_warps,1418,1,0.112384
spark,150_10,1,9,gpu_warps,1419,1,0.161888
spark,150_10,1,9,gpu_warps,1420,1,0.157024
spark,150_10,1,9,gpu_warps,1421,1,0.1424
spark,150_10,1,9,gpu_warps,1422,1,0.094016
spark,150_10,1,9,gpu_warps,1423,1,0.131872
spark,150_10,1,9,gpu_warps,1424,1,0.025344
spark,150_10,1,9,gpu_warps,1425,1,0.025248
spark,150_10,1,9,gpu_warps,1426,1,0.137472
spark,150_10,1,9,gpu_warps,1427,1,0.093824
spark,150_10,1,9,gpu_warps,1428,1,0.152672
spark,150_10,1,9,gpu_warps,1429,1,0.134208
spark,150_10,1,9,gpu_warps,1430,1,0.1624
spark,150_10,1,9,gpu_warps,1431,1,0.120064
spark,150_10,1,9,gpu_warps,1432,1,0.134208
spark,150_10,1,9,gpu_warps,1433,1,0.102784
spark,150_10,1,9,gpu_warps,1434,1,0.129984
spark,150_10,1,9,gpu_warps,1435,1,0.08256
spark,150_10,1,9,gpu_warps,1436,1,0.129216
spark,150_10,1,9,gpu_warps,1437,2,0.155744
spark,150_10,1,9,gpu_warps,1438,2,0.147712
spark,150_10,1,9,gpu_warps,1439,2,0.154528
spark,150_10,1,9,gpu_warps,1440,2,0.146208
spark,150_10,1,9,gpu_warps,1441,2,0.157888
spark,150_10,1,9,gpu_warps,1442,2,0.146944
spark,150_10,1,9,gpu_warps,1443,1,0.154528
spark,150_10,1,9,gpu_warps,1444,1,0.136128
spark,150_10,1,9,gpu_warps,1445,1,0.058656
spark,150_10,1,9,gpu_warps,1446,1,0.14192
spark,150_10,1,9,gpu_warps,1447,1,0.09488
spark,150_10,1,9,gpu_warps,1448,1,0.16624
spark,150_10,1,9,gpu_warps,1449,1,0.032224
spark,150_10,1,9,gpu_warps,1450,1,0.116864
spark,150_10,1,9,gpu_warps,1451,1,0.109632
spark,150_10,1,9,gpu_warps,1452,1,0.124576
spark,150_10,1,9,gpu_warps,1453,1,0.094464
spark,150_10,1,9,gpu_warps,1454,1,0.102816
spark,150_10,1,9,gpu_warps,1455,1,0.161632
spark,150_10,1,9,gpu_warps,1456,1,0.150752
spark,150_10,1,9,gpu_warps,1457,1,0.139552
spark,150_10,1,9,gpu_warps,1458,1,0.096128
spark,150_10,1,9,gpu_warps,1459,1,0.145184
spark,150_10,1,9,gpu_warps,1460,1,0.032544
spark,150_10,1,9,gpu_warps,1461,1,0.154336
spark,150_10,1,9,gpu_warps,1462,1,0.160032
spark,150_10,1,9,gpu_warps,1463,1,0.144032
spark,150_10,1,9,gpu_warps,1464,1,0.155648
spark,150_10,1,9,gpu_warps,1465,1,0.082944
spark,150_10,1,9,gpu_warps,1466,1,0.144256
spark,150_10,1,9,gpu_warps,1467,1,0.131104
spark,150_10,1,9,gpu_warps,1468,1,0.090656
spark,150_10,1,9,gpu_warps,1469,1,0.153056
spark,150_10,1,9,gpu_warps,1470,1,0.160576
spark,150_10,1,9,gpu_warps,1471,1,0.16432
spark,150_10,1,9,gpu_warps,1472,1,0.067968
spark,150_10,1,9,gpu_warps,1473,1,0.12704
spark,150_10,1,9,gpu_warps,1474,1,0.116256
spark,150_10,1,9,gpu_warps,1475,1,0.109152
spark,150_10,1,9,gpu_warps,1476,1,0.156704
spark,150_10,1,9,gpu_warps,1477,1,0.091968
spark,150_10,1,9,gpu_warps,1478,1,0.064
spark,150_10,1,9,gpu_warps,1479,1,0.138368
spark,150_10,1,9,gpu_warps,1480,1,0.111776
spark,150_10,1,9,gpu_warps,1481,1,0.113344
spark,150_10,1,9,gpu_warps,1482,1,0.068288
spark,150_10,1,9,gpu_warps,1483,1,0.029472
spark,150_10,1,9,gpu_warps,1484,1,0.045312
spark,150_10,1,9,gpu_warps,1485,1,0.054016
spark,150_10,1,9,gpu_warps,1486,1,0.12176
spark,150_10,1,9,gpu_warps,1487,1,0.120192
spark,150_10,1,9,gpu_warps,1488,2,0.144448
spark,150_10,1,9,gpu_warps,1489,1,0.138752
spark,150_10,1,9,gpu_warps,1490,1,0.118208
spark,150_10,1,9,gpu_warps,1491,1,0.14016
spark,150_10,1,9,gpu_warps,1492,1,0.134112
spark,150_10,1,9,gpu_warps,1493,1,0.083104
spark,150_10,1,9,gpu_warps,1494,1,0.110656
spark,150_10,1,9,gpu_warps,1495,1,0.0464
spark,150_10,1,9,gpu_warps,1496,1,0.086176
spark,150_10,1,9,gpu_warps,1497,1,0.100992
spark,150_10,1,9,gpu_warps,1498,1,0.146944
spark,150_10,1,9,gpu_warps,1499,1,0.083904
spark,150_10,1,9,gpu_warps,1500,1,0.128768
spark,150_10,1,9,gpu_warps,1501,1,0.06256
spark,150_10,1,9,gpu_warps,1502,1,0.047168
spark,150_10,1,9,gpu_warps,1503,1,0.108864
spark,150_10,1,9,gpu_warps,1504,1,0.075712
spark,150_10,1,9,gpu_warps,1505,1,0.060192
spark,150_10,1,9,gpu_warps,1506,1,0.1264
spark,150_10,1,9,gpu_warps,1507,1,0.14496
spark,150_10,1,9,gpu_warps,1508,1,0.159552
spark,150_10,1,9,gpu_warps,1509,1,0.145184
spark,150_10,1,9,gpu_warps,1510,1,0.160096
spark,150_10,1,9,gpu_warps,1511,1,0.130176
spark,150_10,1,9,gpu_warps,1512,1,0.036896
spark,150_10,1,9,gpu_warps,1513,1,0.078752
spark,150_10,1,9,gpu_warps,1514,1,0.129376
spark,150_10,1,9,gpu_warps,1515,1,0.055552
spark,150_10,1,9,gpu_warps,1516,1,0.1408
spark,150_10,1,9,gpu_warps,1517,1,0.12048
spark,150_10,1,9,gpu_warps,1518,1,0.053472
spark,150_10,1,9,gpu_warps,1519,1,0.105056
spark,150_10,1,9,gpu_warps,1520,1,0.162624
spark,150_10,1,9,gpu_warps,1521,1,0.135168
spark,150_10,1,9,gpu_warps,1522,1,0.165408
spark,150_10,1,9,gpu_warps,1523,1,0.140768
spark,150_10,1,9,gpu_warps,1524,1,0.073056
spark,150_10,1,9,gpu_warps,1525,1,0.105888
spark,150_10,1,9,gpu_warps,1526,1,0.1616
spark,150_10,1,9,gpu_warps,1527,1,0.158688
spark,150_10,1,9,gpu_warps,1528,1,0.164
spark,150_10,1,9,gpu_warps,1529,1,0.088864
spark,150_10,1,9,gpu_warps,1530,1,0.1272
spark,150_10,1,9,gpu_warps,1531,1,0.086976
spark,150_10,1,9,gpu_warps,1532,1,0.093696
spark,150_10,1,9,gpu_warps,1533,1,0.09776
spark,150_10,1,9,gpu_warps,1534,1,0.13392
spark,150_10,1,9,gpu_warps,1535,1,0.055648
spark,150_10,1,9,gpu_warps,1536,1,0.127584
spark,150_10,1,9,gpu_warps,1537,1,0.131648
spark,150_10,1,9,gpu_warps,1538,1,0.11552
spark,150_10,1,9,gpu_warps,1539,1,0.021664
spark,150_10,1,9,gpu_warps,1540,1,0.147904
spark,150_10,1,9,gpu_warps,1541,1,0.062144
spark,150_10,1,9,gpu_warps,1542,1,0.03216
spark,150_10,1,9,gpu_warps,1543,1,0.165184
spark,150_10,1,9,gpu_warps,1544,1,0.145152
spark,150_10,1,9,gpu_warps,1545,1,0.128096
spark,150_10,1,9,gpu_warps,1546,1,0.147808
spark,150_10,1,9,gpu_warps,1547,1,0.12288
spark,150_10,1,9,gpu_warps,1548,1,0.14544
spark,150_10,1,9,gpu_warps,1549,1,0.11008
spark,150_10,1,9,gpu_warps,1550,1,0.157376
spark,150_10,1,9,gpu_warps,1551,1,0.12368
spark,150_10,1,9,gpu_warps,1552,1,0.148832
spark,150_10,1,9,gpu_warps,1553,1,0.14256
spark,150_10,1,9,gpu_warps,1554,1,0.130432
spark,150_10,1,9,gpu_warps,1555,1,0.127776
spark,150_10,1,9,gpu_warps,1556,1,0.154976
spark,150_10,1,9,gpu_warps,1557,1,0.05792
spark,150_10,1,9,gpu_warps,1558,1,0.104288
spark,150_10,1,9,gpu_warps,1559,1,0.148416
spark,150_10,1,9,gpu_warps,1560,1,0.060384
spark,150_10,1,9,gpu_warps,1561,1,0.147264
spark,150_10,1,9,gpu_warps,1562,1,0.074912
spark,150_10,1,9,gpu_warps,1563,1,0.02224
spark,150_10,1,9,gpu_warps,1564,1,0.128256
spark,150_10,1,9,gpu_warps,1565,1,0.096992
spark,150_10,1,9,gpu_warps,1566,1,0.057216
spark,150_10,1,9,gpu_warps,1567,1,0.037984
spark,150_10,1,9,gpu_warps,1568,1,0.154016
spark,150_10,1,9,gpu_warps,1569,1,0.052032
spark,150_10,1,9,gpu_warps,1570,1,0.12496
spark,150_10,1,9,gpu_warps,1571,1,0.123744
spark,150_10,1,9,gpu_warps,1572,1,0.10256
spark,150_10,1,9,gpu_warps,1573,2,0.142112
spark,150_10,1,9,gpu_warps,1574,1,0.086784
spark,150_10,1,9,gpu_warps,1575,1,0.08656
spark,150_10,1,9,gpu_warps,1576,1,0.12304
spark,150_10,1,9,gpu_warps,1577,1,0.108384
spark,150_10,1,9,gpu_warps,1578,1,0.1592
spark,150_10,1,9,gpu_warps,1579,1,0.058656
spark,150_10,1,9,gpu_warps,1580,1,0.138176
spark,150_10,1,9,gpu_warps,1581,1,0.109056
spark,150_10,1,9,gpu_warps,1582,1,0.155616
spark,150_10,1,9,gpu_warps,1583,1,0.050848
spark,150_10,1,9,gpu_warps,1584,1,0.072288
spark,150_10,1,9,gpu_warps,1585,1,0.130784
spark,150_10,1,9,gpu_warps,1586,1,0.13504
spark,150_10,1,9,gpu_warps,1587,1,0.145664
spark,150_10,1,9,gpu_warps,1588,1,0.14448
spark,150_10,1,9,gpu_warps,1589,1,0.129344
spark,150_10,1,9,gpu_warps,1590,1,0.072608
spark,150_10,1,9,gpu_warps,1591,1,0.114528
spark,150_10,1,9,gpu_warps,1592,1,0.097408
spark,150_10,1,9,gpu_warps,1593,1,0.09232
spark,150_10,1,9,gpu_warps,1594,1,0.090528
spark,150_10,1,9,gpu_warps,1595,1,0.150976
spark,150_10,1,9,gpu_warps,1596,1,0.147584
spark,150_10,1,9,gpu_warps,1597,1,0.122336
spark,150_10,1,9,gpu_warps,1598,1,0.136832
spark,150_10,1,9,gpu_warps,1599,1,0.049376
spark,150_10,1,9,gpu_warps,1600,1,0.023072
spark,150_10,1,9,gpu_warps,1601,1,0.093056
spark,150_10,1,9,gpu_warps,1602,1,0.141152
spark,150_10,1,9,gpu_warps,1603,1,0.137024
spark,150_10,1,9,gpu_warps,1604,1,0.15424
spark,150_10,1,9,gpu_warps,1605,1,0.06384
spark,150_10,1,9,gpu_warps,1606,1,0.022816
spark,150_10,1,9,gpu_warps,1607,1,0.035136
spark,150_10,1,9,gpu_warps,1608,1,0.156928
spark,150_10,1,9,gpu_warps,1609,1,0.074432
spark,150_10,1,9,gpu_warps,1610,1,0.161248
spark,150_10,1,9,gpu_warps,1611,1,0.145024
spark,150_10,1,9,gpu_warps,1612,1,0.142784
spark,150_10,1,9,gpu_warps,1613,1,0.154336
spark,150_10,1,9,gpu_warps,1614,1,0.16416
spark,150_10,1,9,gpu_warps,1615,1,0.112608
spark,150_10,1,9,gpu_warps,1616,1,0.057824
spark,150_10,1,9,gpu_warps,1617,1,0.085792
spark,150_10,1,9,gpu_warps,1618,1,0.13696
spark,150_10,1,9,gpu_warps,1619,1,0.105824
spark,150_10,1,9,gpu_warps,1620,1,0.14288
spark,150_10,1,9,gpu_warps,1621,1,0.105152
spark,150_10,1,9,gpu_warps,1622,1,0.037312
spark,150_10,1,9,gpu_warps,1623,1,0.048544
spark,150_10,1,9,gpu_warps,1624,1,0.032192
spark,150_10,1,9,gpu_warps,1625,1,0.024288
spark,150_10,1,9,gpu_warps,1626,1,0.117504
spark,150_10,1,9,gpu_warps,1627,1,0.119776
spark,150_10,1,9,gpu_warps,1628,1,0.097056
spark,150_10,1,9,gpu_warps,1629,1,0.151712
spark,150_10,1,9,gpu_warps,1630,1,0.14464
spark,150_10,1,9,gpu_warps,1631,1,0.164
spark,150_10,1,9,gpu_warps,1632,1,0.158624
spark,150_10,1,9,gpu_warps,1633,1,0.136288
spark,150_10,1,9,gpu_warps,1634,1,0.059648
spark,150_10,1,9,gpu_warps,1635,1,0.036992
spark,150_10,1,9,gpu_warps,1636,1,0.153408
spark,150_10,1,9,gpu_warps,1637,1,0.048992
spark,150_10,1,9,gpu_warps,1638,1,0.13248
spark,150_10,1,9,gpu_warps,1639,1,0.061504
spark,150_10,1,9,gpu_warps,1640,1,0.107872
spark,150_10,1,9,gpu_warps,1641,1,0.13264
spark,150_10,1,9,gpu_warps,1642,1,0.053792
spark,150_10,1,9,gpu_warps,1643,1,0.14576
spark,150_10,1,9,gpu_warps,1644,1,0.154144
spark,150_10,1,9,gpu_warps,1645,1,0.080544
spark,150_10,1,9,gpu_warps,1646,1,0.066368
spark,150_10,1,9,gpu_warps,1647,1,0.117408
spark,150_10,1,9,gpu_warps,1648,1,0.164448
spark,150_10,1,9,gpu_warps,1649,1,0.143328
spark,150_10,1,9,gpu_warps,1650,1,0.066144
spark,150_10,1,9,gpu_warps,1651,1,0.144448
spark,150_10,1,9,gpu_warps,1652,1,0.091872
spark,150_10,1,9,gpu_warps,1653,1,0.075168
spark,150_10,1,9,gpu_warps,1654,1,0.061184
spark,150_10,1,9,gpu_warps,1655,1,0.111232
spark,150_10,1,9,gpu_warps,1656,1,0.119872
spark,150_10,1,9,gpu_warps,1657,1,0.086816
spark,150_10,1,9,gpu_warps,1658,1,0.148608
spark,150_10,1,9,gpu_warps,1659,1,0.144704
spark,150_10,1,9,gpu_warps,1660,1,0.12704
spark,150_10,1,9,gpu_warps,1661,1,0.09216
spark,150_10,1,9,gpu_warps,1662,1,0.121312
spark,150_10,1,9,gpu_warps,1663,1,0.045664
spark,150_10,1,9,gpu_warps,1664,1,0.14816
spark,150_10,1,9,gpu_warps,1665,1,0.16064
spark,150_10,1,9,gpu_warps,1666,1,0.06672
spark,150_10,1,9,gpu_warps,1667,1,0.134272
spark,150_10,1,9,gpu_warps,1668,1,0.14816
spark,150_10,1,9,gpu_warps,1669,2,0.14096
spark,150_10,1,9,gpu_warps,1670,2,0.147424
spark,150_10,1,9,gpu_warps,1671,2,0.116896
spark,150_10,1,9,gpu_warps,1672,1,0.135712
spark,150_10,1,9,gpu_warps,1673,1,0.027136
spark,150_10,1,9,gpu_warps,1674,1,0.164128
spark,150_10,1,9,gpu_warps,1675,1,0.0872
spark,150_10,1,9,gpu_warps,1676,1,0.087456
spark,150_10,1,9,gpu_warps,1677,1,0.159488
spark,150_10,1,9,gpu_warps,1678,1,0.139232
spark,150_10,1,9,gpu_warps,1679,1,0.033152
spark,150_10,1,9,gpu_warps,1680,1,0.097728
spark,150_10,1,9,gpu_warps,1681,1,0.106624
spark,150_10,1,9,gpu_warps,1682,1,0.058656
spark,150_10,1,9,gpu_warps,1683,1,0.051296
spark,150_10,1,9,gpu_warps,1684,1,0.0464
spark,150_10,1,9,gpu_warps,1685,1,0.098752
spark,150_10,1,9,gpu_warps,1686,1,0.116032
spark,150_10,1,9,gpu_warps,1687,1,0.133024
spark,150_10,1,9,gpu_warps,1688,1,0.162656
spark,150_10,1,9,gpu_warps,1689,1,0.142048
spark,150_10,1,9,gpu_warps,1690,1,0.1488
spark,150_10,1,9,gpu_warps,1691,1,0.109952
spark,150_10,1,9,gpu_warps,1692,1,0.148096
spark,150_10,1,9,gpu_warps,1693,1,0.149824
spark,150_10,1,9,gpu_warps,1694,1,0.043648
spark,150_10,1,9,gpu_warps,1695,1,0.138592
spark,150_10,1,9,gpu_warps,1696,1,0.140992
spark,150_10,1,9,gpu_warps,1697,1,0.119072
spark,150_10,1,9,gpu_warps,1698,1,0.147936
spark,150_10,1,9,gpu_warps,1699,1,0.088448
spark,150_10,1,9,gpu_warps,1700,1,0.039328
spark,150_10,1,9,gpu_warps,1701,1,0.0248
spark,150_10,1,9,gpu_warps,1702,1,0.152704
spark,150_10,1,9,gpu_warps,1703,1,0.076768
spark,150_10,1,9,gpu_warps,1704,1,0.102176
spark,150_10,1,9,gpu_warps,1705,1,0.113728
spark,150_10,1,9,gpu_warps,1706,2,0.142016
spark,150_10,1,9,gpu_warps,1707,1,0.13488
spark,150_10,1,9,gpu_warps,1708,1,0.118976
spark,150_10,1,9,gpu_warps,1709,1,0.158784
spark,150_10,1,9,gpu_warps,1710,1,0.089248
spark,150_10,1,9,gpu_warps,1711,1,0.06992
spark,150_10,1,9,gpu_warps,1712,1,0.063904
spark,150_10,1,9,gpu_warps,1713,1,0.15392
spark,150_10,1,9,gpu_warps,1714,1,0.099232
spark,150_10,1,9,gpu_warps,1715,1,0.06528
spark,150_10,1,9,gpu_warps,1716,1,0.147168
spark,150_10,1,9,gpu_warps,1717,1,0.135456
spark,150_10,1,9,gpu_warps,1718,1,0.13056
spark,150_10,1,9,gpu_warps,1719,2,0.144672
spark,150_10,1,9,gpu_warps,1720,1,0.15776
spark,150_10,1,9,gpu_warps,1721,1,0.154112
spark,150_10,1,9,gpu_warps,1722,1,0.133344
spark,150_10,1,9,gpu_warps,1723,1,0.119008
spark,150_10,1,9,gpu_warps,1724,1,0.123136
spark,150_10,1,9,gpu_warps,1725,1,0.028576
spark,150_10,1,9,gpu_warps,1726,1,0.1648
spark,150_10,1,9,gpu_warps,1727,1,0.056224
spark,150_10,1,9,gpu_warps,1728,1,0.1384
spark,150_10,1,9,gpu_warps,1729,1,0.155968
spark,150_10,1,9,gpu_warps,1730,1,0.142272
spark,150_10,1,9,gpu_warps,1731,1,0.161632
spark,150_10,1,9,gpu_warps,1732,1,0.06032
spark,150_10,1,9,gpu_warps,1733,1,0.075424
spark,150_10,1,9,gpu_warps,1734,1,0.127168
spark,150_10,1,9,gpu_warps,1735,1,0.149152
spark,150_10,1,9,gpu_warps,1736,1,0.042944
spark,150_10,1,9,gpu_warps,1737,1,0.140384
spark,150_10,1,9,gpu_warps,1738,1,0.05824
spark,150_10,1,9,gpu_warps,1739,1,0.136704
spark,150_10,1,9,gpu_warps,1740,1,0.161664
spark,150_10,1,9,gpu_warps,1741,1,0.14384
spark,150_10,1,9,gpu_warps,1742,1,0.066592
spark,150_10,1,9,gpu_warps,1743,1,0.134144
spark,150_10,1,9,gpu_warps,1744,1,0.07232
spark,150_10,1,9,gpu_warps,1745,1,0.071488
spark,150_10,1,9,gpu_warps,1746,1,0.055744
spark,150_10,1,9,gpu_warps,1747,1,0.056992
spark,150_10,1,9,gpu_warps,1748,1,0.150912
spark,150_10,1,9,gpu_warps,1749,1,0.074944
spark,150_10,1,9,gpu_warps,1750,1,0.12704
spark,150_10,1,9,gpu_warps,1751,1,0.080256
spark,150_10,1,9,gpu_warps,1752,1,0.09872
spark,150_10,1,9,gpu_warps,1753,1,0.071584
spark,150_10,1,9,gpu_warps,1754,1,0.109728
spark,150_10,1,9,gpu_warps,1755,1,0.135968
spark,150_10,1,9,gpu_warps,1756,1,0.161408
spark,150_10,1,9,gpu_warps,1757,1,0.112896
spark,150_10,1,9,gpu_warps,1758,1,0.092512
spark,150_10,1,9,gpu_warps,1759,1,0.117888
spark,150_10,1,9,gpu_warps,1760,1,0.093856
spark,150_10,1,9,gpu_warps,1761,1,0.05616
spark,150_10,1,9,gpu_warps,1762,1,0.154656
spark,150_10,1,9,gpu_warps,1763,1,0.11552
spark,150_10,1,9,gpu_warps,1764,1,0.150144
spark,150_10,1,9,gpu_warps,1765,1,0.087392
spark,150_10,1,9,gpu_warps,1766,1,0.161056
spark,150_10,1,9,gpu_warps,1767,1,0.089696
spark,150_10,1,9,gpu_warps,1768,1,0.124128
spark,150_10,1,9,gpu_warps,1769,1,0.125376
spark,150_10,1,9,gpu_warps,1770,1,0.133184
spark,150_10,1,9,gpu_warps,1771,1,0.1304
spark,150_10,1,9,gpu_warps,1772,1,0.0944
spark,150_10,1,9,gpu_warps,1773,1,0.129664
spark,150_10,1,9,gpu_warps,1774,1,0.094176
spark,150_10,1,9,gpu_warps,1775,1,0.065088
spark,150_10,1,9,gpu_warps,1776,1,0.137216
spark,150_10,1,9,gpu_warps,1777,1,0.090912
spark,150_10,1,9,gpu_warps,1778,1,0.096832
spark,150_10,1,9,gpu_warps,1779,1,0.0616
spark,150_10,1,9,gpu_warps,1780,1,0.077312
spark,150_10,1,9,gpu_warps,1781,1,0.154656
spark,150_10,1,9,gpu_warps,1782,1,0.152192
spark,150_10,1,9,gpu_warps,1783,1,0.1536
spark,150_10,1,9,gpu_warps,1784,1,0.127744
spark,150_10,1,9,gpu_warps,1785,1,0.106368
spark,150_10,1,9,gpu_warps,1786,1,0.062592
spark,150_10,1,9,gpu_warps,1787,1,0.080704
spark,150_10,1,9,gpu_warps,1788,1,0.075808
spark,150_10,1,9,gpu_warps,1789,1,0.146976
spark,150_10,1,9,gpu_warps,1790,1,0.100128
spark,150_10,1,9,gpu_warps,1791,2,0.144288
spark,150_10,1,9,gpu_warps,1792,2,0.147744
spark,150_10,1,9,gpu_warps,1793,1,0.156896
spark,150_10,1,9,gpu_warps,1794,1,0.102944
spark,150_10,1,9,gpu_warps,1795,1,0.142656
spark,150_10,1,9,gpu_warps,1796,1,0.11344
spark,150_10,1,9,gpu_warps,1797,1,0.070816
spark,150_10,1,9,gpu_warps,1798,1,0.071808
spark,150_10,1,9,gpu_warps,1799,1,0.157376
spark,150_10,1,9,gpu_warps,1800,1,0.111648
spark,150_10,1,9,gpu_warps,1801,1,0.155232
spark,150_10,1,9,gpu_warps,1802,1,0.129248
spark,150_10,1,9,gpu_warps,1803,1,0.110048
spark,150_10,1,9,gpu_warps,1804,1,0.02608
spark,150_10,1,9,gpu_warps,1805,1,0.146592
spark,150_10,1,9,gpu_warps,1806,1,0.158112
spark,150_10,1,9,gpu_warps,1807,1,0.103424
spark,150_10,1,9,gpu_warps,1808,1,0.098272
spark,150_10,1,9,gpu_warps,1809,1,0.121824
spark,150_10,1,9,gpu_warps,1810,1,0.122208
spark,150_10,1,9,gpu_warps,1811,1,0.087712
spark,150_10,1,9,gpu_warps,1812,1,0.1624
spark,150_10,1,9,gpu_warps,1813,1,0.1544
spark,150_10,1,9,gpu_warps,1814,1,0.14656
spark,150_10,1,9,gpu_warps,1815,1,0.069472
spark,150_10,1,9,gpu_warps,1816,1,0.122784
spark,150_10,1,9,gpu_warps,1817,1,0.114944
spark,150_10,1,9,gpu_warps,1818,1,0.134912
spark,150_10,1,9,gpu_warps,1819,1,0.126304
spark,150_10,1,9,gpu_warps,1820,1,0.062816
spark,150_10,1,9,gpu_warps,1821,1,0.065344
spark,150_10,1,9,gpu_warps,1822,1,0.144704
spark,150_10,1,9,gpu_warps,1823,1,0.028384
spark,150_10,1,9,gpu_warps,1824,1,0.093952
spark,150_10,1,9,gpu_warps,1825,1,0.11296
spark,150_10,1,9,gpu_warps,1826,1,0.129408
spark,150_10,1,9,gpu_warps,1827,1,0.127424
spark,150_10,1,9,gpu_warps,1828,1,0.130624
spark,150_10,1,9,gpu_warps,1829,1,0.087808
spark,150_10,1,9,gpu_warps,1830,1,0.12608
spark,150_10,1,9,gpu_warps,1831,1,0.162336
spark,150_10,1,9,gpu_warps,1832,1,0.068
spark,150_10,1,9,gpu_warps,1833,1,0.06224
spark,150_10,1,9,gpu_warps,1834,1,0.108544
spark,150_10,1,9,gpu_warps,1835,1,0.073408
spark,150_10,1,9,gpu_warps,1836,1,0.128032
spark,150_10,1,9,gpu_warps,1837,1,0.083488
spark,150_10,1,9,gpu_warps,1838,1,0.165024
spark,150_10,1,9,gpu_warps,1839,1,0.043904
spark,150_10,1,9,gpu_warps,1840,1,0.142624
spark,150_10,1,9,gpu_warps,1841,1,0.058496
spark,150_10,1,9,gpu_warps,1842,1,0.060928
spark,150_10,1,9,gpu_warps,1843,1,0.027456
spark,150_10,1,9,gpu_warps,1844,1,0.05648
spark,150_10,1,9,gpu_warps,1845,1,0.141472
spark,150_10,1,9,gpu_warps,1846,1,0.128576
spark,150_10,1,9,gpu_warps,1847,1,0.11008
spark,150_10,1,9,gpu_warps,1848,1,0.14384
spark,150_10,1,9,gpu_warps,1849,1,0.04656
spark,150_10,1,9,gpu_warps,1850,1,0.13152
spark,150_10,1,9,gpu_warps,1851,1,0.120192
spark,150_10,1,9,gpu_warps,1852,1,0.049728
spark,150_10,1,9,gpu_warps,1853,1,0.139456
spark,150_10,1,9,gpu_warps,1854,1,0.096384
spark,150_10,1,9,gpu_warps,1855,1,0.024224
spark,150_10,1,9,gpu_warps,1856,1,0.086432
spark,150_10,1,9,gpu_warps,1857,1,0.064768
spark,150_10,1,9,gpu_warps,1858,1,0.06416
spark,150_10,1,9,gpu_warps,1859,1,0.128576
spark,150_10,1,9,gpu_warps,1860,1,0.105344
spark,150_10,1,9,gpu_warps,1861,1,0.066752
spark,150_10,1,9,gpu_warps,1862,1,0.071808
spark,150_10,1,9,gpu_warps,1863,1,0.1568
spark,150_10,1,9,gpu_warps,1864,1,0.100832
spark,150_10,1,9,gpu_warps,1865,1,0.159104
spark,150_10,1,9,gpu_warps,1866,1,0.097056
spark,150_10,1,9,gpu_warps,1867,1,0.063488
spark,150_10,1,9,gpu_warps,1868,1,0.155584
spark,150_10,1,9,gpu_warps,1869,1,0.061952
spark,150_10,1,9,gpu_warps,1870,1,0.158304
spark,150_10,1,9,gpu_warps,1871,2,0.162656
spark,150_10,1,9,gpu_warps,1872,2,0.15856
spark,150_10,1,9,gpu_warps,1873,2,0.134304
spark,150_10,1,9,gpu_warps,1874,1,0.132544
spark,150_10,1,9,gpu_warps,1875,1,0.109856
spark,150_10,1,9,gpu_warps,1876,1,0.156512
spark,150_10,1,9,gpu_warps,1877,1,0.064768
spark,150_10,1,9,gpu_warps,1878,1,0.118272
spark,150_10,1,9,gpu_warps,1879,1,0.154368
spark,150_10,1,9,gpu_warps,1880,1,0.077152
spark,150_10,1,9,gpu_warps,1881,1,0.088192
spark,150_10,1,9,gpu_warps,1882,1,0.097152
spark,150_10,1,9,gpu_warps,1883,1,0.114528
spark,150_10,1,9,gpu_warps,1884,1,0.148896
spark,150_10,1,9,gpu_warps,1885,1,0.104288
spark,150_10,1,9,gpu_warps,1886,1,0.110944
spark,150_10,1,9,gpu_warps,1887,1,0.084352
spark,150_10,1,9,gpu_warps,1888,1,0.030784
spark,150_10,1,9,gpu_warps,1889,1,0.099712
spark,150_10,1,9,gpu_warps,1890,1,0.09632
spark,150_10,1,9,gpu_warps,1891,1,0.036256
spark,150_10,1,9,gpu_warps,1892,1,0.0536
spark,150_10,1,9,gpu_warps,1893,1,0.1568
spark,150_10,1,9,gpu_warps,1894,1,0.08688
spark,150_10,1,9,gpu_warps,1895,1,0.096
spark,150_10,1,9,gpu_warps,1896,1,0.102624
spark,150_10,1,9,gpu_warps,1897,1,0.106272
spark,150_10,1,9,gpu_warps,1898,1,0.134624
spark,150_10,1,9,gpu_warps,1899,1,0.147456
spark,150_10,1,9,gpu_warps,1900,1,0.093536
spark,150_10,1,9,gpu_warps,1901,1,0.144896
spark,150_10,1,9,gpu_warps,1902,1,0.164352
spark,150_10,1,9,gpu_warps,1903,1,0.077536
spark,150_10,1,9,gpu_warps,1904,1,0.154272
spark,150_10,1,9,gpu_warps,1905,1,0.156992
spark,150_10,1,9,gpu_warps,1906,1,0.050464
spark,150_10,1,9,gpu_warps,1907,1,0.052032
spark,150_10,1,9,gpu_warps,1908,1,0.06816
spark,150_10,1,9,gpu_warps,1909,1,0.132896
spark,150_10,1,9,gpu_warps,1910,1,0.035776
spark,150_10,1,9,gpu_warps,1911,1,0.107392
spark,150_10,1,9,gpu_warps,1912,1,0.025632
spark,150_10,1,9,gpu_warps,1913,1,0.041312
spark,150_10,1,9,gpu_warps,1914,1,0.075648
spark,150_10,1,9,gpu_warps,1915,1,0.129344
spark,150_10,1,9,gpu_warps,1916,1,0.14352
spark,150_10,1,9,gpu_warps,1917,1,0.061248
spark,150_10,1,9,gpu_warps,1918,1,0.101792
spark,150_10,1,9,gpu_warps,1919,1,0.097472
spark,150_10,1,9,gpu_warps,1920,1,0.083744
spark,150_10,1,9,gpu_warps,1921,1,0.025216
spark,150_10,1,9,gpu_warps,1922,1,0.115936
spark,150_10,1,9,gpu_warps,1923,1,0.141856
spark,150_10,1,9,gpu_warps,1924,1,0.069472
spark,150_10,1,9,gpu_warps,1925,1,0.147424
spark,150_10,1,9,gpu_warps,1926,1,0.128384
spark,150_10,1,9,gpu_warps,1927,1,0.099136
spark,150_10,1,9,gpu_warps,1928,1,0.043008
spark,150_10,1,9,gpu_warps,1929,1,0.111776
spark,150_10,1,9,gpu_warps,1930,1,0.081056
spark,150_10,1,9,gpu_warps,1931,1,0.056608
spark,150_10,1,9,gpu_warps,1932,1,0.153824
spark,150_10,1,9,gpu_warps,1933,1,0.14256
spark,150_10,1,9,gpu_warps,1934,1,0.083424
spark,150_10,1,9,gpu_warps,1935,1,0.15632
spark,150_10,1,9,gpu_warps,1936,1,0.1216
spark,150_10,1,9,gpu_warps,1937,1,0.118944
spark,150_10,1,9,gpu_warps,1938,1,0.090016
spark,150_10,1,9,gpu_warps,1939,1,0.047296
spark,150_10,1,9,gpu_warps,1940,1,0.151008
spark,150_10,1,9,gpu_warps,1941,1,0.077248
spark,150_10,1,9,gpu_warps,1942,1,0.058304
spark,150_10,1,9,gpu_warps,1943,1,0.120928
spark,150_10,1,9,gpu_warps,1944,1,0.149664
spark,150_10,1,9,gpu_warps,1945,1,0.160064
spark,150_10,1,9,gpu_warps,1946,1,0.155776
spark,150_10,1,9,gpu_warps,1947,1,0.076256
spark,150_10,1,9,gpu_warps,1948,1,0.128384
spark,150_10,1,9,gpu_warps,1949,1,0.133792
spark,150_10,1,9,gpu_warps,1950,1,0.11888
spark,150_10,1,9,gpu_warps,1951,1,0.141664
spark,150_10,1,9,gpu_warps,1952,1,0.149024
spark,150_10,1,9,gpu_warps,1953,1,0.055968
spark,150_10,1,9,gpu_warps,1954,1,0.118112
spark,150_10,1,9,gpu_warps,1955,1,0.022496
spark,150_10,1,9,gpu_warps,1956,1,0.154944
spark,150_10,1,9,gpu_warps,1957,1,0.12512
spark,150_10,1,9,gpu_warps,1958,1,0.110784
spark,150_10,1,9,gpu_warps,1959,1,0.056032
spark,150_10,1,9,gpu_warps,1960,1,0.137568
spark,150_10,1,9,gpu_warps,1961,1,0.122176
spark,150_10,1,9,gpu_warps,1962,1,0.110496
spark,150_10,1,9,gpu_warps,1963,1,0.164192
spark,150_10,1,9,gpu_warps,1964,1,0.046016
spark,150_10,1,9,gpu_warps,1965,1,0.089696
spark,150_10,1,9,gpu_warps,1966,1,0.160192
spark,150_10,1,9,gpu_warps,1967,1,0.157312
spark,150_10,1,9,gpu_warps,1968,1,0.04384
spark,150_10,1,9,gpu_warps,1969,1,0.059104
spark,150_10,1,9,gpu_warps,1970,1,0.070432
spark,150_10,1,9,gpu_warps,1971,1,0.026304
spark,150_10,1,9,gpu_warps,1972,1,0.086784
spark,150_10,1,9,gpu_warps,1973,1,0.074592
spark,150_10,1,9,gpu_warps,1974,1,0.09888
spark,150_10,1,9,gpu_warps,1975,1,0.028704
spark,150_10,1,9,gpu_warps,1976,1,0.087808
spark,150_10,1,9,gpu_warps,1977,1,0.061472
spark,150_10,1,9,gpu_warps,1978,1,0.159776
spark,150_10,1,9,gpu_warps,1979,1,0.163008
spark,150_10,1,9,gpu_warps,1980,1,0.063072
spark,150_10,1,9,gpu_warps,1981,1,0.056288
spark,150_10,1,9,gpu_warps,1982,1,0.158848
spark,150_10,1,9,gpu_warps,1983,1,0.148
spark,150_10,1,9,gpu_warps,1984,1,0.084384
spark,150_10,1,9,gpu_warps,1985,1,0.094336
spark,150_10,1,9,gpu_warps,1986,1,0.083072
spark,150_10,1,9,gpu_warps,1987,1,0.101664
spark,150_10,1,9,gpu_warps,1988,1,0.15504
spark,150_10,1,9,gpu_warps,1989,1,0.153376
spark,150_10,1,9,gpu_warps,1990,1,0.141984
spark,150_10,1,9,gpu_warps,1991,1,0.091232
spark,150_10,1,9,gpu_warps,1992,1,0.08528
spark,150_10,1,9,gpu_warps,1993,1,0.130432
spark,150_10,1,9,gpu_warps,1994,1,0.135328
spark,150_10,1,9,gpu_warps,1995,2,0.144
spark,150_10,1,9,gpu_warps,1996,2,0.156448
spark,150_10,1,9,gpu_warps,1997,2,0.105888
spark,150_10,1,9,gpu_warps,1998,1,0.045632
spark,150_10,1,9,gpu_warps,1999,1,0.121376
spark,150_10,1,9,gpu_warps,2000,1,0.140512
spark,150_10,1,9,gpu_warps,2001,1,0.045952
spark,150_10,1,9,gpu_warps,2002,1,0.140992
spark,150_10,1,9,gpu_warps,2003,1,0.045184
spark,150_10,1,9,gpu_warps,2004,1,0.161984
spark,150_10,1,9,gpu_warps,2005,1,0.101184
spark,150_10,1,9,gpu_warps,2006,1,0.130496
spark,150_10,1,9,gpu_warps,2007,1,0.090496
spark,150_10,1,9,gpu_warps,2008,1,0.146496
spark,150_10,1,9,gpu_warps,2009,1,0.162656
spark,150_10,1,9,gpu_warps,2010,1,0.129824
spark,150_10,1,9,gpu_warps,2011,1,0.1272
spark,150_10,1,9,gpu_warps,2012,1,0.141568
spark,150_10,1,9,gpu_warps,2013,1,0.133056
spark,150_10,1,9,gpu_warps,2014,1,0.100096
spark,150_10,1,9,gpu_warps,2015,1,0.074112
spark,150_10,1,9,gpu_warps,2016,1,0.055232
spark,150_10,1,9,gpu_warps,2017,1,0.09248
spark,150_10,1,9,gpu_warps,2018,1,0.09664
spark,150_10,1,9,gpu_warps,2019,1,0.118528
spark,150_10,1,9,gpu_warps,2020,1,0.110304
spark,150_10,1,9,gpu_warps,2021,1,0.095648
spark,150_10,1,9,gpu_warps,2022,1,0.130016
spark,150_10,1,9,gpu_warps,2023,1,0.159264
spark,150_10,1,9,gpu_warps,2024,1,0.02912
spark,150_10,1,9,gpu_warps,2025,1,0.09872
spark,150_10,1,9,gpu_warps,2026,1,0.03856
spark,150_10,1,9,gpu_warps,2027,1,0.102912
spark,150_10,1,9,gpu_warps,2028,1,0.082272
spark,150_10,1,9,gpu_warps,2029,1,0.115872
spark,150_10,1,9,gpu_warps,2030,1,0.151584
spark,150_10,1,9,gpu_warps,2031,1,0.0328
spark,150_10,1,9,gpu_warps,2032,1,0.157984
spark,150_10,1,9,gpu_warps,2033,1,0.025856
spark,150_10,1,9,gpu_warps,2034,1,0.160544
spark,150_10,1,9,gpu_warps,2035,1,0.126944
spark,150_10,1,9,gpu_warps,2036,1,0.0736
spark,150_10,1,9,gpu_warps,2037,1,0.15392
spark,150_10,1,9,gpu_warps,2038,1,0.11136
spark,150_10,1,9,gpu_warps,2039,1,0.1328
spark,150_10,1,9,gpu_warps,2040,1,0.160608
spark,150_10,1,9,gpu_warps,2041,1,0.095168
spark,150_10,1,9,gpu_warps,2042,1,0.09168
spark,150_10,1,9,gpu_warps,2043,1,0.125568
spark,150_10,1,9,gpu_warps,2044,1,0.143968
spark,150_10,1,9,gpu_warps,2045,1,0.100384
spark,150_10,1,9,gpu_warps,2046,1,0.05424
spark,150_10,1,9,gpu_warps,2047,1,0.058944
spark,150_10,1,9,gpu_warps,2048,1,0.068096
spark,150_10,1,9,gpu_warps,2049,1,0.089504
spark,150_10,1,9,gpu_warps,2050,1,0.024544
spark,150_10,1,9,gpu_warps,2051,1,0.053856
spark,150_10,1,9,gpu_warps,2052,1,0.035616
spark,150_10,1,9,gpu_warps,2053,1,0.080096
spark,150_10,1,9,gpu_warps,2054,1,0.103968
spark,150_10,1,9,gpu_warps,2055,1,0.067712
spark,150_10,1,9,gpu_warps,2056,1,0.082624
spark,150_10,1,9,gpu_warps,2057,1,0.0344
spark,150_10,1,9,gpu_warps,2058,1,0.08256
spark,150_10,1,9,gpu_warps,2059,1,0.079296
spark,150_10,1,9,gpu_warps,2060,1,0.159328
spark,150_10,1,9,gpu_warps,2061,1,0.064864
spark,150_10,1,9,gpu_warps,2062,1,0.053728
spark,150_10,1,9,gpu_warps,2063,1,0.117888
spark,150_10,1,9,gpu_warps,2064,1,0.128864
spark,150_10,1,9,gpu_warps,2065,1,0.128544
spark,150_10,1,9,gpu_warps,2066,1,0.140672
spark,150_10,1,9,gpu_warps,2067,1,0.10432
spark,150_10,1,9,gpu_warps,2068,1,0.045696
spark,150_10,1,9,gpu_warps,2069,1,0.159552
spark,150_10,1,9,gpu_warps,2070,1,0.125632
spark,150_10,1,9,gpu_warps,2071,1,0.143552
spark,150_10,1,9,gpu_warps,2072,1,0.145536
spark,150_10,1,9,gpu_warps,2073,2,0.128832
spark,150_10,1,9,gpu_warps,2074,2,0.162976
spark,150_10,1,9,gpu_warps,2075,2,0.13248
spark,150_10,1,9,gpu_warps,2076,1,0.149632
spark,150_10,1,9,gpu_warps,2077,1,0.155456
spark,150_10,1,9,gpu_warps,2078,1,0.133152
spark,150_10,1,9,gpu_warps,2079,1,0.150272
spark,150_10,1,9,gpu_warps,2080,1,0.059328
spark,150_10,1,9,gpu_warps,2081,1,0.088384
spark,150_10,1,9,gpu_warps,2082,1,0.070112
spark,150_10,1,9,gpu_warps,2083,1,0.071296
spark,150_10,1,9,gpu_warps,2084,1,0.122016
spark,150_10,1,9,gpu_warps,2085,1,0.123712
spark,150_10,1,9,gpu_warps,2086,1,0.132384
spark,150_10,1,9,gpu_warps,2087,1,0.08944
spark,150_10,1,9,gpu_warps,2088,1,0.0568
spark,150_10,1,9,gpu_warps,2089,1,0.119936
spark,150_10,1,9,gpu_warps,2090,1,0.042848
spark,150_10,1,9,gpu_warps,2091,1,0.02528
spark,150_10,1,9,gpu_warps,2092,1,0.139232
spark,150_10,1,9,gpu_warps,2093,1,0.034592
spark,150_10,1,9,gpu_warps,2094,1,0.035264
spark,150_10,1,9,gpu_warps,2095,1,0.113312
spark,150_10,1,9,gpu_warps,2096,1,0.141408
spark,150_10,1,9,gpu_warps,2097,1,0.05104
spark,150_10,1,9,gpu_warps,2098,1,0.159616
spark,150_10,1,9,gpu_warps,2099,1,0.159104
spark,150_10,1,9,gpu_warps,2100,1,0.154112
spark,150_10,1,9,gpu_warps,2101,2,0.13648
spark,150_10,1,9,gpu_warps,2102,1,0.083616
spark,150_10,1,9,gpu_warps,2103,1,0.077664
spark,150_10,1,9,gpu_warps,2104,1,0.075808
spark,150_10,1,9,gpu_warps,2105,1,0.071456
spark,150_10,1,9,gpu_warps,2106,1,0.138176
spark,150_10,1,9,gpu_warps,2107,1,0.062624
spark,150_10,1,9,gpu_warps,2108,1,0.119488
spark,150_10,1,9,gpu_warps,2109,1,0.154688
spark,150_10,1,9,gpu_warps,2110,1,0.133216
spark,150_10,1,9,gpu_warps,2111,1,0.109248
spark,150_10,1,9,gpu_warps,2112,1,0.091872
spark,150_10,1,9,gpu_warps,2113,1,0.144256
spark,150_10,1,9,gpu_warps,2114,1,0.156384
spark,150_10,1,9,gpu_warps,2115,1,0.11424
spark,150_10,1,9,gpu_warps,2116,1,0.117408
spark,150_10,1,9,gpu_warps,2117,1,0.074752
spark,150_10,1,9,gpu_warps,2118,1,0.157056
spark,150_10,1,9,gpu_warps,2119,1,0.14
spark,150_10,1,9,gpu_warps,2120,2,0.162144
spark,150_10,1,9,gpu_warps,2121,1,0.125824
spark,150_10,1,9,gpu_warps,2122,1,0.138624
spark,150_10,1,9,gpu_warps,2123,1,0.082496
spark,150_10,1,9,gpu_warps,2124,1,0.109856
spark,150_10,1,9,gpu_warps,2125,1,0.101536
spark,150_10,1,9,gpu_warps,2126,1,0.09216
spark,150_10,1,9,gpu_warps,2127,1,0.082816
spark,150_10,1,9,gpu_warps,2128,1,0.138368
spark,150_10,1,9,gpu_warps,2129,1,0.137504
spark,150_10,1,9,gpu_warps,2130,1,0.131328
spark,150_10,1,9,gpu_warps,2131,1,0.099616
spark,150_10,1,9,gpu_warps,2132,1,0.118496
spark,150_10,1,9,gpu_warps,2133,1,0.057952
spark,150_10,1,9,gpu_warps,2134,1,0.065056
spark,150_10,1,9,gpu_warps,2135,1,0.037408
spark,150_10,1,9,gpu_warps,2136,1,0.118848
spark,150_10,1,9,gpu_warps,2137,1,0.094112
spark,150_10,1,9,gpu_warps,2138,1,0.068576
spark,150_10,1,9,gpu_warps,2139,1,0.116576
spark,150_10,1,9,gpu_warps,2140,1,0.15072
spark,150_10,1,9,gpu_warps,2141,1,0.143424
spark,150_10,1,9,gpu_warps,2142,1,0.063712
spark,150_10,1,9,gpu_warps,2143,1,0.087776
spark,150_10,1,9,gpu_warps,2144,1,0.159328
spark,150_10,1,9,gpu_warps,2145,1,0.063456
spark,150_10,1,9,gpu_warps,2146,1,0.154816
spark,150_10,1,9,gpu_warps,2147,1,0.143264
spark,150_10,1,9,gpu_warps,2148,1,0.1208
spark,150_10,1,9,gpu_warps,2149,1,0.060256
spark,150_10,1,9,gpu_warps,2150,1,0.094016
spark,150_10,1,9,gpu_warps,2151,1,0.141216
spark,150_10,1,9,gpu_warps,2152,1,0.081344
spark,150_10,1,9,gpu_warps,2153,1,0.100416
spark,150_10,1,9,gpu_warps,2154,1,0.084928
spark,150_10,1,9,gpu_warps,2155,1,0.130784
spark,150_10,1,9,gpu_warps,2156,1,0.045504
spark,150_10,1,9,gpu_warps,2157,1,0.16064
spark,150_10,1,9,gpu_warps,2158,1,0.131776
spark,150_10,1,9,gpu_warps,2159,1,0.114048
spark,150_10,1,9,gpu_warps,2160,1,0.1248
spark,150_10,1,9,gpu_warps,2161,1,0.085248
spark,150_10,1,9,gpu_warps,2162,1,0.120992
spark,150_10,1,9,gpu_warps,2163,1,0.079136
spark,150_10,1,9,gpu_warps,2164,1,0.075552
spark,150_10,1,9,gpu_warps,2165,1,0.105824
spark,150_10,1,9,gpu_warps,2166,1,0.124704
spark,150_10,1,9,gpu_warps,2167,1,0.152128
spark,150_10,1,9,gpu_warps,2168,1,0.138688
spark,150_10,1,9,gpu_warps,2169,1,0.158272
spark,150_10,1,9,gpu_warps,2170,1,0.142976
spark,150_10,1,9,gpu_warps,2171,1,0.045184
spark,150_10,1,9,gpu_warps,2172,1,0.062944
spark,150_10,1,9,gpu_warps,2173,1,0.024992
spark,150_10,1,9,gpu_warps,2174,1,0.128
spark,150_10,1,9,gpu_warps,2175,1,0.061024
spark,150_10,1,9,gpu_warps,2176,1,0.15856
spark,150_10,1,9,gpu_warps,2177,1,0.065472
spark,150_10,1,9,gpu_warps,2178,1,0.023712
spark,150_10,1,9,gpu_warps,2179,1,0.025888
spark,150_10,1,9,gpu_warps,2180,1,0.06368
spark,150_10,1,9,gpu_warps,2181,1,0.032032
spark,150_10,1,9,gpu_warps,2182,1,0.100672
spark,150_10,1,9,gpu_warps,2183,1,0.10448
spark,150_10,1,9,gpu_warps,2184,1,0.146528
spark,150_10,1,9,gpu_warps,2185,1,0.161344
spark,150_10,1,9,gpu_warps,2186,1,0.03168
spark,150_10,1,9,gpu_warps,2187,1,0.140864
spark,150_10,1,9,gpu_warps,2188,1,0.127168
spark,150_10,1,9,gpu_warps,2189,1,0.062304
spark,150_10,1,9,gpu_warps,2190,1,0.151456
spark,150_10,1,9,gpu_warps,2191,1,0.09712
spark,150_10,1,9,gpu_warps,2192,1,0.064864
spark,150_10,1,9,gpu_warps,2193,1,0.146272
spark,150_10,1,9,gpu_warps,2194,1,0.117888
spark,150_10,1,9,gpu_warps,2195,1,0.126112
spark,150_10,1,9,gpu_warps,2196,1,0.15424
spark,150_10,1,9,gpu_warps,2197,1,0.100384
spark,150_10,1,9,gpu_warps,2198,1,0.035552
spark,150_10,1,9,gpu_warps,2199,1,0.065088
spark,150_10,1,9,gpu_warps,2200,1,0.060416
spark,150_10,1,9,gpu_warps,2201,1,0.088096
spark,150_10,1,9,gpu_warps,2202,1,0.118368
spark,150_10,1,9,gpu_warps,2203,1,0.143648
spark,150_10,1,9,gpu_warps,2204,1,0.102368
spark,150_10,1,9,gpu_warps,2205,1,0.083392
spark,150_10,1,9,gpu_warps,2206,1,0.1368
spark,150_10,1,9,gpu_warps,2207,1,0.154848
spark,150_10,1,9,gpu_warps,2208,1,0.122752
spark,150_10,1,9,gpu_warps,2209,1,0.13776
spark,150_10,1,9,gpu_warps,2210,1,0.10432
spark,150_10,1,9,gpu_warps,2211,1,0.068192
spark,150_10,1,9,gpu_warps,2212,1,0.099616
spark,150_10,1,9,gpu_warps,2213,1,0.058784
spark,150_10,1,9,gpu_warps,2214,1,0.061568
spark,150_10,1,9,gpu_warps,2215,1,0.132256
spark,150_10,1,9,gpu_warps,2216,1,0.154688
spark,150_10,1,9,gpu_warps,2217,1,0.13824
spark,150_10,1,9,gpu_warps,2218,1,0.088576
spark,150_10,1,9,gpu_warps,2219,1,0.050912
spark,150_10,1,9,gpu_warps,2220,1,0.15264
spark,150_10,1,9,gpu_warps,2221,1,0.099904
spark,150_10,1,9,gpu_warps,2222,1,0.045376
spark,150_10,1,9,gpu_warps,2223,1,0.027008
spark,150_10,1,9,gpu_warps,2224,1,0.142496
spark,150_10,1,9,gpu_warps,2225,1,0.06144
spark,150_10,1,9,gpu_warps,2226,1,0.095424
spark,150_10,1,9,gpu_warps,2227,1,0.086624
spark,150_10,1,9,gpu_warps,2228,1,0.118304
spark,150_10,1,9,gpu_warps,2229,1,0.13088
spark,150_10,1,9,gpu_warps,2230,1,0.05904
spark,150_10,1,9,gpu_warps,2231,1,0.065824
spark,150_10,1,9,gpu_warps,2232,1,0.135936
spark,150_10,1,9,gpu_warps,2233,1,0.044576
spark,150_10,1,9,gpu_warps,2234,1,0.11456
spark,150_10,1,9,gpu_warps,2235,1,0.099232
spark,150_10,1,9,gpu_warps,2236,1,0.11056
spark,150_10,1,9,gpu_warps,2237,1,0.068352
spark,150_10,1,9,gpu_warps,2238,1,0.15792
spark,150_10,1,9,gpu_warps,2239,1,0.047424
spark,150_10,1,9,gpu_warps,2240,1,0.145504
spark,150_10,1,9,gpu_warps,2241,1,0.111008
spark,150_10,1,9,gpu_warps,2242,1,0.063808
spark,150_10,1,9,gpu_warps,2243,1,0.056256
spark,150_10,1,9,gpu_warps,2244,1,0.109472
spark,150_10,1,9,gpu_warps,2245,1,0.143584
spark,150_10,1,9,gpu_warps,2246,1,0.062176
spark,150_10,1,9,gpu_warps,2247,1,0.129408
spark,150_10,1,9,gpu_warps,2248,1,0.108896
spark,150_10,1,9,gpu_warps,2249,1,0.106144
spark,150_10,1,9,gpu_warps,2250,1,0.092384
spark,150_10,1,9,gpu_warps,2251,1,0.071744
spark,150_10,1,9,gpu_warps,2252,1,0.110976
spark,150_10,1,9,gpu_warps,2253,1,0.14496
spark,150_10,1,9,gpu_warps,2254,1,0.15488
spark,150_10,1,9,gpu_warps,2255,1,0.087424
spark,150_10,1,9,gpu_warps,2256,1,0.105216
spark,150_10,1,9,gpu_warps,2257,1,0.035424
spark,150_10,1,9,gpu_warps,2258,1,0.089536
spark,150_10,1,9,gpu_warps,2259,1,0.107328
spark,150_10,1,9,gpu_warps,2260,1,0.107136
spark,150_10,1,9,gpu_warps,2261,1,0.13936
spark,150_10,1,9,gpu_warps,2262,1,0.161408
spark,150_10,1,9,gpu_warps,2263,1,0.061152
spark,150_10,1,9,gpu_warps,2264,1,0.129888
spark,150_10,1,9,gpu_warps,2265,1,0.072288
spark,150_10,1,9,gpu_warps,2266,1,0.13216
spark,150_10,1,9,gpu_warps,2267,1,0.080064
spark,150_10,1,9,gpu_warps,2268,1,0.08128
spark,150_10,1,9,gpu_warps,2269,1,0.077088
spark,150_10,1,9,gpu_warps,2270,1,0.154624
spark,150_10,1,9,gpu_warps,2271,1,0.052352
spark,150_10,1,9,gpu_warps,2272,1,0.097568
spark,150_10,1,9,gpu_warps,2273,1,0.035424
spark,150_10,1,9,gpu_warps,2274,1,0.076864
spark,150_10,1,9,gpu_warps,2275,1,0.14016
spark,150_10,1,9,gpu_warps,2276,1,0.12928
spark,150_10,1,9,gpu_warps,2277,1,0.098208
spark,150_10,1,9,gpu_warps,2278,1,0.128128
spark,150_10,1,9,gpu_warps,2279,1,0.091584
spark,150_10,1,9,gpu_warps,2280,1,0.048928
spark,150_10,1,9,gpu_warps,2281,1,0.031456
spark,150_10,1,9,gpu_warps,2282,1,0.144704
spark,150_10,1,9,gpu_warps,2283,1,0.148608
spark,150_10,1,9,gpu_warps,2284,1,0.10512
spark,150_10,1,9,gpu_warps,2285,1,0.124608
spark,150_10,1,9,gpu_warps,2286,1,0.137344
spark,150_10,1,9,gpu_warps,2287,1,0.08464
spark,150_10,1,9,gpu_warps,2288,1,0.153856
spark,150_10,1,9,gpu_warps,2289,1,0.159328
spark,150_10,1,9,gpu_warps,2290,1,0.024288
spark,150_10,1,9,gpu_warps,2291,1,0.152544
spark,150_10,1,9,gpu_warps,2292,1,0.114272
spark,150_10,1,9,gpu_warps,2293,1,0.083168
spark,150_10,1,9,gpu_warps,2294,1,0.070528
spark,150_10,1,9,gpu_warps,2295,1,0.128416
spark,150_10,1,9,gpu_warps,2296,1,0.041728
spark,150_10,1,9,gpu_warps,2297,1,0.131776
spark,150_10,1,9,gpu_warps,2298,1,0.161472
spark,150_10,1,9,gpu_warps,2299,1,0.129792
spark,150_10,1,9,gpu_warps,2300,1,0.135776
spark,150_10,1,9,gpu_warps,2301,1,0.160832
spark,150_10,1,9,gpu_warps,2302,1,0.1128
spark,150_10,1,9,gpu_warps,2303,1,0.024736
spark,150_10,1,9,gpu_warps,2304,1,0.07504
spark,150_10,1,9,gpu_warps,2305,1,0.108256
spark,150_10,1,9,gpu_warps,2306,1,0.129184
spark,150_10,1,9,gpu_warps,2307,1,0.099488
spark,150_10,1,9,gpu_warps,2308,1,0.15024
spark,150_10,1,9,gpu_warps,2309,1,0.164448
spark,150_10,1,9,gpu_warps,2310,1,0.111488
spark,150_10,1,9,gpu_warps,2311,1,0.13088
spark,150_10,1,9,gpu_warps,2312,1,0.116928
spark,150_10,1,9,gpu_warps,2313,1,0.152
spark,150_10,1,9,gpu_warps,2314,2,0.107072
spark,150_10,1,9,gpu_warps,2315,1,0.162528
spark,150_10,1,9,gpu_warps,2316,1,0.160448
spark,150_10,1,9,gpu_warps,2317,1,0.156224
spark,150_10,1,9,gpu_warps,2318,1,0.120128
spark,150_10,1,9,gpu_warps,2319,1,0.075456
spark,150_10,1,9,gpu_warps,2320,1,0.07968
spark,150_10,1,9,gpu_warps,2321,1,0.154176
spark,150_10,1,9,gpu_warps,2322,1,0.036704
spark,150_10,1,9,gpu_warps,2323,1,0.065184
spark,150_10,1,9,gpu_warps,2324,1,0.024224
spark,150_10,1,9,gpu_warps,2325,1,0.153024
spark,150_10,1,9,gpu_warps,2326,1,0.145952
spark,150_10,1,9,gpu_warps,2327,1,0.1184
spark,150_10,1,9,gpu_warps,2328,1,0.160256
spark,150_10,1,9,gpu_warps,2329,1,0.111936
spark,150_10,1,9,gpu_warps,2330,1,0.152192
spark,150_10,1,9,gpu_warps,2331,1,0.1576
spark,150_10,1,9,gpu_warps,2332,1,0.109792
spark,150_10,1,9,gpu_warps,2333,1,0.084704
spark,150_10,1,9,gpu_warps,2334,1,0.08112
spark,150_10,1,9,gpu_warps,2335,1,0.056768
spark,150_10,1,9,gpu_warps,2336,1,0.087296
spark,150_10,1,9,gpu_warps,2337,1,0.08352
spark,150_10,1,9,gpu_warps,2338,1,0.142048
spark,150_10,1,9,gpu_warps,2339,1,0.090176
spark,150_10,1,9,gpu_warps,2340,1,0.055136
spark,150_10,1,9,gpu_warps,2341,1,0.123744
spark,150_10,1,9,gpu_warps,2342,1,0.143488
spark,150_10,1,9,gpu_warps,2343,1,0.050144
spark,150_10,1,9,gpu_warps,2344,1,0.108192
spark,150_10,1,9,gpu_warps,2345,1,0.139392
spark,150_10,1,9,gpu_warps,2346,1,0.129248
spark,150_10,1,9,gpu_warps,2347,1,0.16256
spark,150_10,1,9,gpu_warps,2348,1,0.086944
spark,150_10,1,9,gpu_warps,2349,1,0.12112
spark,150_10,1,9,gpu_warps,2350,1,0.148608
spark,150_10,1,9,gpu_warps,2351,1,0.144512
spark,150_10,1,9,gpu_warps,2352,1,0.10544
spark,150_10,1,9,gpu_warps,2353,1,0.145536
spark,150_10,1,9,gpu_warps,2354,1,0.158816
spark,150_10,1,9,gpu_warps,2355,2,0.137344
spark,150_10,1,9,gpu_warps,2356,1,0.134912
spark,150_10,1,9,gpu_warps,2357,1,0.158944
spark,150_10,1,9,gpu_warps,2358,1,0.100576
spark,150_10,1,9,gpu_warps,2359,1,0.117088
spark,150_10,1,9,gpu_warps,2360,1,0.115104
spark,150_10,1,9,gpu_warps,2361,1,0.159872
spark,150_10,1,9,gpu_warps,2362,1,0.038144
spark,150_10,1,9,gpu_warps,2363,1,0.090976
spark,150_10,1,9,gpu_warps,2364,1,0.087616
spark,150_10,1,9,gpu_warps,2365,1,0.104096
spark,150_10,1,9,gpu_warps,2366,1,0.052512
spark,150_10,1,9,gpu_warps,2367,1,0.146144
spark,150_10,1,9,gpu_warps,2368,1,0.123552
spark,150_10,1,9,gpu_warps,2369,1,0.034464
spark,150_10,1,9,gpu_warps,2370,1,0.150208
spark,150_10,1,9,gpu_warps,2371,1,0.15056
spark,150_10,1,9,gpu_warps,2372,1,0.136608
spark,150_10,1,9,gpu_warps,2373,1,0.096384
spark,150_10,1,9,gpu_warps,2374,1,0.0864
spark,150_10,1,9,gpu_warps,2375,1,0.136096
spark,150_10,1,9,gpu_warps,2376,1,0.08848
spark,150_10,1,9,gpu_warps,2377,1,0.022496
spark,150_10,1,9,gpu_warps,2378,1,0.123808
spark,150_10,1,9,gpu_warps,2379,1,0.148736
spark,150_10,1,9,gpu_warps,2380,1,0.135552
spark,150_10,1,9,gpu_warps,2381,1,0.087648
spark,150_10,1,9,gpu_warps,2382,1,0.112672
spark,150_10,1,9,gpu_warps,2383,1,0.0288
spark,150_10,1,9,gpu_warps,2384,1,0.125344
spark,150_10,1,9,gpu_warps,2385,1,0.043232
spark,150_10,1,9,gpu_warps,2386,1,0.157856
spark,150_10,1,9,gpu_warps,2387,1,0.140704
spark,150_10,1,9,gpu_warps,2388,1,0.156608
spark,150_10,1,9,gpu_warps,2389,1,0.034976
spark,150_10,1,9,gpu_warps,2390,1,0.159584
spark,150_10,1,9,gpu_warps,2391,1,0.060544
spark,150_10,1,9,gpu_warps,2392,1,0.146752
spark,150_10,1,9,gpu_warps,2393,1,0.079264
spark,150_10,1,9,gpu_warps,2394,1,0.093536
spark,150_10,1,9,gpu_warps,2395,1,0.054304
spark,150_10,1,9,gpu_warps,2396,1,0.122016
spark,150_10,1,9,gpu_warps,2397,1,0.120032
spark,150_10,1,9,gpu_warps,2398,1,0.115936
spark,150_10,1,9,gpu_warps,2399,1,0.13536
spark,150_10,1,9,gpu_warps,2400,1,0.164544
spark,150_10,1,9,gpu_warps,2401,1,0.1384
spark,150_10,1,9,gpu_warps,2402,1,0.158752
spark,150_10,1,9,gpu_warps,2403,1,0.101952
spark,150_10,1,9,gpu_warps,2404,1,0.105728
spark,150_10,1,9,gpu_warps,2405,1,0.156864
spark,150_10,1,9,gpu_warps,2406,1,0.104992
spark,150_10,1,9,gpu_warps,2407,1,0.0632
spark,150_10,1,9,gpu_warps,2408,1,0.035968
spark,150_10,1,9,gpu_warps,2409,1,0.057184
spark,150_10,1,9,gpu_warps,2410,1,0.1352
spark,150_10,1,9,gpu_warps,2411,1,0.08032
spark,150_10,1,9,gpu_warps,2412,1,0.10608
spark,150_10,1,9,gpu_warps,2413,1,0.082048
spark,150_10,1,9,gpu_warps,2414,1,0.104544
spark,150_10,1,9,gpu_warps,2415,1,0.025216
spark,150_10,1,9,gpu_warps,2416,1,0.14112
spark,150_10,1,9,gpu_warps,2417,1,0.070016
spark,150_10,1,9,gpu_warps,2418,1,0.161536
spark,150_10,1,9,gpu_warps,2419,1,0.156896
spark,150_10,1,9,gpu_warps,2420,1,0.162528
spark,150_10,1,9,gpu_warps,2421,1,0.11104
spark,150_10,1,9,gpu_warps,2422,1,0.108704
spark,150_10,1,9,gpu_warps,2423,1,0.157312
spark,150_10,1,9,gpu_warps,2424,1,0.059808
spark,150_10,1,9,gpu_warps,2425,1,0.09584
spark,150_10,1,9,gpu_warps,2426,1,0.120512
spark,150_10,1,9,gpu_warps,2427,1,0.087968
spark,150_10,1,9,gpu_warps,2428,1,0.065024
spark,150_10,1,9,gpu_warps,2429,1,0.090848
spark,150_10,1,9,gpu_warps,2430,1,0.088256
spark,150_10,1,9,gpu_warps,2431,1,0.125504
spark,150_10,1,9,gpu_warps,2432,1,0.102368
spark,150_10,1,9,gpu_warps,2433,2,0.130592
spark,150_10,1,9,gpu_warps,2434,1,0.161152
spark,150_10,1,9,gpu_warps,2435,1,0.147136
spark,150_10,1,9,gpu_warps,2436,2,0.159872
spark,150_10,1,9,gpu_warps,2437,1,0.12656
spark,150_10,1,9,gpu_warps,2438,1,0.156864
spark,150_10,1,9,gpu_warps,2439,1,0.103456
spark,150_10,1,9,gpu_warps,2440,1,0.096672
spark,150_10,1,9,gpu_warps,2441,1,0.042464
spark,150_10,1,9,gpu_warps,2442,1,0.142496
spark,150_10,1,9,gpu_warps,2443,1,0.127328
spark,150_10,1,9,gpu_warps,2444,1,0.136768
spark,150_10,1,9,gpu_warps,2445,1,0.081664
spark,150_10,1,9,gpu_warps,2446,1,0.119328
spark,150_10,1,9,gpu_warps,2447,1,0.13696
spark,150_10,1,9,gpu_warps,2448,1,0.13248
spark,150_10,1,9,gpu_warps,2449,1,0.11696
spark,150_10,1,9,gpu_warps,2450,1,0.120064
spark,150_10,1,9,gpu_warps,2451,1,0.132288
spark,150_10,1,9,gpu_warps,2452,1,0.087808
spark,150_10,1,9,gpu_warps,2453,1,0.074656
spark,150_10,1,9,gpu_warps,2454,1,0.095136
spark,150_10,1,9,gpu_warps,2455,1,0.04976
spark,150_10,1,9,gpu_warps,2456,1,0.109888
spark,150_10,1,9,gpu_warps,2457,1,0.142048
spark,150_10,1,9,gpu_warps,2458,1,0.139136
spark,150_10,1,9,gpu_warps,2459,1,0.064768
spark,150_10,1,9,gpu_warps,2460,1,0.0752
spark,150_10,1,9,gpu_warps,2461,1,0.114272
spark,150_10,1,9,gpu_warps,2462,1,0.04528
spark,150_10,1,9,gpu_warps,2463,1,0.111712
spark,150_10,1,9,gpu_warps,2464,1,0.055712
spark,150_10,1,9,gpu_warps,2465,1,0.134624
spark,150_10,1,9,gpu_warps,2466,1,0.147872
spark,150_10,1,9,gpu_warps,2467,1,0.129888
spark,150_10,1,9,gpu_warps,2468,1,0.100704
spark,150_10,1,9,gpu_warps,2469,1,0.103616
spark,150_10,1,9,gpu_warps,2470,1,0.11376
spark,150_10,1,9,gpu_warps,2471,1,0.145792
spark,150_10,1,9,gpu_warps,2472,1,0.162816
spark,150_10,1,9,gpu_warps,2473,1,0.158112
spark,150_10,1,9,gpu_warps,2474,1,0.128864
spark,150_10,1,9,gpu_warps,2475,1,0.058112
spark,150_10,1,9,gpu_warps,2476,1,0.160992
spark,150_10,1,9,gpu_warps,2477,1,0.038336
spark,150_10,1,9,gpu_warps,2478,1,0.11456
spark,150_10,1,9,gpu_warps,2479,1,0.06944
spark,150_10,1,9,gpu_warps,2480,1,0.069152
spark,150_10,1,9,gpu_warps,2481,1,0.113696
spark,150_10,1,9,gpu_warps,2482,1,0.02752
spark,150_10,1,9,gpu_warps,2483,1,0.136608
spark,150_10,1,9,gpu_warps,2484,1,0.147776
spark,150_10,1,9,gpu_warps,2485,1,0.127552
spark,150_10,1,9,gpu_warps,2486,1,0.12304
spark,150_10,1,9,gpu_warps,2487,1,0.109856
spark,150_10,1,9,gpu_warps,2488,1,0.166304
spark,150_10,1,9,gpu_warps,2489,1,0.091328
spark,150_10,1,9,gpu_warps,2490,1,0.158112
spark,150_10,1,9,gpu_warps,2491,1,0.05456
spark,150_10,1,9,gpu_warps,2492,1,0.10384
spark,150_10,1,9,gpu_warps,2493,1,0.088128
spark,150_10,1,9,gpu_warps,2494,1,0.123872
spark,150_10,1,9,gpu_warps,2495,2,0.132064
spark,150_10,1,9,gpu_warps,2496,2,0.133952
spark,150_10,1,9,gpu_warps,2497,1,0.10576
spark,150_10,1,9,gpu_warps,2498,1,0.065184
spark,150_10,1,9,gpu_warps,2499,1,0.159168
spark,150_10,1,9,gpu_warps,2500,1,0.101312
spark,150_10,1,9,gpu_warps,2501,1,0.060032
spark,150_10,1,9,gpu_warps,2502,1,0.167808
spark,150_10,1,9,gpu_warps,2503,1,0.063008
spark,150_10,1,9,gpu_warps,2504,1,0.052448
spark,150_10,1,9,gpu_warps,2505,1,0.11648
spark,150_10,1,9,gpu_warps,2506,1,0.136192
spark,150_10,1,9,gpu_warps,2507,1,0.132736
spark,150_10,1,9,gpu_warps,2508,1,0.1496
spark,150_10,1,9,gpu_warps,2509,1,0.066176
spark,150_10,1,9,gpu_warps,2510,1,0.155712
spark,150_10,1,9,gpu_warps,2511,1,0.082112
spark,150_10,1,9,gpu_warps,2512,1,0.120224
spark,150_10,1,9,gpu_warps,2513,1,0.050336
spark,150_10,1,9,gpu_warps,2514,1,0.04256
spark,150_10,1,9,gpu_warps,2515,1,0.090528
spark,150_10,1,9,gpu_warps,2516,1,0.157856
spark,150_10,1,9,gpu_warps,2517,2,0.15376
spark,150_10,1,9,gpu_warps,2518,2,0.14176
spark,150_10,1,9,gpu_warps,2519,1,0.1152
spark,150_10,1,9,gpu_warps,2520,1,0.0896
spark,150_10,1,9,gpu_warps,2521,1,0.126848
spark,150_10,1,9,gpu_warps,2522,1,0.1584
spark,150_10,1,9,gpu_warps,2523,1,0.034784
spark,150_10,1,9,gpu_warps,2524,1,0.15744
spark,150_10,1,9,gpu_warps,2525,1,0.124288
spark,150_10,1,9,gpu_warps,2526,1,0.156896
spark,150_10,1,9,gpu_warps,2527,1,0.082496
spark,150_10,1,9,gpu_warps,2528,1,0.140672
spark,150_10,1,9,gpu_warps,2529,1,0.144288
spark,150_10,1,9,gpu_warps,2530,1,0.085344
spark,150_10,1,9,gpu_warps,2531,1,0.1344
spark,150_10,1,9,gpu_warps,2532,1,0.125024
spark,150_10,1,9,gpu_warps,2533,1,0.088928
spark,150_10,1,9,gpu_warps,2534,1,0.043264
spark,150_10,1,9,gpu_warps,2535,1,0.034336
spark,150_10,1,9,gpu_warps,2536,1,0.033888
spark,150_10,1,9,gpu_warps,2537,1,0.08992
spark,150_10,1,9,gpu_warps,2538,1,0.132352
spark,150_10,1,9,gpu_warps,2539,1,0.154784
spark,150_10,1,9,gpu_warps,2540,1,0.051744
spark,150_10,1,9,gpu_warps,2541,1,0.15808
spark,150_10,1,9,gpu_warps,2542,1,0.106624
spark,150_10,1,9,gpu_warps,2543,1,0.124352
spark,150_10,1,9,gpu_warps,2544,1,0.078368
spark,150_10,1,9,gpu_warps,2545,1,0.134016
spark,150_10,1,9,gpu_warps,2546,1,0.127328
spark,150_10,1,9,gpu_warps,2547,1,0.072256
spark,150_10,1,9,gpu_warps,2548,1,0.162944
spark,150_10,1,9,gpu_warps,2549,1,0.064032
spark,150_10,1,9,gpu_warps,2550,1,0.03472
spark,150_10,1,9,gpu_warps,2551,1,0.133376
spark,150_10,1,9,gpu_warps,2552,1,0.065952
spark,150_10,1,9,gpu_warps,2553,1,0.126784
spark,150_10,1,9,gpu_warps,2554,1,0.150304
spark,150_10,1,9,gpu_warps,2555,1,0.045952
spark,150_10,1,9,gpu_warps,2556,1,0.086912
spark,150_10,1,9,gpu_warps,2557,1,0.067392
spark,150_10,1,9,gpu_warps,2558,1,0.080384
spark,150_10,1,9,gpu_warps,2559,1,0.116928
spark,150_10,1,9,gpu_warps,2560,1,0.0424
spark,150_10,1,9,gpu_warps,2561,1,0.129664
spark,150_10,1,9,gpu_warps,2562,1,0.042624
spark,150_10,1,9,gpu_warps,2563,1,0.129248
spark,150_10,1,9,gpu_warps,2564,1,0.148416
spark,150_10,1,9,gpu_warps,2565,1,0.146784
spark,150_10,1,9,gpu_warps,2566,1,0.1408
spark,150_10,1,9,gpu_warps,2567,1,0.150848
spark,150_10,1,9,gpu_warps,2568,1,0.157088
spark,150_10,1,9,gpu_warps,2569,1,0.055008
spark,150_10,1,9,gpu_warps,2570,1,0.10256
spark,150_10,1,9,gpu_warps,2571,1,0.10928
spark,150_10,1,9,gpu_warps,2572,1,0.136384
spark,150_10,1,9,gpu_warps,2573,1,0.149952
spark,150_10,1,9,gpu_warps,2574,1,0.151648
spark,150_10,1,9,gpu_warps,2575,1,0.118752
spark,150_10,1,9,gpu_warps,2576,1,0.118656
spark,150_10,1,9,gpu_warps,2577,1,0.036928
spark,150_10,1,9,gpu_warps,2578,1,0.037152
spark,150_10,1,9,gpu_warps,2579,1,0.077888
spark,150_10,1,9,gpu_warps,2580,1,0.030688
spark,150_10,1,9,gpu_warps,2581,1,0.14
spark,150_10,1,9,gpu_warps,2582,1,0.130848
spark,150_10,1,9,gpu_warps,2583,1,0.09728
spark,150_10,1,9,gpu_warps,2584,1,0.090944
spark,150_10,1,9,gpu_warps,2585,1,0.145184
spark,150_10,1,9,gpu_warps,2586,1,0.144544
spark,150_10,1,9,gpu_warps,2587,1,0.145088
spark,150_10,1,9,gpu_warps,2588,1,0.071872
spark,150_10,1,9,gpu_warps,2589,1,0.056544
spark,150_10,1,9,gpu_warps,2590,1,0.097248
spark,150_10,1,9,gpu_warps,2591,1,0.166208
spark,150_10,1,9,gpu_warps,2592,1,0.046368
spark,150_10,1,9,gpu_warps,2593,1,0.113824
spark,150_10,1,9,gpu_warps,2594,1,0.128
spark,150_10,1,9,gpu_warps,2595,1,0.125696
spark,150_10,1,9,gpu_warps,2596,1,0.050464
spark,150_10,1,9,gpu_warps,2597,1,0.038336
spark,150_10,1,9,gpu_warps,2598,1,0.049312
spark,150_10,1,9,gpu_warps,2599,1,0.13744
spark,150_10,1,9,gpu_warps,2600,1,0.14112
spark,150_10,1,9,gpu_warps,2601,1,0.148448
spark,150_10,1,9,gpu_warps,2602,1,0.13312
spark,150_10,1,9,gpu_warps,2603,1,0.109184
spark,150_10,1,9,gpu_warps,2604,1,0.162528
spark,150_10,1,9,gpu_warps,2605,1,0.090976
spark,150_10,1,9,gpu_warps,2606,1,0.05664
spark,150_10,1,9,gpu_warps,2607,1,0.056512
spark,150_10,1,9,gpu_warps,2608,1,0.119168
spark,150_10,1,9,gpu_warps,2609,1,0.02912
spark,150_10,1,9,gpu_warps,2610,1,0.087328
spark,150_10,1,9,gpu_warps,2611,1,0.096896
spark,150_10,1,9,gpu_warps,2612,1,0.091296
spark,150_10,1,9,gpu_warps,2613,1,0.076128
spark,150_10,1,9,gpu_warps,2614,1,0.152352
spark,150_10,1,9,gpu_warps,2615,1,0.157312
spark,150_10,1,9,gpu_warps,2616,1,0.139424
spark,150_10,1,9,gpu_warps,2617,1,0.121152
spark,150_10,1,9,gpu_warps,2618,1,0.146848
spark,150_10,1,9,gpu_warps,2619,1,0.063552
spark,150_10,1,9,gpu_warps,2620,1,0.06496
spark,150_10,1,9,gpu_warps,2621,1,0.146688
spark,150_10,1,9,gpu_warps,2622,1,0.078816
spark,150_10,1,9,gpu_warps,2623,1,0.089824
spark,150_10,1,9,gpu_warps,2624,1,0.107488
spark,150_10,1,9,gpu_warps,2625,1,0.149344
spark,150_10,1,9,gpu_warps,2626,1,0.076832
spark,150_10,1,9,gpu_warps,2627,1,0.097696
spark,150_10,1,9,gpu_warps,2628,1,0.02912
spark,150_10,1,9,gpu_warps,2629,1,0.03536
spark,150_10,1,9,gpu_warps,2630,1,0.112448
spark,150_10,1,9,gpu_warps,2631,1,0.158016
spark,150_10,1,9,gpu_warps,2632,1,0.14944
spark,150_10,1,9,gpu_warps,2633,1,0.148704
spark,150_10,1,9,gpu_warps,2634,1,0.146752
spark,150_10,1,9,gpu_warps,2635,1,0.131584
spark,150_10,1,9,gpu_warps,2636,1,0.130784
spark,150_10,1,9,gpu_warps,2637,1,0.088608
spark,150_10,1,9,gpu_warps,2638,1,0.150048
spark,150_10,1,9,gpu_warps,2639,1,0.116416
spark,150_10,1,9,gpu_warps,2640,2,0.090528
spark,150_10,1,9,gpu_warps,2641,1,0.107872
spark,150_10,1,9,gpu_warps,2642,1,0.090336
spark,150_10,1,9,gpu_warps,2643,1,0.136992
spark,150_10,1,9,gpu_warps,2644,1,0.093056
spark,150_10,1,9,gpu_warps,2645,1,0.104736
spark,150_10,1,9,gpu_warps,2646,1,0.068352
spark,150_10,1,9,gpu_warps,2647,1,0.102048
spark,150_10,1,9,gpu_warps,2648,1,0.027776
spark,150_10,1,9,gpu_warps,2649,1,0.062848
spark,150_10,1,9,gpu_warps,2650,1,0.112352
spark,150_10,1,9,gpu_warps,2651,1,0.144128
spark,150_10,1,9,gpu_warps,2652,1,0.150496
spark,150_10,1,9,gpu_warps,2653,1,0.119232
spark,150_10,1,9,gpu_warps,2654,1,0.161664
spark,150_10,1,9,gpu_warps,2655,1,0.074176
spark,150_10,1,9,gpu_warps,2656,1,0.100224
spark,150_10,1,9,gpu_warps,2657,1,0.0448
spark,150_10,1,9,gpu_warps,2658,1,0.088096
spark,150_10,1,9,gpu_warps,2659,1,0.129216
spark,150_10,1,9,gpu_warps,2660,1,0.112768
spark,150_10,1,9,gpu_warps,2661,1,0.142048
spark,150_10,1,9,gpu_warps,2662,1,0.111936
spark,150_10,1,9,gpu_warps,2663,1,0.137184
spark,150_10,1,9,gpu_warps,2664,1,0.156512
spark,150_10,1,9,gpu_warps,2665,1,0.165056
spark,150_10,1,9,gpu_warps,2666,1,0.084384
spark,150_10,1,9,gpu_warps,2667,1,0.107712
spark,150_10,1,9,gpu_warps,2668,1,0.11584
spark,150_10,1,9,gpu_warps,2669,1,0.07232
spark,150_10,1,9,gpu_warps,2670,1,0.152128
spark,150_10,1,9,gpu_warps,2671,1,0.096288
spark,150_10,1,9,gpu_warps,2672,1,0.033472
spark,150_10,1,9,gpu_warps,2673,1,0.090688
spark,150_10,1,9,gpu_warps,2674,1,0.099456
spark,150_10,1,9,gpu_warps,2675,1,0.060064
spark,150_10,1,9,gpu_warps,2676,1,0.14208
spark,150_10,1,9,gpu_warps,2677,1,0.143264
spark,150_10,1,9,gpu_warps,2678,1,0.069184
spark,150_10,1,9,gpu_warps,2679,1,0.065088
spark,150_10,1,9,gpu_warps,2680,1,0.053696
spark,150_10,1,9,gpu_warps,2681,1,0.051648
spark,150_10,1,9,gpu_warps,2682,1,0.093536
spark,150_10,1,9,gpu_warps,2683,1,0.158976
spark,150_10,1,9,gpu_warps,2684,1,0.148224
spark,150_10,1,9,gpu_warps,2685,1,0.071936
spark,150_10,1,9,gpu_warps,2686,1,0.090464
spark,150_10,1,9,gpu_warps,2687,1,0.103808
spark,150_10,1,9,gpu_warps,2688,1,0.072672
spark,150_10,1,9,gpu_warps,2689,1,0.095808
spark,150_10,1,9,gpu_warps,2690,1,0.149216
spark,150_10,1,9,gpu_warps,2691,1,0.151648
spark,150_10,1,9,gpu_warps,2692,1,0.047488
spark,150_10,1,9,gpu_warps,2693,1,0.027392
spark,150_10,1,9,gpu_warps,2694,1,0.091712
spark,150_10,1,9,gpu_warps,2695,1,0.049088
spark,150_10,1,9,gpu_warps,2696,1,0.15344
spark,150_10,1,9,gpu_warps,2697,1,0.091744
spark,150_10,1,9,gpu_warps,2698,1,0.146208
spark,150_10,1,9,gpu_warps,2699,1,0.130976
spark,150_10,1,9,gpu_warps,2700,1,0.149632
spark,150_10,1,9,gpu_warps,2701,1,0.138144
spark,150_10,1,9,gpu_warps,2702,1,0.147584
spark,150_10,1,9,gpu_warps,2703,1,0.16
spark,150_10,1,9,gpu_warps,2704,1,0.133568
spark,150_10,1,9,gpu_warps,2705,1,0.113472
spark,150_10,1,9,gpu_warps,2706,1,0.141536
spark,150_10,1,9,gpu_warps,2707,1,0.092256
spark,150_10,1,9,gpu_warps,2708,1,0.12704
spark,150_10,1,9,gpu_warps,2709,1,0.114528
spark,150_10,1,9,gpu_warps,2710,1,0.115648
spark,150_10,1,9,gpu_warps,2711,2,0.144512
spark,150_10,1,9,gpu_warps,2712,1,0.163104
spark,150_10,1,9,gpu_warps,2713,1,0.031456
spark,150_10,1,9,gpu_warps,2714,1,0.147584
spark,150_10,1,9,gpu_warps,2715,1,0.15488
spark,150_10,1,9,gpu_warps,2716,1,0.14736
spark,150_10,1,9,gpu_warps,2717,2,0.162304
spark,150_10,1,9,gpu_warps,2718,1,0.105856
spark,150_10,1,9,gpu_warps,2719,1,0.085344
spark,150_10,1,9,gpu_warps,2720,1,0.133824
spark,150_10,1,9,gpu_warps,2721,1,0.125472
spark,150_10,1,9,gpu_warps,2722,1,0.063264
spark,150_10,1,9,gpu_warps,2723,1,0.16448
spark,150_10,1,9,gpu_warps,2724,1,0.068608
spark,150_10,1,9,gpu_warps,2725,1,0.13984
spark,150_10,1,9,gpu_warps,2726,1,0.114752
spark,150_10,1,9,gpu_warps,2727,1,0.09184
spark,150_10,1,9,gpu_warps,2728,1,0.162688
spark,150_10,1,9,gpu_warps,2729,1,0.15824
spark,150_10,1,9,gpu_warps,2730,1,0.088896
spark,150_10,1,9,gpu_warps,2731,1,0.070144
spark,150_10,1,9,gpu_warps,2732,1,0.025984
spark,150_10,1,9,gpu_warps,2733,1,0.157824
spark,150_10,1,9,gpu_warps,2734,1,0.121504
spark,150_10,1,9,gpu_warps,2735,1,0.165088
spark,150_10,1,9,gpu_warps,2736,1,0.126304
spark,150_10,1,9,gpu_warps,2737,1,0.060288
spark,150_10,1,9,gpu_warps,2738,1,0.09776
spark,150_10,1,9,gpu_warps,2739,1,0.10768
spark,150_10,1,9,gpu_warps,2740,1,0.04944
spark,150_10,1,9,gpu_warps,2741,1,0.023104
spark,150_10,1,9,gpu_warps,2742,1,0.140576
spark,150_10,1,9,gpu_warps,2743,1,0.146272
spark,150_10,1,9,gpu_warps,2744,2,0.129184
spark,150_10,1,9,gpu_warps,2745,2,0.121152
spark,150_10,1,9,gpu_warps,2746,1,0.115872
spark,150_10,1,9,gpu_warps,2747,1,0.118144
spark,150_10,1,9,gpu_warps,2748,1,0.025856
spark,150_10,1,9,gpu_warps,2749,1,0.11424
spark,150_10,1,9,gpu_warps,2750,1,0.082432
spark,150_10,1,9,gpu_warps,2751,1,0.114592
spark,150_10,1,9,gpu_warps,2752,1,0.088992
spark,150_10,1,9,gpu_warps,2753,1,0.05728
spark,150_10,1,9,gpu_warps,2754,1,0.098816
spark,150_10,1,9,gpu_warps,2755,1,0.059328
spark,150_10,1,9,gpu_warps,2756,1,0.027392
spark,150_10,1,9,gpu_warps,2757,1,0.07152
spark,150_10,1,9,gpu_warps,2758,1,0.066112
spark,150_10,1,9,gpu_warps,2759,1,0.071584
spark,150_10,1,9,gpu_warps,2760,1,0.052928
spark,150_10,1,9,gpu_warps,2761,1,0.162208
spark,150_10,1,9,gpu_warps,2762,1,0.124096
spark,150_10,1,9,gpu_warps,2763,1,0.139424
spark,150_10,1,9,gpu_warps,2764,1,0.161888
spark,150_10,1,9,gpu_warps,2765,1,0.077696
spark,150_10,1,9,gpu_warps,2766,1,0.148608
spark,150_10,1,9,gpu_warps,2767,1,0.168064
spark,150_10,1,9,gpu_warps,2768,1,0.053344
spark,150_10,1,9,gpu_warps,2769,1,0.116896
spark,150_10,1,9,gpu_warps,2770,1,0.147904
spark,150_10,1,9,gpu_warps,2771,1,0.133952
spark,150_10,1,9,gpu_warps,2772,1,0.110112
spark,150_10,1,9,gpu_warps,2773,1,0.129248
spark,150_10,1,9,gpu_warps,2774,1,0.11568
spark,150_10,1,9,gpu_warps,2775,1,0.13104
spark,150_10,1,9,gpu_warps,2776,1,0.084192
spark,150_10,1,9,gpu_warps,2777,1,0.10592
spark,150_10,1,9,gpu_warps,2778,1,0.146816
spark,150_10,1,9,gpu_warps,2779,1,0.163968
spark,150_10,1,9,gpu_warps,2780,1,0.079744
spark,150_10,1,9,gpu_warps,2781,1,0.04752
spark,150_10,1,9,gpu_warps,2782,1,0.036288
spark,150_10,1,9,gpu_warps,2783,1,0.066784
spark,150_10,1,9,gpu_warps,2784,1,0.15264
spark,150_10,1,9,gpu_warps,2785,1,0.1328
spark,150_10,1,9,gpu_warps,2786,1,0.089664
spark,150_10,1,9,gpu_warps,2787,1,0.16416
spark,150_10,1,9,gpu_warps,2788,1,0.035776
spark,150_10,1,9,gpu_warps,2789,1,0.074944
spark,150_10,1,9,gpu_warps,2790,1,0.079328
spark,150_10,1,9,gpu_warps,2791,1,0.11488
spark,150_10,1,9,gpu_warps,2792,1,0.138208
spark,150_10,1,9,gpu_warps,2793,1,0.099808
spark,150_10,1,9,gpu_warps,2794,1,0.077568
spark,150_10,1,9,gpu_warps,2795,1,0.065888
spark,150_10,1,9,gpu_warps,2796,1,0.155936
spark,150_10,1,9,gpu_warps,2797,1,0.142976
spark,150_10,1,9,gpu_warps,2798,1,0.161248
spark,150_10,1,9,gpu_warps,2799,1,0.094368
spark,150_10,1,9,gpu_warps,2800,1,0.070016
spark,150_10,1,9,gpu_warps,2801,1,0.136832
spark,150_10,1,9,gpu_warps,2802,1,0.160032
spark,150_10,1,9,gpu_warps,2803,1,0.127424
spark,150_10,1,9,gpu_warps,2804,1,0.135392
spark,150_10,1,9,gpu_warps,2805,1,0.097216
spark,150_10,1,9,gpu_warps,2806,1,0.149536
spark,150_10,1,9,gpu_warps,2807,1,0.08944
spark,150_10,1,9,gpu_warps,2808,1,0.130208
spark,150_10,1,9,gpu_warps,2809,1,0.15264
spark,150_10,1,9,gpu_warps,2810,1,0.139936
spark,150_10,1,9,gpu_warps,2811,1,0.050592
spark,150_10,1,9,gpu_warps,2812,1,0.066752
spark,150_10,1,9,gpu_warps,2813,1,0.055008
spark,150_10,1,9,gpu_warps,2814,1,0.143808
spark,150_10,1,9,gpu_warps,2815,1,0.15376
spark,150_10,1,9,gpu_warps,2816,1,0.097408
spark,150_10,1,9,gpu_warps,2817,1,0.10016
spark,150_10,1,9,gpu_warps,2818,1,0.159328
spark,150_10,1,9,gpu_warps,2819,1,0.050656
spark,150_10,1,9,gpu_warps,2820,1,0.082176
spark,150_10,1,9,gpu_warps,2821,1,0.100928
spark,150_10,1,9,gpu_warps,2822,1,0.112384
spark,150_10,1,9,gpu_warps,2823,1,0.156192
spark,150_10,1,9,gpu_warps,2824,1,0.106848
spark,150_10,1,9,gpu_warps,2825,1,0.13584
spark,150_10,1,9,gpu_warps,2826,1,0.067776
spark,150_10,1,9,gpu_warps,2827,1,0.088128
spark,150_10,1,9,gpu_warps,2828,1,0.03536
spark,150_10,1,9,gpu_warps,2829,1,0.14176
spark,150_10,1,9,gpu_warps,2830,1,0.1256
spark,150_10,1,9,gpu_warps,2831,1,0.11904
spark,150_10,1,9,gpu_warps,2832,1,0.09664
spark,150_10,1,9,gpu_warps,2833,1,0.035296
spark,150_10,1,9,gpu_warps,2834,1,0.085152
spark,150_10,1,9,gpu_warps,2835,1,0.05056
spark,150_10,1,9,gpu_warps,2836,1,0.138496
spark,150_10,1,9,gpu_warps,2837,1,0.05664
spark,150_10,1,9,gpu_warps,2838,1,0.04608
spark,150_10,1,9,gpu_warps,2839,1,0.150848
spark,150_10,1,9,gpu_warps,2840,1,0.158432
spark,150_10,1,9,gpu_warps,2841,1,0.117056
spark,150_10,1,9,gpu_warps,2842,1,0.15472
spark,150_10,1,9,gpu_warps,2843,1,0.057408
spark,150_10,1,9,gpu_warps,2844,1,0.056
spark,150_10,1,9,gpu_warps,2845,1,0.02656
spark,150_10,1,9,gpu_warps,2846,1,0.1168
spark,150_10,1,9,gpu_warps,2847,1,0.128128
spark,150_10,1,9,gpu_warps,2848,1,0.085504
spark,150_10,1,9,gpu_warps,2849,1,0.066752
spark,150_10,1,9,gpu_warps,2850,1,0.113056
spark,150_10,1,9,gpu_warps,2851,1,0.029248
spark,150_10,1,9,gpu_warps,2852,1,0.157216
spark,150_10,1,9,gpu_warps,2853,1,0.15872
spark,150_10,1,9,gpu_warps,2854,1,0.096096
spark,150_10,1,9,gpu_warps,2855,1,0.144928
spark,150_10,1,9,gpu_warps,2856,1,0.044992
spark,150_10,1,9,gpu_warps,2857,1,0.15872
spark,150_10,1,9,gpu_warps,2858,1,0.130336
spark,150_10,1,9,gpu_warps,2859,1,0.157056
spark,150_10,1,9,gpu_warps,2860,1,0.142912
spark,150_10,1,9,gpu_warps,2861,1,0.110272
spark,150_10,1,9,gpu_warps,2862,1,0.112384
spark,150_10,1,9,gpu_warps,2863,1,0.13104
spark,150_10,1,9,gpu_warps,2864,1,0.153248
spark,150_10,1,9,gpu_warps,2865,1,0.085184
spark,150_10,1,9,gpu_warps,2866,1,0.060256
spark,150_10,1,9,gpu_warps,2867,1,0.148288
spark,150_10,1,9,gpu_warps,2868,1,0.160864
spark,150_10,1,9,gpu_warps,2869,1,0.145568
spark,150_10,1,9,gpu_warps,2870,1,0.163488
spark,150_10,1,9,gpu_warps,2871,1,0.157088
spark,150_10,1,9,gpu_warps,2872,1,0.038016
spark,150_10,1,9,gpu_warps,2873,1,0.0448
spark,150_10,1,9,gpu_warps,2874,1,0.148832
spark,150_10,1,9,gpu_warps,2875,1,0.121536
spark,150_10,1,9,gpu_warps,2876,1,0.141696
spark,150_10,1,9,gpu_warps,2877,1,0.096096
spark,150_10,1,9,gpu_warps,2878,2,0.116448
spark,150_10,1,9,gpu_warps,2879,1,0.151264
spark,150_10,1,9,gpu_warps,2880,1,0.027904
spark,150_10,1,9,gpu_warps,2881,1,0.054624
spark,150_10,1,9,gpu_warps,2882,1,0.078688
spark,150_10,1,9,gpu_warps,2883,1,0.095936
spark,150_10,1,9,gpu_warps,2884,1,0.125024
spark,150_10,1,9,gpu_warps,2885,1,0.05056
spark,150_10,1,9,gpu_warps,2886,1,0.08544
spark,150_10,1,9,gpu_warps,2887,1,0.146688
spark,150_10,1,9,gpu_warps,2888,1,0.037472
spark,150_10,1,9,gpu_warps,2889,1,0.136512
spark,150_10,1,9,gpu_warps,2890,1,0.073888
spark,150_10,1,9,gpu_warps,2891,1,0.106304
spark,150_10,1,9,gpu_warps,2892,1,0.08704
spark,150_10,1,9,gpu_warps,2893,1,0.106528
spark,150_10,1,9,gpu_warps,2894,1,0.151264
spark,150_10,1,9,gpu_warps,2895,1,0.149568
spark,150_10,1,9,gpu_warps,2896,1,0.165312
spark,150_10,1,9,gpu_warps,2897,1,0.108896
spark,150_10,1,9,gpu_warps,2898,1,0.138144
spark,150_10,1,9,gpu_warps,2899,1,0.158752
spark,150_10,1,9,gpu_warps,2900,1,0.116992
spark,150_10,1,9,gpu_warps,2901,1,0.026432
spark,150_10,1,9,gpu_warps,2902,1,0.147328
spark,150_10,1,9,gpu_warps,2903,1,0.060032
spark,150_10,1,9,gpu_warps,2904,1,0.05904
spark,150_10,1,9,gpu_warps,2905,1,0.120576
spark,150_10,1,9,gpu_warps,2906,1,0.144928
spark,150_10,1,9,gpu_warps,2907,1,0.163264
spark,150_10,1,9,gpu_warps,2908,1,0.146304
spark,150_10,1,9,gpu_warps,2909,1,0.130848
spark,150_10,1,9,gpu_warps,2910,1,0.062656
spark,150_10,1,9,gpu_warps,2911,1,0.091968
spark,150_10,1,9,gpu_warps,2912,1,0.090528
spark,150_10,1,9,gpu_warps,2913,1,0.100512
spark,150_10,1,9,gpu_warps,2914,1,0.131744
spark,150_10,1,9,gpu_warps,2915,1,0.135552
spark,150_10,1,9,gpu_warps,2916,1,0.045312
spark,150_10,1,9,gpu_warps,2917,1,0.112352
spark,150_10,1,9,gpu_warps,2918,1,0.029632
spark,150_10,1,9,gpu_warps,2919,1,0.10576
spark,150_10,1,9,gpu_warps,2920,1,0.054784
spark,150_10,1,9,gpu_warps,2921,1,0.05952
spark,150_10,1,9,gpu_warps,2922,1,0.127264
spark,150_10,1,9,gpu_warps,2923,1,0.161344
spark,150_10,1,9,gpu_warps,2924,1,0.145088
spark,150_10,1,9,gpu_warps,2925,1,0.129184
spark,150_10,1,9,gpu_warps,2926,1,0.16624
spark,150_10,1,9,gpu_warps,2927,1,0.152768
spark,150_10,1,9,gpu_warps,2928,1,0.031136
spark,150_10,1,9,gpu_warps,2929,1,0.12992
spark,150_10,1,9,gpu_warps,2930,1,0.162112
spark,150_10,1,9,gpu_warps,2931,1,0.13664
spark,150_10,1,9,gpu_warps,2932,1,0.164608
spark,150_10,1,9,gpu_warps,2933,1,0.115936
spark,150_10,1,9,gpu_warps,2934,1,0.076192
spark,150_10,1,9,gpu_warps,2935,1,0.065856
spark,150_10,1,9,gpu_warps,2936,1,0.14672
spark,150_10,1,9,gpu_warps,2937,1,0.119104
spark,150_10,1,9,gpu_warps,2938,1,0.095392
spark,150_10,1,9,gpu_warps,2939,1,0.154496
spark,150_10,1,9,gpu_warps,2940,1,0.152768
spark,150_10,1,9,gpu_warps,2941,1,0.079616
spark,150_10,1,9,gpu_warps,2942,1,0.07248
spark,150_10,1,9,gpu_warps,2943,1,0.038688
spark,150_10,1,9,gpu_warps,2944,1,0.106272
spark,150_10,1,9,gpu_warps,2945,1,0.122816
spark,150_10,1,9,gpu_warps,2946,1,0.159072
spark,150_10,1,9,gpu_warps,2947,1,0.155936
spark,150_10,1,9,gpu_warps,2948,1,0.12352
spark,150_10,1,9,gpu_warps,2949,1,0.094144
spark,150_10,1,9,gpu_warps,2950,1,0.095168
spark,150_10,1,9,gpu_warps,2951,1,0.033952
spark,150_10,1,9,gpu_warps,2952,1,0.115648
spark,150_10,1,9,gpu_warps,2953,1,0.122656
spark,150_10,1,9,gpu_warps,2954,1,0.146912
spark,150_10,1,9,gpu_warps,2955,1,0.029984
spark,150_10,1,9,gpu_warps,2956,1,0.157888
spark,150_10,1,9,gpu_warps,2957,1,0.058944
spark,150_10,1,9,gpu_warps,2958,1,0.031552
spark,150_10,1,9,gpu_warps,2959,1,0.092864
spark,150_10,1,9,gpu_warps,2960,1,0.10128
spark,150_10,1,9,gpu_warps,2961,1,0.07728
spark,150_10,1,9,gpu_warps,2962,1,0.159392
spark,150_10,1,9,gpu_warps,2963,1,0.046496
spark,150_10,1,9,gpu_warps,2964,1,0.0656
spark,150_10,1,9,gpu_warps,2965,1,0.133536
spark,150_10,1,9,gpu_warps,2966,1,0.136032
spark,150_10,1,9,gpu_warps,2967,1,0.068704
spark,150_10,1,9,gpu_warps,2968,1,0.158304
spark,150_10,1,9,gpu_warps,2969,2,0.111328
spark,150_10,1,9,gpu_warps,2970,1,0.10752
spark,150_10,1,9,gpu_warps,2971,1,0.060992
spark,150_10,1,9,gpu_warps,2972,1,0.093568
spark,150_10,1,9,gpu_warps,2973,1,0.13776
spark,150_10,1,9,gpu_warps,2974,1,0.14896
spark,150_10,1,9,gpu_warps,2975,1,0.153696
spark,150_10,1,9,gpu_warps,2976,1,0.135136
spark,150_10,1,9,gpu_warps,2977,1,0.155168
spark,150_10,1,9,gpu_warps,2978,1,0.161472
spark,150_10,1,9,gpu_warps,2979,1,0.13056
spark,150_10,1,9,gpu_warps,2980,1,0.109984
spark,150_10,1,9,gpu_warps,2981,1,0.147392
spark,150_10,1,9,gpu_warps,2982,1,0.116096
spark,150_10,1,9,gpu_warps,2983,1,0.119072
spark,150_10,1,9,gpu_warps,2984,1,0.139168
spark,150_10,1,9,gpu_warps,2985,1,0.035328
spark,150_10,1,9,gpu_warps,2986,1,0.09424
spark,150_10,1,9,gpu_warps,2987,1,0.13712
spark,150_10,1,9,gpu_warps,2988,1,0.11552
spark,150_10,1,9,gpu_warps,2989,1,0.15344
spark,150_10,1,9,gpu_warps,2990,2,0.12848
spark,150_10,1,9,gpu_warps,2991,2,0.15824
spark,150_10,1,9,gpu_warps,2992,1,0.04432
spark,150_10,1,9,gpu_warps,2993,1,0.145376
spark,150_10,1,9,gpu_warps,2994,1,0.08192
spark,150_10,1,9,gpu_warps,2995,1,0.052288
spark,150_10,1,9,gpu_warps,2996,1,0.026944
spark,150_10,1,9,gpu_warps,2997,1,0.103168
spark,150_10,1,9,gpu_warps,2998,1,0.12912
spark,150_10,1,9,gpu_warps,2999,1,0.057856
spark,150_10,1,9,gpu_warps,3000,1,0.032512
spark,150_10,1,9,gpu_warps,3001,1,0.142784
spark,150_10,1,9,gpu_warps,3002,1,0.11248
spark,150_10,1,9,gpu_warps,3003,1,0.116224
spark,150_10,1,9,gpu_warps,3004,1,0.133888
spark,150_10,1,9,gpu_warps,3005,1,0.094144
spark,150_10,1,9,gpu_warps,3006,1,0.160416
spark,150_10,1,9,gpu_warps,3007,1,0.062752
spark,150_10,1,9,gpu_warps,3008,1,0.060416
spark,150_10,1,9,gpu_warps,3009,1,0.064352
spark,150_10,1,9,gpu_warps,3010,1,0.040288
spark,150_10,1,9,gpu_warps,3011,1,0.026784
spark,150_10,1,9,gpu_warps,3012,1,0.070464
spark,150_10,1,9,gpu_warps,3013,1,0.073408
spark,150_10,1,9,gpu_warps,3014,1,0.100352
spark,150_10,1,9,gpu_warps,3015,1,0.108224
spark,150_10,1,9,gpu_warps,3016,1,0.154784
spark,150_10,1,9,gpu_warps,3017,1,0.035776
spark,150_10,1,9,gpu_warps,3018,1,0.077376
spark,150_10,1,9,gpu_warps,3019,1,0.120512
spark,150_10,1,9,gpu_warps,3020,1,0.060288
spark,150_10,1,9,gpu_warps,3021,1,0.026656
spark,150_10,1,9,gpu_warps,3022,1,0.078752
spark,150_10,1,9,gpu_warps,3023,1,0.05952
spark,150_10,1,9,gpu_warps,3024,1,0.160576
spark,150_10,1,9,gpu_warps,3025,1,0.036032
spark,150_10,1,9,gpu_warps,3026,1,0.044224
spark,150_10,1,9,gpu_warps,3027,1,0.162112
spark,150_10,1,9,gpu_warps,3028,1,0.094656
spark,150_10,1,9,gpu_warps,3029,1,0.044256
spark,150_10,1,9,gpu_warps,3030,1,0.1408
spark,150_10,1,9,gpu_warps,3031,1,0.150272
spark,150_10,1,9,gpu_warps,3032,1,0.099264
spark,150_10,1,9,gpu_warps,3033,1,0.154112
spark,150_10,1,9,gpu_warps,3034,1,0.14048
spark,150_10,1,9,gpu_warps,3035,1,0.128096
spark,150_10,1,9,gpu_warps,3036,1,0.089664
spark,150_10,1,9,gpu_warps,3037,1,0.165568
spark,150_10,1,9,gpu_warps,3038,1,0.079264
spark,150_10,1,9,gpu_warps,3039,1,0.084448
spark,150_10,1,9,gpu_warps,3040,1,0.086816
spark,150_10,1,9,gpu_warps,3041,1,0.155904
spark,150_10,1,9,gpu_warps,3042,1,0.110592
spark,150_10,1,9,gpu_warps,3043,1,0.125856
spark,150_10,1,9,gpu_warps,3044,2,0.140128
spark,150_10,1,9,gpu_warps,3045,1,0.148544
spark,150_10,1,9,gpu_warps,3046,1,0.123328
spark,150_10,1,9,gpu_warps,3047,1,0.13024
spark,150_10,1,9,gpu_warps,3048,1,0.157088
spark,150_10,1,9,gpu_warps,3049,1,0.095968
spark,150_10,1,9,gpu_warps,3050,1,0.086784
spark,150_10,1,9,gpu_warps,3051,1,0.163936
spark,150_10,1,9,gpu_warps,3052,1,0.072128
spark,150_10,1,9,gpu_warps,3053,1,0.076896
spark,150_10,1,9,gpu_warps,3054,1,0.134688
spark,150_10,1,9,gpu_warps,3055,1,0.092896
spark,150_10,1,9,gpu_warps,3056,1,0.021984
spark,150_10,1,9,gpu_warps,3057,1,0.127968
spark,150_10,1,9,gpu_warps,3058,1,0.107904
spark,150_10,1,9,gpu_warps,3059,1,0.06304
spark,150_10,1,9,gpu_warps,3060,1,0.090272
spark,150_10,1,9,gpu_warps,3061,1,0.145536
spark,150_10,1,9,gpu_warps,3062,1,0.144
spark,150_10,1,9,gpu_warps,3063,1,0.107616
spark,150_10,1,9,gpu_warps,3064,1,0.102016
spark,150_10,1,9,gpu_warps,3065,1,0.04624
spark,150_10,1,9,gpu_warps,3066,1,0.100448
spark,150_10,1,9,gpu_warps,3067,1,0.13984
spark,150_10,1,9,gpu_warps,3068,1,0.119104
spark,150_10,1,9,gpu_warps,3069,1,0.024384
spark,150_10,1,9,gpu_warps,3070,1,0.139424
spark,150_10,1,9,gpu_warps,3071,1,0.159904
spark,150_10,1,9,gpu_warps,3072,1,0.101344
spark,150_10,1,9,gpu_warps,3073,1,0.147936
spark,150_10,1,9,gpu_warps,3074,1,0.128768
spark,150_10,1,9,gpu_warps,3075,1,0.110656
spark,150_10,1,9,gpu_warps,3076,1,0.091616
spark,150_10,1,9,gpu_warps,3077,1,0.056512
spark,150_10,1,9,gpu_warps,3078,1,0.034848
spark,150_10,1,9,gpu_warps,3079,1,0.113568
spark,150_10,1,9,gpu_warps,3080,1,0.080416
spark,150_10,1,9,gpu_warps,3081,1,0.10288
spark,150_10,1,9,gpu_warps,3082,1,0.127552
spark,150_10,1,9,gpu_warps,3083,1,0.163744
spark,150_10,1,9,gpu_warps,3084,1,0.098752
spark,150_10,1,9,gpu_warps,3085,1,0.153312
spark,150_10,1,9,gpu_warps,3086,1,0.06464
spark,150_10,1,9,gpu_warps,3087,1,0.03632
spark,150_10,1,9,gpu_warps,3088,1,0.136192
spark,150_10,1,9,gpu_warps,3089,1,0.128352
spark,150_10,1,9,gpu_warps,3090,1,0.112544
spark,150_10,1,9,gpu_warps,3091,1,0.1552
spark,150_10,1,9,gpu_warps,3092,1,0.134656
spark,150_10,1,9,gpu_warps,3093,1,0.161696
spark,150_10,1,9,gpu_warps,3094,1,0.156
spark,150_10,1,9,gpu_warps,3095,1,0.139456
spark,150_10,1,9,gpu_warps,3096,1,0.107104
spark,150_10,1,9,gpu_warps,3097,1,0.158208
spark,150_10,1,9,gpu_warps,3098,1,0.10864
spark,150_10,1,9,gpu_warps,3099,1,0.16192
spark,150_10,1,9,gpu_warps,3100,1,0.149216
spark,150_10,1,9,gpu_warps,3101,1,0.07088
spark,150_10,1,9,gpu_warps,3102,1,0.119744
spark,150_10,1,9,gpu_warps,3103,1,0.156256
spark,150_10,1,9,gpu_warps,3104,1,0.14992
spark,150_10,1,9,gpu_warps,3105,1,0.101216
spark,150_10,1,9,gpu_warps,3106,1,0.031456
spark,150_10,1,9,gpu_warps,3107,1,0.089696
spark,150_10,1,9,gpu_warps,3108,1,0.044992
spark,150_10,1,9,gpu_warps,3109,1,0.149344
spark,150_10,1,9,gpu_warps,3110,1,0.160224
spark,150_10,1,9,gpu_warps,3111,1,0.161568
spark,150_10,1,9,gpu_warps,3112,1,0.162112
spark,150_10,1,9,gpu_warps,3113,1,0.128192
spark,150_10,1,9,gpu_warps,3114,1,0.104448
spark,150_10,1,9,gpu_warps,3115,1,0.156864
spark,150_10,1,9,gpu_warps,3116,1,0.02784
spark,150_10,1,9,gpu_warps,3117,1,0.151808
spark,150_10,1,9,gpu_warps,3118,1,0.073408
spark,150_10,1,9,gpu_warps,3119,1,0.06512
spark,150_10,1,9,gpu_warps,3120,1,0.162304
spark,150_10,1,9,gpu_warps,3121,1,0.095488
spark,150_10,1,9,gpu_warps,3122,1,0.030528
spark,150_10,1,9,gpu_warps,3123,1,0.040416
spark,150_10,1,9,gpu_warps,3124,1,0.07648
spark,150_10,1,9,gpu_warps,3125,1,0.0824
spark,150_10,1,9,gpu_warps,3126,1,0.077856
spark,150_10,1,9,gpu_warps,3127,1,0.150688
spark,150_10,1,9,gpu_warps,3128,1,0.076992
spark,150_10,1,9,gpu_warps,3129,1,0.139872
spark,150_10,1,9,gpu_warps,3130,1,0.141728
spark,150_10,1,9,gpu_warps,3131,1,0.143072
spark,150_10,1,9,gpu_warps,3132,1,0.160704
spark,150_10,1,9,gpu_warps,3133,1,0.132896
spark,150_10,1,9,gpu_warps,3134,1,0.131392
spark,150_10,1,9,gpu_warps,3135,1,0.062112
spark,150_10,1,9,gpu_warps,3136,1,0.120832
spark,150_10,1,9,gpu_warps,3137,1,0.12528
spark,150_10,1,9,gpu_warps,3138,1,0.159072
spark,150_10,1,9,gpu_warps,3139,1,0.062144
spark,150_10,1,9,gpu_warps,3140,1,0.111936
spark,150_10,1,9,gpu_warps,3141,1,0.089376
spark,150_10,1,9,gpu_warps,3142,1,0.13504
spark,150_10,1,9,gpu_warps,3143,1,0.056128
spark,150_10,1,9,gpu_warps,3144,1,0.039456
spark,150_10,1,9,gpu_warps,3145,1,0.024896
spark,150_10,1,9,gpu_warps,3146,1,0.110528
spark,150_10,1,9,gpu_warps,3147,1,0.094624
spark,150_10,1,9,gpu_warps,3148,2,0.10528
spark,150_10,1,9,gpu_warps,3149,2,0.15264
spark,150_10,1,9,gpu_warps,3150,1,0.158048
spark,150_10,1,9,gpu_warps,3151,1,0.128896
spark,150_10,1,9,gpu_warps,3152,1,0.093024
spark,150_10,1,9,gpu_warps,3153,1,0.116128
spark,150_10,1,9,gpu_warps,3154,1,0.08544
spark,150_10,1,9,gpu_warps,3155,1,0.082176
spark,150_10,1,9,gpu_warps,3156,1,0.109408
spark,150_10,1,9,gpu_warps,3157,1,0.067296
spark,150_10,1,9,gpu_warps,3158,1,0.15584
spark,150_10,1,9,gpu_warps,3159,1,0.090496
spark,150_10,1,9,gpu_warps,3160,1,0.09152
spark,150_10,1,9,gpu_warps,3161,1,0.125184
spark,150_10,1,9,gpu_warps,3162,1,0.13216
spark,150_10,1,9,gpu_warps,3163,1,0.113248
spark,150_10,1,9,gpu_warps,3164,1,0.153664
spark,150_10,1,9,gpu_warps,3165,1,0.103904
spark,150_10,1,9,gpu_warps,3166,1,0.090848
spark,150_10,1,9,gpu_warps,3167,1,0.121824
spark,150_10,1,9,gpu_warps,3168,1,0.13472
spark,150_10,1,9,gpu_warps,3169,1,0.150176
spark,150_10,1,9,gpu_warps,3170,1,0.067968
spark,150_10,1,9,gpu_warps,3171,1,0.137792
spark,150_10,1,9,gpu_warps,3172,1,0.160096
spark,150_10,1,9,gpu_warps,3173,1,0.150496
spark,150_10,1,9,gpu_warps,3174,1,0.15424
spark,150_10,1,9,gpu_warps,3175,1,0.121568
spark,150_10,1,9,gpu_warps,3176,1,0.112032
spark,150_10,1,9,gpu_warps,3177,1,0.06672
spark,150_10,1,9,gpu_warps,3178,1,0.030368
spark,150_10,1,9,gpu_warps,3179,1,0.111936
spark,150_10,1,9,gpu_warps,3180,1,0.059808
spark,150_10,1,9,gpu_warps,3181,1,0.155968
spark,150_10,1,9,gpu_warps,3182,1,0.108832
spark,150_10,1,9,gpu_warps,3183,1,0.110304
spark,150_10,1,9,gpu_warps,3184,1,0.025664
spark,150_10,1,9,gpu_warps,3185,1,0.154912
spark,150_10,1,9,gpu_warps,3186,1,0.112224
spark,150_10,1,9,gpu_warps,3187,1,0.046464
spark,150_10,1,9,gpu_warps,3188,1,0.068096
spark,150_10,1,9,gpu_warps,3189,1,0.144544
spark,150_10,1,9,gpu_warps,3190,1,0.10208
spark,150_10,1,9,gpu_warps,3191,1,0.160608
spark,150_10,1,9,gpu_warps,3192,1,0.026144
spark,150_10,1,9,gpu_warps,3193,1,0.076288
spark,150_10,1,9,gpu_warps,3194,1,0.122528
spark,150_10,1,9,gpu_warps,3195,1,0.064064
spark,150_10,1,9,gpu_warps,3196,1,0.163872
spark,150_10,1,9,gpu_warps,3197,1,0.1176
spark,150_10,1,9,gpu_warps,3198,1,0.153376
spark,150_10,1,9,gpu_warps,3199,1,0.157216
spark,150_10,1,9,gpu_warps,3200,1,0.156288
spark,150_10,1,9,gpu_warps,3201,1,0.143456
spark,150_10,1,9,gpu_warps,3202,1,0.119584
spark,150_10,1,9,gpu_warps,3203,1,0.156704
spark,150_10,1,9,gpu_warps,3204,1,0.14992
spark,150_10,1,9,gpu_warps,3205,1,0.095424
spark,150_10,1,9,gpu_warps,3206,1,0.115552
spark,150_10,1,9,gpu_warps,3207,1,0.083456
spark,150_10,1,9,gpu_warps,3208,1,0.143264
spark,150_10,1,9,gpu_warps,3209,1,0.07952
spark,150_10,1,9,gpu_warps,3210,1,0.152192
spark,150_10,1,9,gpu_warps,3211,1,0.093216
spark,150_10,1,9,gpu_warps,3212,1,0.129472
spark,150_10,1,9,gpu_warps,3213,1,0.053632
spark,150_10,1,9,gpu_warps,3214,1,0.160224
spark,150_10,1,9,gpu_warps,3215,1,0.10928
spark,150_10,1,9,gpu_warps,3216,1,0.099712
spark,150_10,1,9,gpu_warps,3217,1,0.099584
spark,150_10,1,9,gpu_warps,3218,1,0.123808
spark,150_10,1,9,gpu_warps,3219,1,0.111712
spark,150_10,1,9,gpu_warps,3220,1,0.161792
spark,150_10,1,9,gpu_warps,3221,1,0.140192
spark,150_10,1,9,gpu_warps,3222,1,0.081408
spark,150_10,1,9,gpu_warps,3223,1,0.159008
spark,150_10,1,9,gpu_warps,3224,1,0.057536
spark,150_10,1,9,gpu_warps,3225,1,0.142016
spark,150_10,1,9,gpu_warps,3226,1,0.160928
spark,150_10,1,9,gpu_warps,3227,1,0.162368
spark,150_10,1,9,gpu_warps,3228,1,0.15104
spark,150_10,1,9,gpu_warps,3229,1,0.154048
spark,150_10,1,9,gpu_warps,3230,1,0.100096
spark,150_10,1,9,gpu_warps,3231,1,0.038496
spark,150_10,1,9,gpu_warps,3232,1,0.063648
spark,150_10,1,9,gpu_warps,3233,1,0.144288
spark,150_10,1,9,gpu_warps,3234,1,0.113088
spark,150_10,1,9,gpu_warps,3235,1,0.06512
spark,150_10,1,9,gpu_warps,3236,1,0.16032
spark,150_10,1,9,gpu_warps,3237,1,0.12368
spark,150_10,1,9,gpu_warps,3238,1,0.09056
spark,150_10,1,9,gpu_warps,3239,1,0.08752
spark,150_10,1,9,gpu_warps,3240,1,0.068352
spark,150_10,1,9,gpu_warps,3241,1,0.064704
spark,150_10,1,9,gpu_warps,3242,1,0.074368
spark,150_10,1,9,gpu_warps,3243,1,0.100448
spark,150_10,1,9,gpu_warps,3244,1,0.06368
spark,150_10,1,9,gpu_warps,3245,1,0.098272
spark,150_10,1,9,gpu_warps,3246,1,0.10672
spark,150_10,1,9,gpu_warps,3247,1,0.082048
spark,150_10,1,9,gpu_warps,3248,1,0.113664
spark,150_10,1,9,gpu_warps,3249,1,0.134912
spark,150_10,1,9,gpu_warps,3250,1,0.022016
spark,150_10,1,9,gpu_warps,3251,1,0.137024
spark,150_10,1,9,gpu_warps,3252,1,0.098496
spark,150_10,1,9,gpu_warps,3253,1,0.029536
spark,150_10,1,9,gpu_warps,3254,1,0.155264
spark,150_10,1,9,gpu_warps,3255,1,0.059072
spark,150_10,1,9,gpu_warps,3256,1,0.138688
spark,150_10,1,9,gpu_warps,3257,1,0.12704
spark,150_10,1,9,gpu_warps,3258,1,0.131456
spark,150_10,1,9,gpu_warps,3259,1,0.131424
spark,150_10,1,9,gpu_warps,3260,1,0.044192
spark,150_10,1,9,gpu_warps,3261,1,0.102368
spark,150_10,1,9,gpu_warps,3262,1,0.067648
spark,150_10,1,9,gpu_warps,3263,1,0.157856
spark,150_10,1,9,gpu_warps,3264,1,0.153344
spark,150_10,1,9,gpu_warps,3265,2,0.12176
spark,150_10,1,9,gpu_warps,3266,1,0.120608
spark,150_10,1,9,gpu_warps,3267,1,0.02512
spark,150_10,1,9,gpu_warps,3268,1,0.025728
spark,150_10,1,9,gpu_warps,3269,1,0.14384
spark,150_10,1,9,gpu_warps,3270,1,0.026304
spark,150_10,1,9,gpu_warps,3271,1,0.13152
spark,150_10,1,9,gpu_warps,3272,1,0.128576
spark,150_10,1,9,gpu_warps,3273,1,0.13024
spark,150_10,1,9,gpu_warps,3274,1,0.093376
spark,150_10,1,9,gpu_warps,3275,1,0.06896
spark,150_10,1,9,gpu_warps,3276,1,0.08672
spark,150_10,1,9,gpu_warps,3277,1,0.149024
spark,150_10,1,9,gpu_warps,3278,1,0.086368
spark,150_10,1,9,gpu_warps,3279,1,0.061408
spark,150_10,1,9,gpu_warps,3280,1,0.051968
spark,150_10,1,9,gpu_warps,3281,1,0.095008
spark,150_10,1,9,gpu_warps,3282,1,0.133984
spark,150_10,1,9,gpu_warps,3283,1,0.120992
spark,150_10,1,9,gpu_warps,3284,1,0.106784
spark,150_10,1,9,gpu_warps,3285,1,0.112352
spark,150_10,1,9,gpu_warps,3286,1,0.152
spark,150_10,1,9,gpu_warps,3287,1,0.152512
spark,150_10,1,9,gpu_warps,3288,1,0.12912
spark,150_10,1,9,gpu_warps,3289,2,0.088416
spark,150_10,1,9,gpu_warps,3290,2,0.149376
spark,150_10,1,9,gpu_warps,3291,1,0.166208
spark,150_10,1,9,gpu_warps,3292,1,0.137696
spark,150_10,1,9,gpu_warps,3293,2,0.15504
spark,150_10,1,9,gpu_warps,3294,1,0.145696
spark,150_10,1,9,gpu_warps,3295,1,0.08752
spark,150_10,1,9,gpu_warps,3296,1,0.108416
spark,150_10,1,9,gpu_warps,3297,1,0.14832
spark,150_10,1,9,gpu_warps,3298,1,0.116384
spark,150_10,1,9,gpu_warps,3299,1,0.096352
spark,150_10,1,9,gpu_warps,3300,1,0.135328
spark,150_10,1,9,gpu_warps,3301,1,0.155712
spark,150_10,1,9,gpu_warps,3302,1,0.137632
spark,150_10,1,9,gpu_warps,3303,1,0.134816
spark,150_10,1,9,gpu_warps,3304,1,0.123616
spark,150_10,1,9,gpu_warps,3305,1,0.066944
spark,150_10,1,9,gpu_warps,3306,1,0.065216
spark,150_10,1,9,gpu_warps,3307,1,0.059648
spark,150_10,1,9,gpu_warps,3308,1,0.02224
spark,150_10,1,9,gpu_warps,3309,1,0.09008
spark,150_10,1,9,gpu_warps,3310,1,0.118656
spark,150_10,1,9,gpu_warps,3311,1,0.090592
spark,150_10,1,9,gpu_warps,3312,1,0.130752
spark,150_10,1,9,gpu_warps,3313,1,0.08096
spark,150_10,1,9,gpu_warps,3314,1,0.061792
spark,150_10,1,9,gpu_warps,3315,1,0.054816
spark,150_10,1,9,gpu_warps,3316,1,0.086752
spark,150_10,1,9,gpu_warps,3317,1,0.107488
spark,150_10,1,9,gpu_warps,3318,1,0.15312
spark,150_10,1,9,gpu_warps,3319,1,0.138464
spark,150_10,1,9,gpu_warps,3320,1,0.081216
spark,150_10,1,9,gpu_warps,3321,1,0.155072
spark,150_10,1,9,gpu_warps,3322,1,0.133376
spark,150_10,1,9,gpu_warps,3323,1,0.113248
spark,150_10,1,9,gpu_warps,3324,1,0.152736
spark,150_10,1,9,gpu_warps,3325,1,0.099808
spark,150_10,1,9,gpu_warps,3326,1,0.143968
spark,150_10,1,9,gpu_warps,3327,1,0.0928
spark,150_10,1,9,gpu_warps,3328,1,0.067616
spark,150_10,1,9,gpu_warps,3329,1,0.152896
spark,150_10,1,9,gpu_warps,3330,1,0.092512
spark,150_10,1,9,gpu_warps,3331,1,0.032384
spark,150_10,1,9,gpu_warps,3332,1,0.15216
spark,150_10,1,9,gpu_warps,3333,1,0.077216
spark,150_10,1,9,gpu_warps,3334,1,0.119968
spark,150_10,1,9,gpu_warps,3335,1,0.106208
spark,150_10,1,9,gpu_warps,3336,1,0.124704
spark,150_10,1,9,gpu_warps,3337,1,0.155328
spark,150_10,1,9,gpu_warps,3338,1,0.072928
spark,150_10,1,9,gpu_warps,3339,1,0.102048
spark,150_10,1,9,gpu_warps,3340,1,0.108128
spark,150_10,1,9,gpu_warps,3341,1,0.14112
spark,150_10,1,9,gpu_warps,3342,1,0.079168
spark,150_10,1,9,gpu_warps,3343,1,0.143136
spark,150_10,1,9,gpu_warps,3344,1,0.142912
spark,150_10,1,9,gpu_warps,3345,1,0.118816
spark,150_10,1,9,gpu_warps,3346,1,0.128704
spark,150_10,1,9,gpu_warps,3347,1,0.117472
spark,150_10,1,9,gpu_warps,3348,1,0.083936
spark,150_10,1,9,gpu_warps,3349,1,0.154976
spark,150_10,1,9,gpu_warps,3350,1,0.136352
spark,150_10,1,9,gpu_warps,3351,1,0.13104
spark,150_10,1,9,gpu_warps,3352,1,0.111584
spark,150_10,1,9,gpu_warps,3353,1,0.051328
spark,150_10,1,9,gpu_warps,3354,1,0.069088
spark,150_10,1,9,gpu_warps,3355,1,0.09744
spark,150_10,1,9,gpu_warps,3356,1,0.149536
spark,150_10,1,9,gpu_warps,3357,1,0.11968
spark,150_10,1,9,gpu_warps,3358,1,0.161024
spark,150_10,1,9,gpu_warps,3359,1,0.090752
spark,150_10,1,9,gpu_warps,3360,1,0.057728
spark,150_10,1,9,gpu_warps,3361,1,0.102624
spark,150_10,1,9,gpu_warps,3362,1,0.087232
spark,150_10,1,9,gpu_warps,3363,1,0.135744
spark,150_10,1,9,gpu_warps,3364,1,0.153568
spark,150_10,1,9,gpu_warps,3365,1,0.126912
spark,150_10,1,9,gpu_warps,3366,1,0.134272
spark,150_10,1,9,gpu_warps,3367,1,0.162304
spark,150_10,1,9,gpu_warps,3368,1,0.099456
spark,150_10,1,9,gpu_warps,3369,1,0.110048
spark,150_10,1,9,gpu_warps,3370,1,0.142624
spark,150_10,1,9,gpu_warps,3371,1,0.034624
spark,150_10,1,9,gpu_warps,3372,1,0.09712
spark,150_10,1,9,gpu_warps,3373,1,0.117952
spark,150_10,1,9,gpu_warps,3374,1,0.144672
spark,150_10,1,9,gpu_warps,3375,1,0.157056
spark,150_10,1,9,gpu_warps,3376,1,0.086816
spark,150_10,1,9,gpu_warps,3377,1,0.134848
spark,150_10,1,9,gpu_warps,3378,1,0.053792
spark,150_10,1,9,gpu_warps,3379,1,0.08016
spark,150_10,1,9,gpu_warps,3380,1,0.050368
spark,150_10,1,9,gpu_warps,3381,1,0.065696
spark,150_10,1,9,gpu_warps,3382,1,0.067712
spark,150_10,1,9,gpu_warps,3383,1,0.109952
spark,150_10,1,9,gpu_warps,3384,1,0.05184
spark,150_10,1,9,gpu_warps,3385,1,0.157824
spark,150_10,1,9,gpu_warps,3386,1,0.128672
spark,150_10,1,9,gpu_warps,3387,1,0.129184
spark,150_10,1,9,gpu_warps,3388,1,0.111488
spark,150_10,1,9,gpu_warps,3389,1,0.135488
spark,150_10,1,9,gpu_warps,3390,1,0.159552
spark,150_10,1,9,gpu_warps,3391,1,0.076032
spark,150_10,1,9,gpu_warps,3392,1,0.1
spark,150_10,1,9,gpu_warps,3393,1,0.108064
spark,150_10,1,9,gpu_warps,3394,1,0.15072
spark,150_10,1,9,gpu_warps,3395,1,0.087104
spark,150_10,1,9,gpu_warps,3396,1,0.127424
spark,150_10,1,9,gpu_warps,3397,1,0.137696
spark,150_10,1,9,gpu_warps,3398,2,0.100256
spark,150_10,1,9,gpu_warps,3399,1,0.154496
spark,150_10,1,9,gpu_warps,3400,1,0.140288
spark,150_10,1,9,gpu_warps,3401,1,0.13536
spark,150_10,1,9,gpu_warps,3402,1,0.089152
spark,150_10,1,9,gpu_warps,3403,1,0.046432
spark,150_10,1,9,gpu_warps,3404,1,0.061824
spark,150_10,1,9,gpu_warps,3405,1,0.084128
spark,150_10,1,9,gpu_warps,3406,1,0.144864
spark,150_10,1,9,gpu_warps,3407,1,0.13232
spark,150_10,1,9,gpu_warps,3408,1,0.043296
spark,150_10,1,9,gpu_warps,3409,1,0.060672
spark,150_10,1,9,gpu_warps,3410,1,0.15424
spark,150_10,1,9,gpu_warps,3411,1,0.15472
spark,150_10,1,9,gpu_warps,3412,1,0.144512
spark,150_10,1,9,gpu_warps,3413,1,0.144864
spark,150_10,1,9,gpu_warps,3414,1,0.11088
spark,150_10,1,9,gpu_warps,3415,1,0.057792
spark,150_10,1,9,gpu_warps,3416,1,0.027136
spark,150_10,1,9,gpu_warps,3417,1,0.102176
spark,150_10,1,9,gpu_warps,3418,1,0.104064
spark,150_10,1,9,gpu_warps,3419,1,0.147712
spark,150_10,1,9,gpu_warps,3420,1,0.14096
spark,150_10,1,9,gpu_warps,3421,1,0.084608
spark,150_10,1,9,gpu_warps,3422,1,0.116064
spark,150_10,1,9,gpu_warps,3423,1,0.152128
spark,150_10,1,9,gpu_warps,3424,1,0.08704
spark,150_10,1,9,gpu_warps,3425,1,0.078048
spark,150_10,1,9,gpu_warps,3426,1,0.021696
spark,150_10,1,9,gpu_warps,3427,1,0.105664
spark,150_10,1,9,gpu_warps,3428,1,0.141088
spark,150_10,1,9,gpu_warps,3429,1,0.034272
spark,150_10,1,9,gpu_warps,3430,1,0.023616
spark,150_10,1,9,gpu_warps,3431,1,0.0432
spark,150_10,1,9,gpu_warps,3432,1,0.06064
spark,150_10,1,9,gpu_warps,3433,1,0.161856
spark,150_10,1,9,gpu_warps,3434,1,0.152736
spark,150_10,1,9,gpu_warps,3435,1,0.097792
spark,150_10,1,9,gpu_warps,3436,1,0.1536
spark,150_10,1,9,gpu_warps,3437,1,0.12576
spark,150_10,1,9,gpu_warps,3438,1,0.116768
spark,150_10,1,9,gpu_warps,3439,1,0.114144
spark,150_10,1,9,gpu_warps,3440,1,0.058528
spark,150_10,1,9,gpu_warps,3441,1,0.12688
spark,150_10,1,9,gpu_warps,3442,1,0.16208
spark,150_10,1,9,gpu_warps,3443,1,0.098336
spark,150_10,1,9,gpu_warps,3444,1,0.11056
spark,150_10,1,9,gpu_warps,3445,1,0.117952
spark,150_10,1,9,gpu_warps,3446,1,0.137312
spark,150_10,1,9,gpu_warps,3447,1,0.105984
spark,150_10,1,9,gpu_warps,3448,1,0.024512
spark,150_10,1,9,gpu_warps,3449,1,0.025696
spark,150_10,1,9,gpu_warps,3450,1,0.095328
spark,150_10,1,9,gpu_warps,3451,1,0.11968
spark,150_10,1,9,gpu_warps,3452,1,0.066912
spark,150_10,1,9,gpu_warps,3453,1,0.143392
spark,150_10,1,9,gpu_warps,3454,1,0.042208
spark,150_10,1,9,gpu_warps,3455,1,0.03296
spark,150_10,1,9,gpu_warps,3456,1,0.12144
spark,150_10,1,9,gpu_warps,3457,1,0.109024
spark,150_10,1,9,gpu_warps,3458,1,0.152608
spark,150_10,1,9,gpu_warps,3459,1,0.155936
spark,150_10,1,9,gpu_warps,3460,2,0.165408
spark,150_10,1,9,gpu_warps,3461,2,0.147072
spark,150_10,1,9,gpu_warps,3462,1,0.074624
spark,150_10,1,9,gpu_warps,3463,1,0.156096
spark,150_10,1,9,gpu_warps,3464,1,0.101792
spark,150_10,1,9,gpu_warps,3465,1,0.155904
spark,150_10,1,9,gpu_warps,3466,1,0.098432
spark,150_10,1,9,gpu_warps,3467,1,0.117632
spark,150_10,1,9,gpu_warps,3468,1,0.047296
spark,150_10,1,9,gpu_warps,3469,1,0.100736
spark,150_10,1,9,gpu_warps,3470,1,0.109472
spark,150_10,1,9,gpu_warps,3471,1,0.089472
spark,150_10,1,9,gpu_warps,3472,1,0.101664
spark,150_10,1,9,gpu_warps,3473,1,0.10576
spark,150_10,1,9,gpu_warps,3474,1,0.163936
spark,150_10,1,9,gpu_warps,3475,1,0.15952
spark,150_10,1,9,gpu_warps,3476,1,0.073216
spark,150_10,1,9,gpu_warps,3477,1,0.044736
spark,150_10,1,9,gpu_warps,3478,1,0.121408
spark,150_10,1,9,gpu_warps,3479,1,0.08128
spark,150_10,1,9,gpu_warps,3480,1,0.071552
spark,150_10,1,9,gpu_warps,3481,1,0.07728
spark,150_10,1,9,gpu_warps,3482,1,0.147552
spark,150_10,1,9,gpu_warps,3483,1,0.110016
spark,150_10,1,9,gpu_warps,3484,1,0.143072
spark,150_10,1,9,gpu_warps,3485,1,0.134368
spark,150_10,1,9,gpu_warps,3486,1,0.036864
spark,150_10,1,9,gpu_warps,3487,1,0.107328
spark,150_10,1,9,gpu_warps,3488,1,0.050144
spark,150_10,1,9,gpu_warps,3489,1,0.116512
spark,150_10,1,9,gpu_warps,3490,1,0.132192
spark,150_10,1,9,gpu_warps,3491,1,0.131072
spark,150_10,1,9,gpu_warps,3492,1,0.099968
spark,150_10,1,9,gpu_warps,3493,1,0.086272
spark,150_10,1,9,gpu_warps,3494,1,0.16192
spark,150_10,1,9,gpu_warps,3495,1,0.028704
spark,150_10,1,9,gpu_warps,3496,1,0.056768
spark,150_10,1,9,gpu_warps,3497,1,0.148736
spark,150_10,1,9,gpu_warps,3498,1,0.125088
spark,150_10,1,9,gpu_warps,3499,1,0.060608
spark,150_10,1,9,gpu_warps,3500,1,0.12848
spark,150_10,1,9,gpu_warps,3501,1,0.152512
spark,150_10,1,9,gpu_warps,3502,1,0.143552
spark,150_10,1,9,gpu_warps,3503,1,0.107168
spark,150_10,1,9,gpu_warps,3504,1,0.082368
spark,150_10,1,9,gpu_warps,3505,1,0.112416
spark,150_10,1,9,gpu_warps,3506,1,0.07312
spark,150_10,1,9,gpu_warps,3507,1,0.0688
spark,150_10,1,9,gpu_warps,3508,1,0.131552
spark,150_10,1,9,gpu_warps,3509,1,0.082848
spark,150_10,1,9,gpu_warps,3510,1,0.079744
spark,150_10,1,9,gpu_warps,3511,1,0.075392
spark,150_10,1,9,gpu_warps,3512,1,0.1056
spark,150_10,1,9,gpu_warps,3513,1,0.036128
spark,150_10,1,9,gpu_warps,3514,1,0.08816
spark,150_10,1,9,gpu_warps,3515,1,0.041472
spark,150_10,1,9,gpu_warps,3516,1,0.025344
spark,150_10,1,9,gpu_warps,3517,1,0.075072
spark,150_10,1,9,gpu_warps,3518,1,0.146752
spark,150_10,1,9,gpu_warps,3519,1,0.159456
spark,150_10,1,9,gpu_warps,3520,1,0.035776
spark,150_10,1,9,gpu_warps,3521,1,0.161536
spark,150_10,1,9,gpu_warps,3522,1,0.025792
spark,150_10,1,9,gpu_warps,3523,1,0.158912
spark,150_10,1,9,gpu_warps,3524,1,0.15968
spark,150_10,1,9,gpu_warps,3525,1,0.123616
spark,150_10,1,9,gpu_warps,3526,1,0.160544
spark,150_10,1,9,gpu_warps,3527,1,0.127296
spark,150_10,1,9,gpu_warps,3528,1,0.097824
spark,150_10,1,9,gpu_warps,3529,1,0.026912
spark,150_10,1,9,gpu_warps,3530,1,0.12384
spark,150_10,1,9,gpu_warps,3531,1,0.087008
spark,150_10,1,9,gpu_warps,3532,1,0.095488
spark,150_10,1,9,gpu_warps,3533,1,0.087712
spark,150_10,1,9,gpu_warps,3534,1,0.070528
spark,150_10,1,9,gpu_warps,3535,1,0.085184
spark,150_10,1,9,gpu_warps,3536,1,0.155456
spark,150_10,1,9,gpu_warps,3537,1,0.104064
spark,150_10,1,9,gpu_warps,3538,1,0.093728
spark,150_10,1,9,gpu_warps,3539,1,0.112192
spark,150_10,1,9,gpu_warps,3540,1,0.061056
spark,150_10,1,9,gpu_warps,3541,1,0.113984
spark,150_10,1,9,gpu_warps,3542,1,0.161536
spark,150_10,1,9,gpu_warps,3543,1,0.122336
spark,150_10,1,9,gpu_warps,3544,1,0.155744
spark,150_10,1,9,gpu_warps,3545,1,0.148928
spark,150_10,1,9,gpu_warps,3546,1,0.147904
spark,150_10,1,9,gpu_warps,3547,1,0.127648
spark,150_10,1,9,gpu_warps,3548,1,0.155648
spark,150_10,1,9,gpu_warps,3549,1,0.161056
spark,150_10,1,9,gpu_warps,3550,1,0.163712
spark,150_10,1,9,gpu_warps,3551,1,0.031584
spark,150_10,1,9,gpu_warps,3552,1,0.118048
spark,150_10,1,9,gpu_warps,3553,1,0.151424
spark,150_10,1,9,gpu_warps,3554,2,0.156608
spark,150_10,1,9,gpu_warps,3555,2,0.127776
spark,150_10,1,9,gpu_warps,3556,1,0.164
spark,150_10,1,9,gpu_warps,3557,1,0.11904
spark,150_10,1,9,gpu_warps,3558,1,0.052864
spark,150_10,1,9,gpu_warps,3559,1,0.130176
spark,150_10,1,9,gpu_warps,3560,1,0.084992
spark,150_10,1,9,gpu_warps,3561,1,0.049952
spark,150_10,1,9,gpu_warps,3562,1,0.021504
spark,150_10,1,9,gpu_warps,3563,1,0.131712
spark,150_10,1,9,gpu_warps,3564,1,0.149728
spark,150_10,1,9,gpu_warps,3565,1,0.094336
spark,150_10,1,9,gpu_warps,3566,1,0.140096
spark,150_10,1,9,gpu_warps,3567,1,0.141856
spark,150_10,1,9,gpu_warps,3568,1,0.16288
spark,150_10,1,9,gpu_warps,3569,1,0.036992
spark,150_10,1,9,gpu_warps,3570,1,0.104256
spark,150_10,1,9,gpu_warps,3571,1,0.0328
spark,150_10,1,9,gpu_warps,3572,1,0.073984
spark,150_10,1,9,gpu_warps,3573,1,0.07856
spark,150_10,1,9,gpu_warps,3574,1,0.08688
spark,150_10,1,9,gpu_warps,3575,1,0.064672
spark,150_10,1,9,gpu_warps,3576,1,0.06896
spark,150_10,1,9,gpu_warps,3577,1,0.156256
spark,150_10,1,9,gpu_warps,3578,1,0.10944
spark,150_10,1,9,gpu_warps,3579,1,0.093024
spark,150_10,1,9,gpu_warps,3580,1,0.132352
spark,150_10,1,9,gpu_warps,3581,1,0.105664
spark,150_10,1,9,gpu_warps,3582,1,0.127968
spark,150_10,1,9,gpu_warps,3583,1,0.127392
spark,150_10,1,9,gpu_warps,3584,1,0.091232
spark,150_10,1,9,gpu_warps,3585,1,0.125312
spark,150_10,1,9,gpu_warps,3586,1,0.152768
spark,150_10,1,9,gpu_warps,3587,1,0.161728
spark,150_10,1,9,gpu_warps,3588,1,0.146912
spark,150_10,1,9,gpu_warps,3589,1,0.135808
spark,150_10,1,9,gpu_warps,3590,1,0.109248
spark,150_10,1,9,gpu_warps,3591,1,0.13056
spark,150_10,1,9,gpu_warps,3592,1,0.162624
spark,150_10,1,9,gpu_warps,3593,1,0.127776
spark,150_10,1,9,gpu_warps,3594,1,0.158912
spark,150_10,1,9,gpu_warps,3595,1,0.080608
spark,150_10,1,9,gpu_warps,3596,1,0.154592
spark,150_10,1,9,gpu_warps,3597,1,0.11024
spark,150_10,1,9,gpu_warps,3598,1,0.1184
spark,150_10,1,9,gpu_warps,3599,1,0.131232
spark,150_10,1,9,gpu_warps,3600,1,0.026464
spark,150_10,1,9,gpu_warps,3601,1,0.1624
spark,150_10,1,9,gpu_warps,3602,1,0.136896
spark,150_10,1,9,gpu_warps,3603,1,0.152736
spark,150_10,1,9,gpu_warps,3604,1,0.161024
spark,150_10,1,9,gpu_warps,3605,1,0.096864
spark,150_10,1,9,gpu_warps,3606,1,0.154656
spark,150_10,1,9,gpu_warps,3607,1,0.149568
spark,150_10,1,9,gpu_warps,3608,1,0.06928
spark,150_10,1,9,gpu_warps,3609,1,0.05328
spark,150_10,1,9,gpu_warps,3610,1,0.091712
spark,150_10,1,9,gpu_warps,3611,1,0.117568
spark,150_10,1,9,gpu_warps,3612,1,0.031392
spark,150_10,1,9,gpu_warps,3613,1,0.117056
spark,150_10,1,9,gpu_warps,3614,1,0.099488
spark,150_10,1,9,gpu_warps,3615,1,0.136768
spark,150_10,1,9,gpu_warps,3616,1,0.119872
spark,150_10,1,9,gpu_warps,3617,1,0.11376
spark,150_10,1,9,gpu_warps,3618,1,0.15232
spark,150_10,1,9,gpu_warps,3619,1,0.132768
spark,150_10,1,9,gpu_warps,3620,1,0.159712
spark,150_10,1,9,gpu_warps,3621,1,0.151264
spark,150_10,1,9,gpu_warps,3622,1,0.099488
spark,150_10,1,9,gpu_warps,3623,2,0.130624
spark,150_10,1,9,gpu_warps,3624,1,0.127072
spark,150_10,1,9,gpu_warps,3625,1,0.056192
spark,150_10,1,9,gpu_warps,3626,1,0.033664
spark,150_10,1,9,gpu_warps,3627,1,0.090592
spark,150_10,1,9,gpu_warps,3628,1,0.16656
spark,150_10,1,9,gpu_warps,3629,1,0.0528
spark,150_10,1,9,gpu_warps,3630,1,0.08816
spark,150_10,1,9,gpu_warps,3631,1,0.15792
spark,150_10,1,9,gpu_warps,3632,1,0.139392
spark,150_10,1,9,gpu_warps,3633,1,0.118976
spark,150_10,1,9,gpu_warps,3634,1,0.136608
spark,150_10,1,9,gpu_warps,3635,1,0.108544
spark,150_10,1,9,gpu_warps,3636,1,0.027968
spark,150_10,1,9,gpu_warps,3637,1,0.142208
spark,150_10,1,9,gpu_warps,3638,1,0.153888
spark,150_10,1,9,gpu_warps,3639,1,0.083904
spark,150_10,1,9,gpu_warps,3640,1,0.094784
spark,150_10,1,9,gpu_warps,3641,1,0.129888
spark,150_10,1,9,gpu_warps,3642,1,0.159616
spark,150_10,1,9,gpu_warps,3643,1,0.156128
spark,150_10,1,9,gpu_warps,3644,1,0.05856
spark,150_10,1,9,gpu_warps,3645,1,0.15584
spark,150_10,1,9,gpu_warps,3646,1,0.081056
spark,150_10,1,9,gpu_warps,3647,1,0.033568
spark,150_10,1,9,gpu_warps,3648,1,0.087968
spark,150_10,1,9,gpu_warps,3649,1,0.139904
spark,150_10,1,9,gpu_warps,3650,1,0.061792
spark,150_10,1,9,gpu_warps,3651,1,0.031968
spark,150_10,1,9,gpu_warps,3652,1,0.144992
spark,150_10,1,9,gpu_warps,3653,1,0.131808
spark,150_10,1,9,gpu_warps,3654,1,0.120352
spark,150_10,1,9,gpu_warps,3655,1,0.130528
spark,150_10,1,9,gpu_warps,3656,1,0.158912
spark,150_10,1,9,gpu_warps,3657,1,0.066048
spark,150_10,1,9,gpu_warps,3658,1,0.154304
spark,150_10,1,9,gpu_warps,3659,1,0.123616
spark,150_10,1,9,gpu_warps,3660,1,0.063712
spark,150_10,1,9,gpu_warps,3661,1,0.117568
spark,150_10,1,9,gpu_warps,3662,1,0.12288
spark,150_10,1,9,gpu_warps,3663,1,0.102496
spark,150_10,1,9,gpu_warps,3664,1,0.092608
spark,150_10,1,9,gpu_warps,3665,1,0.070336
spark,150_10,1,9,gpu_warps,3666,1,0.092768
spark,150_10,1,9,gpu_warps,3667,1,0.132096
spark,150_10,1,9,gpu_warps,3668,1,0.094752
spark,150_10,1,9,gpu_warps,3669,1,0.101856
spark,150_10,1,9,gpu_warps,3670,1,0.130624
spark,150_10,1,9,gpu_warps,3671,1,0.126048
spark,150_10,1,9,gpu_warps,3672,1,0.1096
spark,150_10,1,9,gpu_warps,3673,1,0.089696
spark,150_10,1,9,gpu_warps,3674,1,0.11504
spark,150_10,1,9,gpu_warps,3675,1,0.067872
spark,150_10,1,9,gpu_warps,3676,1,0.03808
spark,150_10,1,9,gpu_warps,3677,1,0.06416
spark,150_10,1,9,gpu_warps,3678,1,0.079072
spark,150_10,1,9,gpu_warps,3679,1,0.14336
spark,150_10,1,9,gpu_warps,3680,1,0.128928
spark,150_10,1,9,gpu_warps,3681,1,0.11888
spark,150_10,1,9,gpu_warps,3682,1,0.115712
spark,150_10,1,9,gpu_warps,3683,1,0.136032
spark,150_10,1,9,gpu_warps,3684,1,0.104352
spark,150_10,1,9,gpu_warps,3685,1,0.1552
spark,150_10,1,9,gpu_warps,3686,2,0.226432
spark,150_10,1,9,gpu_warps,3687,1,0.170336
spark,150_10,1,9,gpu_warps,3688,1,0.075136
spark,150_10,1,9,gpu_warps,3689,1,0.122496
spark,150_10,1,9,gpu_warps,3690,1,0.088992
spark,150_10,1,9,gpu_warps,3691,1,0.14896
spark,150_10,1,9,gpu_warps,3692,1,0.164768
spark,150_10,1,9,gpu_warps,3693,1,0.11552
spark,150_10,1,9,gpu_warps,3694,1,0.044608
spark,150_10,1,9,gpu_warps,3695,1,0.06736
spark,150_10,1,9,gpu_warps,3696,1,0.079904
spark,150_10,1,9,gpu_warps,3697,1,0.06736
spark,150_10,1,9,gpu_warps,3698,1,0.084832
spark,150_10,1,9,gpu_warps,3699,1,0.055616
spark,150_10,1,9,gpu_warps,3700,1,0.047264
spark,150_10,1,9,gpu_warps,3701,1,0.096032
spark,150_10,1,9,gpu_warps,3702,1,0.141504
spark,150_10,1,9,gpu_warps,3703,1,0.143392
spark,150_10,1,9,gpu_warps,3704,1,0.04864
spark,150_10,1,9,gpu_warps,3705,1,0.057952
spark,150_10,1,9,gpu_warps,3706,1,0.142016
spark,150_10,1,9,gpu_warps,3707,1,0.023296
spark,150_10,1,9,gpu_warps,3708,1,0.100448
spark,150_10,1,9,gpu_warps,3709,1,0.166624
spark,150_10,1,9,gpu_warps,3710,1,0.15376
spark,150_10,1,9,gpu_warps,3711,1,0.06208
spark,150_10,1,9,gpu_warps,3712,1,0.152448
spark,150_10,1,9,gpu_warps,3713,1,0.058528
spark,150_10,1,9,gpu_warps,3714,1,0.041824
spark,150_10,1,9,gpu_warps,3715,1,0.125088
spark,150_10,1,9,gpu_warps,3716,1,0.0688
spark,150_10,1,9,gpu_warps,3717,1,0.051264
spark,150_10,1,9,gpu_warps,3718,1,0.033024
spark,150_10,1,9,gpu_warps,3719,1,0.103584
spark,150_10,1,9,gpu_warps,3720,1,0.1272
spark,150_10,1,9,gpu_warps,3721,1,0.118976
spark,150_10,1,9,gpu_warps,3722,1,0.14512
spark,150_10,1,9,gpu_warps,3723,1,0.155488
spark,150_10,1,9,gpu_warps,3724,1,0.148704
spark,150_10,1,9,gpu_warps,3725,1,0.132736
spark,150_10,1,9,gpu_warps,3726,1,0.063552
spark,150_10,1,9,gpu_warps,3727,1,0.154432
spark,150_10,1,9,gpu_warps,3728,1,0.13872
spark,150_10,1,9,gpu_warps,3729,1,0.085024
spark,150_10,1,9,gpu_warps,3730,1,0.13248
spark,150_10,1,9,gpu_warps,3731,1,0.152928
spark,150_10,1,9,gpu_warps,3732,1,0.109856
spark,150_10,1,9,gpu_warps,3733,1,0.102528
spark,150_10,1,9,gpu_warps,3734,1,0.11376
spark,150_10,1,9,gpu_warps,3735,1,0.086048
spark,150_10,1,9,gpu_warps,3736,1,0.056096
spark,150_10,1,9,gpu_warps,3737,1,0.046816
spark,150_10,1,9,gpu_warps,3738,1,0.05712
spark,150_10,1,9,gpu_warps,3739,1,0.079392
spark,150_10,1,9,gpu_warps,3740,1,0.09472
spark,150_10,1,9,gpu_warps,3741,1,0.064768
spark,150_10,1,9,gpu_warps,3742,1,0.114912
spark,150_10,1,9,gpu_warps,3743,1,0.158208
spark,150_10,1,10,gpu_registers,0,4650,3.847744
spark,150_10,1,10,gpu_registers,1,2138,1.897632
spark,150_10,1,10,gpu_registers,2,1437,1.322752
spark,150_10,1,10,gpu_registers,3,942,0.921984
spark,150_10,1,10,gpu_registers,4,625,0.71056
spark,150_10,1,10,gpu_registers,5,410,0.479616
spark,150_10,1,10,gpu_registers,6,259,0.341792
spark,150_10,1,10,gpu_registers,7,157,0.270272
spark,150_10,1,10,gpu_registers,8,92,0.24848
spark,150_10,1,10,gpu_registers,9,47,0.24112
spark,150_10,1,10,gpu_registers,10,28,0.239424
spark,150_10,1,10,gpu_registers,11,12,0.235904
spark,150_10,1,10,gpu_registers,12,7,0.238656
spark,150_10,1,10,gpu_registers,13,4,0.203808
spark,150_10,1,10,gpu_registers,14,2,0.182688
spark,150_10,1,10,gpu_registers,15,1,0.2176
spark,150_10,1,10,gpu_registers,16,1,0.214208
spark,150_10,1,10,gpu_registers,17,1,0.224192
spark,150_10,1,10,gpu_registers,18,1,0.132576
spark,150_10,1,10,gpu_registers,19,1,0.164832
spark,150_10,1,10,gpu_registers,20,1,0.20848
spark,150_10,1,10,gpu_registers,21,1,0.172032
spark,150_10,1,10,gpu_registers,22,1,0.1736
spark,150_10,1,10,gpu_registers,23,1,0.238688
spark,150_10,1,10,gpu_registers,24,1,0.07664
spark,150_10,1,10,gpu_registers,25,1,0.22032
spark,150_10,1,10,gpu_registers,26,1,0.124032
spark,150_10,1,10,gpu_registers,27,1,0.176192
spark,150_10,1,10,gpu_registers,28,1,0.17008
spark,150_10,1,10,gpu_registers,29,1,0.228256
spark,150_10,1,10,gpu_registers,30,1,0.037024
spark,150_10,1,10,gpu_registers,31,1,0.051616
spark,150_10,1,10,gpu_registers,32,1,0.216224
spark,150_10,1,10,gpu_registers,33,1,0.09584
spark,150_10,1,10,gpu_registers,34,1,0.218432
spark,150_10,1,10,gpu_registers,35,1,0.136608
spark,150_10,1,10,gpu_registers,36,1,0.111552
spark,150_10,1,10,gpu_registers,37,1,0.054816
spark,150_10,1,10,gpu_registers,38,1,0.139168
spark,150_10,1,10,gpu_registers,39,1,0.189728
spark,150_10,1,10,gpu_registers,40,1,0.154592
spark,150_10,1,10,gpu_registers,41,1,0.217472
spark,150_10,1,10,gpu_registers,42,1,0.09392
spark,150_10,1,10,gpu_registers,43,1,0.056032
spark,150_10,1,10,gpu_registers,44,1,0.057632
spark,150_10,1,10,gpu_registers,45,1,0.225856
spark,150_10,1,10,gpu_registers,46,1,0.156416
spark,150_10,1,10,gpu_registers,47,1,0.191488
spark,150_10,1,10,gpu_registers,48,1,0.175552
spark,150_10,1,10,gpu_registers,49,1,0.113632
spark,150_10,1,10,gpu_registers,50,1,0.062592
spark,150_10,1,10,gpu_registers,51,1,0.201248
spark,150_10,1,10,gpu_registers,52,1,0.130912
spark,150_10,1,10,gpu_registers,53,1,0.198688
spark,150_10,1,10,gpu_registers,54,1,0.150208
spark,150_10,1,10,gpu_registers,55,1,0.138688
spark,150_10,1,10,gpu_registers,56,1,0.202944
spark,150_10,1,10,gpu_registers,57,2,0.23264
spark,150_10,1,10,gpu_registers,58,1,0.050976
spark,150_10,1,10,gpu_registers,59,1,0.204224
spark,150_10,1,10,gpu_registers,60,1,0.20112
spark,150_10,1,10,gpu_registers,61,1,0.212064
spark,150_10,1,10,gpu_registers,62,1,0.21312
spark,150_10,1,10,gpu_registers,63,1,0.117664
spark,150_10,1,10,gpu_registers,64,1,0.117152
spark,150_10,1,10,gpu_registers,65,1,0.135936
spark,150_10,1,10,gpu_registers,66,1,0.08112
spark,150_10,1,10,gpu_registers,67,1,0.146976
spark,150_10,1,10,gpu_registers,68,1,0.208352
spark,150_10,1,10,gpu_registers,69,1,0.191168
spark,150_10,1,10,gpu_registers,70,2,0.216864
spark,150_10,1,10,gpu_registers,71,1,0.1328
spark,150_10,1,10,gpu_registers,72,1,0.054848
spark,150_10,1,10,gpu_registers,73,1,0.205984
spark,150_10,1,10,gpu_registers,74,1,0.092928
spark,150_10,1,10,gpu_registers,75,1,0.020384
spark,150_10,1,10,gpu_registers,76,1,0.169024
spark,150_10,1,10,gpu_registers,77,1,0.182944
spark,150_10,1,10,gpu_registers,78,1,0.15712
spark,150_10,1,10,gpu_registers,79,1,0.211552
spark,150_10,1,10,gpu_registers,80,1,0.10624
spark,150_10,1,10,gpu_registers,81,1,0.142496
spark,150_10,1,10,gpu_registers,82,1,0.037696
spark,150_10,1,10,gpu_registers,83,1,0.237312
spark,150_10,1,10,gpu_registers,84,1,0.017408
spark,150_10,1,10,gpu_registers,85,1,0.21088
spark,150_10,1,10,gpu_registers,86,1,0.163328
spark,150_10,1,10,gpu_registers,87,1,0.169504
spark,150_10,1,10,gpu_registers,88,1,0.143872
spark,150_10,1,10,gpu_registers,89,1,0.21776
spark,150_10,1,10,gpu_registers,90,1,0.161952
spark,150_10,1,10,gpu_registers,91,1,0.039072
spark,150_10,1,10,gpu_registers,92,1,0.055584
spark,150_10,1,10,gpu_registers,93,1,0.140832
spark,150_10,1,10,gpu_registers,94,1,0.227744
spark,150_10,1,10,gpu_registers,95,1,0.088032
spark,150_10,1,10,gpu_registers,96,1,0.165792
spark,150_10,1,10,gpu_registers,97,1,0.139648
spark,150_10,1,10,gpu_registers,98,1,0.2216
spark,150_10,1,10,gpu_registers,99,1,0.170752
spark,150_10,1,10,gpu_registers,100,1,0.202944
spark,150_10,1,10,gpu_registers,101,1,0.20848
spark,150_10,1,10,gpu_registers,102,1,0.198016
spark,150_10,1,10,gpu_registers,103,1,0.076928
spark,150_10,1,10,gpu_registers,104,1,0.167168
spark,150_10,1,10,gpu_registers,105,1,0.019584
spark,150_10,1,10,gpu_registers,106,1,0.145312
spark,150_10,1,10,gpu_registers,107,1,0.221536
spark,150_10,1,10,gpu_registers,108,1,0.15136
spark,150_10,1,10,gpu_registers,109,1,0.1304
spark,150_10,1,10,gpu_registers,110,1,0.16704
spark,150_10,1,10,gpu_registers,111,1,0.098208
spark,150_10,1,10,gpu_registers,112,1,0.169152
spark,150_10,1,10,gpu_registers,113,1,0.089152
spark,150_10,1,10,gpu_registers,114,1,0.222336
spark,150_10,1,10,gpu_registers,115,1,0.204608
spark,150_10,1,10,gpu_registers,116,1,0.05296
spark,150_10,1,10,gpu_registers,117,1,0.191456
spark,150_10,1,10,gpu_registers,118,1,0.119168
spark,150_10,1,10,gpu_registers,119,1,0.072224
spark,150_10,1,10,gpu_registers,120,1,0.225152
spark,150_10,1,10,gpu_registers,121,1,0.091264
spark,150_10,1,10,gpu_registers,122,1,0.05008
spark,150_10,1,10,gpu_registers,123,1,0.217248
spark,150_10,1,10,gpu_registers,124,1,0.100448
spark,150_10,1,10,gpu_registers,125,1,0.203104
spark,150_10,1,10,gpu_registers,126,1,0.142944
spark,150_10,1,10,gpu_registers,127,1,0.05312
spark,150_10,1,10,gpu_registers,128,1,0.154816
spark,150_10,1,10,gpu_registers,129,1,0.175616
spark,150_10,1,10,gpu_registers,130,1,0.231104
spark,150_10,1,10,gpu_registers,131,1,0.22208
spark,150_10,1,10,gpu_registers,132,1,0.227488
spark,150_10,1,10,gpu_registers,133,1,0.126784
spark,150_10,1,10,gpu_registers,134,1,0.1472
spark,150_10,1,10,gpu_registers,135,1,0.215552
spark,150_10,1,10,gpu_registers,136,1,0.180288
spark,150_10,1,10,gpu_registers,137,1,0.154464
spark,150_10,1,10,gpu_registers,138,1,0.23024
spark,150_10,1,10,gpu_registers,139,1,0.235616
spark,150_10,1,10,gpu_registers,140,1,0.118272
spark,150_10,1,10,gpu_registers,141,1,0.225824
spark,150_10,1,10,gpu_registers,142,1,0.104224
spark,150_10,1,10,gpu_registers,143,1,0.123168
spark,150_10,1,10,gpu_registers,144,1,0.214944
spark,150_10,1,10,gpu_registers,145,1,0.212256
spark,150_10,1,10,gpu_registers,146,1,0.03776
spark,150_10,1,10,gpu_registers,147,1,0.147296
spark,150_10,1,10,gpu_registers,148,1,0.186944
spark,150_10,1,10,gpu_registers,149,1,0.070848
spark,150_10,1,10,gpu_registers,150,1,0.19312
spark,150_10,1,10,gpu_registers,151,1,0.216384
spark,150_10,1,10,gpu_registers,152,1,0.100352
spark,150_10,1,10,gpu_registers,153,1,0.073376
spark,150_10,1,10,gpu_registers,154,1,0.198048
spark,150_10,1,10,gpu_registers,155,1,0.207392
spark,150_10,1,10,gpu_registers,156,1,0.088512
spark,150_10,1,10,gpu_registers,157,1,0.240608
spark,150_10,1,10,gpu_registers,158,1,0.088096
spark,150_10,1,10,gpu_registers,159,1,0.15312
spark,150_10,1,10,gpu_registers,160,1,0.216608
spark,150_10,1,10,gpu_registers,161,2,0.235648
spark,150_10,1,10,gpu_registers,162,2,0.217504
spark,150_10,1,10,gpu_registers,163,1,0.1608
spark,150_10,1,10,gpu_registers,164,1,0.20864
spark,150_10,1,10,gpu_registers,165,1,0.139488
spark,150_10,1,10,gpu_registers,166,1,0.058688
spark,150_10,1,10,gpu_registers,167,1,0.166016
spark,150_10,1,10,gpu_registers,168,1,0.180192
spark,150_10,1,10,gpu_registers,169,1,0.236256
spark,150_10,1,10,gpu_registers,170,1,0.231968
spark,150_10,1,10,gpu_registers,171,1,0.23552
spark,150_10,1,10,gpu_registers,172,1,0.21984
spark,150_10,1,10,gpu_registers,173,1,0.227808
spark,150_10,1,10,gpu_registers,174,1,0.214144
spark,150_10,1,10,gpu_registers,175,1,0.11488
spark,150_10,1,10,gpu_registers,176,1,0.033824
spark,150_10,1,10,gpu_registers,177,1,0.214304
spark,150_10,1,10,gpu_registers,178,1,0.179904
spark,150_10,1,10,gpu_registers,179,1,0.209696
spark,150_10,1,10,gpu_registers,180,1,0.201696
spark,150_10,1,10,gpu_registers,181,1,0.211168
spark,150_10,1,10,gpu_registers,182,1,0.150432
spark,150_10,1,10,gpu_registers,183,1,0.23712
spark,150_10,1,10,gpu_registers,184,1,0.122688
spark,150_10,1,10,gpu_registers,185,1,0.156896
spark,150_10,1,10,gpu_registers,186,1,0.210176
spark,150_10,1,10,gpu_registers,187,1,0.070912
spark,150_10,1,10,gpu_registers,188,1,0.193824
spark,150_10,1,10,gpu_registers,189,1,0.192096
spark,150_10,1,10,gpu_registers,190,1,0.087808
spark,150_10,1,10,gpu_registers,191,1,0.057184
spark,150_10,1,10,gpu_registers,192,1,0.178176
spark,150_10,1,10,gpu_registers,193,1,0.127136
spark,150_10,1,10,gpu_registers,194,1,0.136384
spark,150_10,1,10,gpu_registers,195,1,0.035328
spark,150_10,1,10,gpu_registers,196,1,0.218176
spark,150_10,1,10,gpu_registers,197,1,0.23952
spark,150_10,1,10,gpu_registers,198,1,0.126592
spark,150_10,1,10,gpu_registers,199,1,0.206592
spark,150_10,1,10,gpu_registers,200,1,0.153184
spark,150_10,1,10,gpu_registers,201,1,0.230624
spark,150_10,1,10,gpu_registers,202,1,0.174464
spark,150_10,1,10,gpu_registers,203,1,0.13632
spark,150_10,1,10,gpu_registers,204,1,0.127392
spark,150_10,1,10,gpu_registers,205,1,0.239808
spark,150_10,1,10,gpu_registers,206,1,0.210752
spark,150_10,1,10,gpu_registers,207,1,0.052352
spark,150_10,1,10,gpu_registers,208,1,0.158496
spark,150_10,1,10,gpu_registers,209,1,0.218528
spark,150_10,1,10,gpu_registers,210,1,0.202848
spark,150_10,1,10,gpu_registers,211,1,0.160704
spark,150_10,1,10,gpu_registers,212,1,0.236032
spark,150_10,1,10,gpu_registers,213,1,0.191488
spark,150_10,1,10,gpu_registers,214,1,0.188896
spark,150_10,1,10,gpu_registers,215,1,0.03856
spark,150_10,1,10,gpu_registers,216,1,0.185152
spark,150_10,1,10,gpu_registers,217,1,0.11792
spark,150_10,1,10,gpu_registers,218,1,0.11968
spark,150_10,1,10,gpu_registers,219,1,0.095808
spark,150_10,1,10,gpu_registers,220,1,0.117408
spark,150_10,1,10,gpu_registers,221,1,0.174656
spark,150_10,1,10,gpu_registers,222,1,0.2328
spark,150_10,1,10,gpu_registers,223,1,0.08144
spark,150_10,1,10,gpu_registers,224,1,0.020608
spark,150_10,1,10,gpu_registers,225,1,0.1008
spark,150_10,1,10,gpu_registers,226,1,0.070144
spark,150_10,1,10,gpu_registers,227,1,0.01872
spark,150_10,1,10,gpu_registers,228,1,0.140416
spark,150_10,1,10,gpu_registers,229,1,0.021696
spark,150_10,1,10,gpu_registers,230,1,0.095552
spark,150_10,1,10,gpu_registers,231,1,0.147616
spark,150_10,1,10,gpu_registers,232,1,0.14304
spark,150_10,1,10,gpu_registers,233,1,0.034848
spark,150_10,1,10,gpu_registers,234,1,0.183328
spark,150_10,1,10,gpu_registers,235,1,0.178208
spark,150_10,1,10,gpu_registers,236,2,0.171008
spark,150_10,1,10,gpu_registers,237,1,0.111008
spark,150_10,1,10,gpu_registers,238,1,0.228032
spark,150_10,1,10,gpu_registers,239,1,0.231648
spark,150_10,1,10,gpu_registers,240,1,0.073024
spark,150_10,1,10,gpu_registers,241,1,0.075584
spark,150_10,1,10,gpu_registers,242,1,0.155584
spark,150_10,1,10,gpu_registers,243,1,0.104128
spark,150_10,1,10,gpu_registers,244,1,0.210176
spark,150_10,1,10,gpu_registers,245,1,0.142944
spark,150_10,1,10,gpu_registers,246,1,0.231392
spark,150_10,1,10,gpu_registers,247,1,0.230272
spark,150_10,1,10,gpu_registers,248,1,0.175648
spark,150_10,1,10,gpu_registers,249,1,0.216384
spark,150_10,1,10,gpu_registers,250,1,0.234464
spark,150_10,1,10,gpu_registers,251,1,0.201184
spark,150_10,1,10,gpu_registers,252,1,0.165248
spark,150_10,1,10,gpu_registers,253,1,0.1016
spark,150_10,1,10,gpu_registers,254,1,0.224224
spark,150_10,1,10,gpu_registers,255,1,0.198112
spark,150_10,1,10,gpu_registers,256,1,0.163872
spark,150_10,1,10,gpu_registers,257,1,0.227552
spark,150_10,1,10,gpu_registers,258,1,0.17952
spark,150_10,1,10,gpu_registers,259,1,0.182016
spark,150_10,1,10,gpu_registers,260,1,0.186496
spark,150_10,1,10,gpu_registers,261,1,0.141536
spark,150_10,1,10,gpu_registers,262,1,0.234464
spark,150_10,1,10,gpu_registers,263,1,0.1848
spark,150_10,1,10,gpu_registers,264,1,0.038208
spark,150_10,1,10,gpu_registers,265,1,0.184128
spark,150_10,1,10,gpu_registers,266,1,0.233696
spark,150_10,1,10,gpu_registers,267,1,0.1056
spark,150_10,1,10,gpu_registers,268,1,0.176608
spark,150_10,1,10,gpu_registers,269,1,0.142784
spark,150_10,1,10,gpu_registers,270,1,0.167296
spark,150_10,1,10,gpu_registers,271,1,0.128448
spark,150_10,1,10,gpu_registers,272,1,0.226976
spark,150_10,1,10,gpu_registers,273,1,0.106304
spark,150_10,1,10,gpu_registers,274,1,0.130144
spark,150_10,1,10,gpu_registers,275,1,0.147232
spark,150_10,1,10,gpu_registers,276,1,0.164608
spark,150_10,1,10,gpu_registers,277,1,0.184576
spark,150_10,1,10,gpu_registers,278,1,0.172192
spark,150_10,1,10,gpu_registers,279,1,0.237504
spark,150_10,1,10,gpu_registers,280,1,0.221152
spark,150_10,1,10,gpu_registers,281,1,0.090272
spark,150_10,1,10,gpu_registers,282,1,0.090336
spark,150_10,1,10,gpu_registers,283,1,0.207136
spark,150_10,1,10,gpu_registers,284,1,0.056704
spark,150_10,1,10,gpu_registers,285,1,0.022336
spark,150_10,1,10,gpu_registers,286,1,0.070368
spark,150_10,1,10,gpu_registers,287,1,0.235616
spark,150_10,1,10,gpu_registers,288,1,0.090688
spark,150_10,1,10,gpu_registers,289,1,0.159264
spark,150_10,1,10,gpu_registers,290,1,0.130304
spark,150_10,1,10,gpu_registers,291,1,0.129664
spark,150_10,1,10,gpu_registers,292,1,0.088448
spark,150_10,1,10,gpu_registers,293,1,0.200288
spark,150_10,1,10,gpu_registers,294,1,0.126208
spark,150_10,1,10,gpu_registers,295,1,0.14112
spark,150_10,1,10,gpu_registers,296,1,0.203968
spark,150_10,1,10,gpu_registers,297,1,0.096768
spark,150_10,1,10,gpu_registers,298,1,0.056224
spark,150_10,1,10,gpu_registers,299,1,0.141728
spark,150_10,1,10,gpu_registers,300,1,0.203392
spark,150_10,1,10,gpu_registers,301,1,0.0896
spark,150_10,1,10,gpu_registers,302,1,0.07616
spark,150_10,1,10,gpu_registers,303,1,0.203936
spark,150_10,1,10,gpu_registers,304,1,0.15888
spark,150_10,1,10,gpu_registers,305,1,0.128512
spark,150_10,1,10,gpu_registers,306,1,0.074464
spark,150_10,1,10,gpu_registers,307,1,0.071072
spark,150_10,1,10,gpu_registers,308,1,0.231904
spark,150_10,1,10,gpu_registers,309,1,0.197792
spark,150_10,1,10,gpu_registers,310,1,0.053248
spark,150_10,1,10,gpu_registers,311,1,0.189088
spark,150_10,1,10,gpu_registers,312,1,0.02
spark,150_10,1,10,gpu_registers,313,1,0.085792
spark,150_10,1,10,gpu_registers,314,1,0.089728
spark,150_10,1,10,gpu_registers,315,1,0.166656
spark,150_10,1,10,gpu_registers,316,1,0.024416
spark,150_10,1,10,gpu_registers,317,1,0.132224
spark,150_10,1,10,gpu_registers,318,1,0.126496
spark,150_10,1,10,gpu_registers,319,1,0.20592
spark,150_10,1,10,gpu_registers,320,1,0.1368
spark,150_10,1,10,gpu_registers,321,1,0.039712
spark,150_10,1,10,gpu_registers,322,1,0.120864
spark,150_10,1,10,gpu_registers,323,1,0.176512
spark,150_10,1,10,gpu_registers,324,1,0.089216
spark,150_10,1,10,gpu_registers,325,1,0.182528
spark,150_10,1,10,gpu_registers,326,1,0.04112
spark,150_10,1,10,gpu_registers,327,1,0.216544
spark,150_10,1,10,gpu_registers,328,1,0.145408
spark,150_10,1,10,gpu_registers,329,1,0.218976
spark,150_10,1,10,gpu_registers,330,1,0.088544
spark,150_10,1,10,gpu_registers,331,1,0.197792
spark,150_10,1,10,gpu_registers,332,1,0.069536
spark,150_10,1,10,gpu_registers,333,1,0.021184
spark,150_10,1,10,gpu_registers,334,1,0.052288
spark,150_10,1,10,gpu_registers,335,1,0.105504
spark,150_10,1,10,gpu_registers,336,1,0.108416
spark,150_10,1,10,gpu_registers,337,1,0.120224
spark,150_10,1,10,gpu_registers,338,1,0.184768
spark,150_10,1,10,gpu_registers,339,1,0.180576
spark,150_10,1,10,gpu_registers,340,1,0.126432
spark,150_10,1,10,gpu_registers,341,1,0.119648
spark,150_10,1,10,gpu_registers,342,1,0.0696
spark,150_10,1,10,gpu_registers,343,1,0.136096
spark,150_10,1,10,gpu_registers,344,1,0.233568
spark,150_10,1,10,gpu_registers,345,1,0.156064
spark,150_10,1,10,gpu_registers,346,1,0.184512
spark,150_10,1,10,gpu_registers,347,1,0.140736
spark,150_10,1,10,gpu_registers,348,1,0.106272
spark,150_10,1,10,gpu_registers,349,1,0.225568
spark,150_10,1,10,gpu_registers,350,1,0.1456
spark,150_10,1,10,gpu_registers,351,1,0.14208
spark,150_10,1,10,gpu_registers,352,1,0.19984
spark,150_10,1,10,gpu_registers,353,1,0.202112
spark,150_10,1,10,gpu_registers,354,1,0.113888
spark,150_10,1,10,gpu_registers,355,1,0.052736
spark,150_10,1,10,gpu_registers,356,1,0.154528
spark,150_10,1,10,gpu_registers,357,1,0.091776
spark,150_10,1,10,gpu_registers,358,1,0.212704
spark,150_10,1,10,gpu_registers,359,1,0.143424
spark,150_10,1,10,gpu_registers,360,1,0.208896
spark,150_10,1,10,gpu_registers,361,1,0.236032
spark,150_10,1,10,gpu_registers,362,1,0.19968
spark,150_10,1,10,gpu_registers,363,1,0.217504
spark,150_10,1,10,gpu_registers,364,1,0.208288
spark,150_10,1,10,gpu_registers,365,1,0.11856
spark,150_10,1,10,gpu_registers,366,1,0.072064
spark,150_10,1,10,gpu_registers,367,1,0.090816
spark,150_10,1,10,gpu_registers,368,1,0.136672
spark,150_10,1,10,gpu_registers,369,1,0.15184
spark,150_10,1,10,gpu_registers,370,1,0.140896
spark,150_10,1,10,gpu_registers,371,1,0.219072
spark,150_10,1,10,gpu_registers,372,1,0.148032
spark,150_10,1,10,gpu_registers,373,1,0.184032
spark,150_10,1,10,gpu_registers,374,1,0.183008
spark,150_10,1,10,gpu_registers,375,1,0.210624
spark,150_10,1,10,gpu_registers,376,1,0.131008
spark,150_10,1,10,gpu_registers,377,1,0.073664
spark,150_10,1,10,gpu_registers,378,1,0.138432
spark,150_10,1,10,gpu_registers,379,1,0.018976
spark,150_10,1,10,gpu_registers,380,1,0.15744
spark,150_10,1,10,gpu_registers,381,1,0.0904
spark,150_10,1,10,gpu_registers,382,1,0.147456
spark,150_10,1,10,gpu_registers,383,1,0.182944
spark,150_10,1,10,gpu_registers,384,1,0.212096
spark,150_10,1,10,gpu_registers,385,1,0.136864
spark,150_10,1,10,gpu_registers,386,1,0.146144
spark,150_10,1,10,gpu_registers,387,1,0.159168
spark,150_10,1,10,gpu_registers,388,1,0.211552
spark,150_10,1,10,gpu_registers,389,1,0.219296
spark,150_10,1,10,gpu_registers,390,1,0.125568
spark,150_10,1,10,gpu_registers,391,1,0.178496
spark,150_10,1,10,gpu_registers,392,1,0.214912
spark,150_10,1,10,gpu_registers,393,1,0.152576
spark,150_10,1,10,gpu_registers,394,1,0.018144
spark,150_10,1,10,gpu_registers,395,1,0.130976
spark,150_10,1,10,gpu_registers,396,1,0.23648
spark,150_10,1,10,gpu_registers,397,1,0.195776
spark,150_10,1,10,gpu_registers,398,1,0.106752
spark,150_10,1,10,gpu_registers,399,1,0.071744
spark,150_10,1,10,gpu_registers,400,1,0.19664
spark,150_10,1,10,gpu_registers,401,1,0.218944
spark,150_10,1,10,gpu_registers,402,1,0.135616
spark,150_10,1,10,gpu_registers,403,1,0.070976
spark,150_10,1,10,gpu_registers,404,1,0.172256
spark,150_10,1,10,gpu_registers,405,1,0.202752
spark,150_10,1,10,gpu_registers,406,1,0.226368
spark,150_10,1,10,gpu_registers,407,1,0.14048
spark,150_10,1,10,gpu_registers,408,1,0.017056
spark,150_10,1,10,gpu_registers,409,1,0.100352
spark,150_10,1,10,gpu_registers,410,1,0.089856
spark,150_10,1,10,gpu_registers,411,1,0.16624
spark,150_10,1,10,gpu_registers,412,1,0.083648
spark,150_10,1,10,gpu_registers,413,1,0.204352
spark,150_10,1,10,gpu_registers,414,1,0.07472
spark,150_10,1,10,gpu_registers,415,1,0.229024
spark,150_10,1,10,gpu_registers,416,1,0.089472
spark,150_10,1,10,gpu_registers,417,1,0.219104
spark,150_10,1,10,gpu_registers,418,1,0.20144
spark,150_10,1,10,gpu_registers,419,1,0.217792
spark,150_10,1,10,gpu_registers,420,1,0.20272
spark,150_10,1,10,gpu_registers,421,2,0.188
spark,150_10,1,10,gpu_registers,422,2,0.216736
spark,150_10,1,10,gpu_registers,423,1,0.169376
spark,150_10,1,10,gpu_registers,424,1,0.163424
spark,150_10,1,10,gpu_registers,425,1,0.231616
spark,150_10,1,10,gpu_registers,426,1,0.096736
spark,150_10,1,10,gpu_registers,427,1,0.237088
spark,150_10,1,10,gpu_registers,428,1,0.147264
spark,150_10,1,10,gpu_registers,429,1,0.17232
spark,150_10,1,10,gpu_registers,430,1,0.221888
spark,150_10,1,10,gpu_registers,431,1,0.233792
spark,150_10,1,10,gpu_registers,432,1,0.197504
spark,150_10,1,10,gpu_registers,433,1,0.207648
spark,150_10,1,10,gpu_registers,434,1,0.188576
spark,150_10,1,10,gpu_registers,435,1,0.221824
spark,150_10,1,10,gpu_registers,436,1,0.184352
spark,150_10,1,10,gpu_registers,437,1,0.221632
spark,150_10,1,10,gpu_registers,438,1,0.12608
spark,150_10,1,10,gpu_registers,439,1,0.172544
spark,150_10,1,10,gpu_registers,440,1,0.17664
spark,150_10,1,10,gpu_registers,441,1,0.069088
spark,150_10,1,10,gpu_registers,442,1,0.054592
spark,150_10,1,10,gpu_registers,443,1,0.061344
spark,150_10,1,10,gpu_registers,444,1,0.195456
spark,150_10,1,10,gpu_registers,445,1,0.159488
spark,150_10,1,10,gpu_registers,446,1,0.123904
spark,150_10,1,10,gpu_registers,447,1,0.124832
spark,150_10,1,10,gpu_registers,448,1,0.114368
spark,150_10,1,10,gpu_registers,449,1,0.20832
spark,150_10,1,10,gpu_registers,450,1,0.227008
spark,150_10,1,10,gpu_registers,451,1,0.034688
spark,150_10,1,10,gpu_registers,452,1,0.087968
spark,150_10,1,10,gpu_registers,453,1,0.164576
spark,150_10,1,10,gpu_registers,454,1,0.034976
spark,150_10,1,10,gpu_registers,455,1,0.020448
spark,150_10,1,10,gpu_registers,456,1,0.209856
spark,150_10,1,10,gpu_registers,457,1,0.230592
spark,150_10,1,10,gpu_registers,458,1,0.235104
spark,150_10,1,10,gpu_registers,459,1,0.0344
spark,150_10,1,10,gpu_registers,460,1,0.196096
spark,150_10,1,10,gpu_registers,461,1,0.082848
spark,150_10,1,10,gpu_registers,462,1,0.178272
spark,150_10,1,10,gpu_registers,463,1,0.181568
spark,150_10,1,10,gpu_registers,464,1,0.215424
spark,150_10,1,10,gpu_registers,465,1,0.210784
spark,150_10,1,10,gpu_registers,466,1,0.052128
spark,150_10,1,10,gpu_registers,467,1,0.088224
spark,150_10,1,10,gpu_registers,468,1,0.15536
spark,150_10,1,10,gpu_registers,469,1,0.12128
spark,150_10,1,10,gpu_registers,470,1,0.19808
spark,150_10,1,10,gpu_registers,471,1,0.171808
spark,150_10,1,10,gpu_registers,472,1,0.206048
spark,150_10,1,10,gpu_registers,473,1,0.126848
spark,150_10,1,10,gpu_registers,474,1,0.072064
spark,150_10,1,10,gpu_registers,475,1,0.141024
spark,150_10,1,10,gpu_registers,476,1,0.118624
spark,150_10,1,10,gpu_registers,477,1,0.162368
spark,150_10,1,10,gpu_registers,478,1,0.108416
spark,150_10,1,10,gpu_registers,479,1,0.039072
spark,150_10,1,10,gpu_registers,480,1,0.085312
spark,150_10,1,10,gpu_registers,481,1,0.164832
spark,150_10,1,10,gpu_registers,482,1,0.21728
spark,150_10,1,10,gpu_registers,483,2,0.192064
spark,150_10,1,10,gpu_registers,484,1,0.213632
spark,150_10,1,10,gpu_registers,485,1,0.084832
spark,150_10,1,10,gpu_registers,486,1,0.092096
spark,150_10,1,10,gpu_registers,487,1,0.21888
spark,150_10,1,10,gpu_registers,488,1,0.205504
spark,150_10,1,10,gpu_registers,489,1,0.175968
spark,150_10,1,10,gpu_registers,490,1,0.032704
spark,150_10,1,10,gpu_registers,491,1,0.086944
spark,150_10,1,10,gpu_registers,492,1,0.180768
spark,150_10,1,10,gpu_registers,493,1,0.193408
spark,150_10,1,10,gpu_registers,494,1,0.094464
spark,150_10,1,10,gpu_registers,495,1,0.01952
spark,150_10,1,10,gpu_registers,496,1,0.13152
spark,150_10,1,10,gpu_registers,497,1,0.130848
spark,150_10,1,10,gpu_registers,498,1,0.05552
spark,150_10,1,10,gpu_registers,499,1,0.114848
spark,150_10,1,10,gpu_registers,500,1,0.139264
spark,150_10,1,10,gpu_registers,501,1,0.227648
spark,150_10,1,10,gpu_registers,502,1,0.224576
spark,150_10,1,10,gpu_registers,503,2,0.224928
spark,150_10,1,10,gpu_registers,504,1,0.226624
spark,150_10,1,10,gpu_registers,505,1,0.23376
spark,150_10,1,10,gpu_registers,506,1,0.208
spark,150_10,1,10,gpu_registers,507,1,0.135712
spark,150_10,1,10,gpu_registers,508,1,0.162816
spark,150_10,1,10,gpu_registers,509,1,0.16256
spark,150_10,1,10,gpu_registers,510,1,0.236
spark,150_10,1,10,gpu_registers,511,1,0.132736
spark,150_10,1,10,gpu_registers,512,1,0.165312
spark,150_10,1,10,gpu_registers,513,1,0.097952
spark,150_10,1,10,gpu_registers,514,1,0.150656
spark,150_10,1,10,gpu_registers,515,1,0.12672
spark,150_10,1,10,gpu_registers,516,1,0.125024
spark,150_10,1,10,gpu_registers,517,1,0.16512
spark,150_10,1,10,gpu_registers,518,1,0.1616
spark,150_10,1,10,gpu_registers,519,1,0.208896
spark,150_10,1,10,gpu_registers,520,1,0.210752
spark,150_10,1,10,gpu_registers,521,1,0.068768
spark,150_10,1,10,gpu_registers,522,1,0.236288
spark,150_10,1,10,gpu_registers,523,1,0.170816
spark,150_10,1,10,gpu_registers,524,1,0.19728
spark,150_10,1,10,gpu_registers,525,1,0.156544
spark,150_10,1,10,gpu_registers,526,1,0.19952
spark,150_10,1,10,gpu_registers,527,1,0.235264
spark,150_10,1,10,gpu_registers,528,1,0.118048
spark,150_10,1,10,gpu_registers,529,1,0.020832
spark,150_10,1,10,gpu_registers,530,1,0.179104
spark,150_10,1,10,gpu_registers,531,1,0.156064
spark,150_10,1,10,gpu_registers,532,1,0.097792
spark,150_10,1,10,gpu_registers,533,1,0.034688
spark,150_10,1,10,gpu_registers,534,1,0.052864
spark,150_10,1,10,gpu_registers,535,1,0.143264
spark,150_10,1,10,gpu_registers,536,1,0.127968
spark,150_10,1,10,gpu_registers,537,1,0.16144
spark,150_10,1,10,gpu_registers,538,1,0.2256
spark,150_10,1,10,gpu_registers,539,1,0.051808
spark,150_10,1,10,gpu_registers,540,1,0.137888
spark,150_10,1,10,gpu_registers,541,1,0.088896
spark,150_10,1,10,gpu_registers,542,1,0.124768
spark,150_10,1,10,gpu_registers,543,1,0.02064
spark,150_10,1,10,gpu_registers,544,1,0.184384
spark,150_10,1,10,gpu_registers,545,1,0.092736
spark,150_10,1,10,gpu_registers,546,1,0.13312
spark,150_10,1,10,gpu_registers,547,1,0.211648
spark,150_10,1,10,gpu_registers,548,1,0.150912
spark,150_10,1,10,gpu_registers,549,1,0.237664
spark,150_10,1,10,gpu_registers,550,2,0.177568
spark,150_10,1,10,gpu_registers,551,2,0.236448
spark,150_10,1,10,gpu_registers,552,1,0.220032
spark,150_10,1,10,gpu_registers,553,1,0.12336
spark,150_10,1,10,gpu_registers,554,1,0.023232
spark,150_10,1,10,gpu_registers,555,1,0.21632
spark,150_10,1,10,gpu_registers,556,1,0.021184
spark,150_10,1,10,gpu_registers,557,1,0.081536
spark,150_10,1,10,gpu_registers,558,1,0.146144
spark,150_10,1,10,gpu_registers,559,1,0.20864
spark,150_10,1,10,gpu_registers,560,1,0.180896
spark,150_10,1,10,gpu_registers,561,2,0.187104
spark,150_10,1,10,gpu_registers,562,1,0.236512
spark,150_10,1,10,gpu_registers,563,1,0.154752
spark,150_10,1,10,gpu_registers,564,1,0.117184
spark,150_10,1,10,gpu_registers,565,1,0.225056
spark,150_10,1,10,gpu_registers,566,1,0.227136
spark,150_10,1,10,gpu_registers,567,1,0.201568
spark,150_10,1,10,gpu_registers,568,1,0.088064
spark,150_10,1,10,gpu_registers,569,1,0.192448
spark,150_10,1,10,gpu_registers,570,1,0.197504
spark,150_10,1,10,gpu_registers,571,1,0.23072
spark,150_10,1,10,gpu_registers,572,2,0.22816
spark,150_10,1,10,gpu_registers,573,1,0.228352
spark,150_10,1,10,gpu_registers,574,1,0.221536
spark,150_10,1,10,gpu_registers,575,1,0.12528
spark,150_10,1,10,gpu_registers,576,1,0.22096
spark,150_10,1,10,gpu_registers,577,1,0.22368
spark,150_10,1,10,gpu_registers,578,1,0.021824
spark,150_10,1,10,gpu_registers,579,1,0.14192
spark,150_10,1,10,gpu_registers,580,1,0.14256
spark,150_10,1,10,gpu_registers,581,1,0.156032
spark,150_10,1,10,gpu_registers,582,1,0.207648
spark,150_10,1,10,gpu_registers,583,1,0.112832
spark,150_10,1,10,gpu_registers,584,1,0.19776
spark,150_10,1,10,gpu_registers,585,1,0.169376
spark,150_10,1,10,gpu_registers,586,1,0.198304
spark,150_10,1,10,gpu_registers,587,1,0.222016
spark,150_10,1,10,gpu_registers,588,1,0.18
spark,150_10,1,10,gpu_registers,589,1,0.05712
spark,150_10,1,10,gpu_registers,590,1,0.1528
spark,150_10,1,10,gpu_registers,591,1,0.215168
spark,150_10,1,10,gpu_registers,592,1,0.0504
spark,150_10,1,10,gpu_registers,593,1,0.10976
spark,150_10,1,10,gpu_registers,594,1,0.225248
spark,150_10,1,10,gpu_registers,595,1,0.110848
spark,150_10,1,10,gpu_registers,596,1,0.214848
spark,150_10,1,10,gpu_registers,597,1,0.214368
spark,150_10,1,10,gpu_registers,598,1,0.070784
spark,150_10,1,10,gpu_registers,599,1,0.118976
spark,150_10,1,10,gpu_registers,600,1,0.136768
spark,150_10,1,10,gpu_registers,601,1,0.229568
spark,150_10,1,10,gpu_registers,602,1,0.127904
spark,150_10,1,10,gpu_registers,603,1,0.205632
spark,150_10,1,10,gpu_registers,604,1,0.123104
spark,150_10,1,10,gpu_registers,605,1,0.085824
spark,150_10,1,10,gpu_registers,606,1,0.227168
spark,150_10,1,10,gpu_registers,607,1,0.206144
spark,150_10,1,10,gpu_registers,608,1,0.205792
spark,150_10,1,10,gpu_registers,609,1,0.113824
spark,150_10,1,10,gpu_registers,610,1,0.034848
spark,150_10,1,10,gpu_registers,611,1,0.154976
spark,150_10,1,10,gpu_registers,612,1,0.093728
spark,150_10,1,10,gpu_registers,613,1,0.119296
spark,150_10,1,10,gpu_registers,614,1,0.125504
spark,150_10,1,10,gpu_registers,615,1,0.143072
spark,150_10,1,10,gpu_registers,616,1,0.153152
spark,150_10,1,10,gpu_registers,617,1,0.225568
spark,150_10,1,10,gpu_registers,618,1,0.09248
spark,150_10,1,10,gpu_registers,619,1,0.03552
spark,150_10,1,10,gpu_registers,620,1,0.209696
spark,150_10,1,10,gpu_registers,621,1,0.129376
spark,150_10,1,10,gpu_registers,622,1,0.236736
spark,150_10,1,10,gpu_registers,623,1,0.088224
spark,150_10,1,10,gpu_registers,624,1,0.0952
spark,150_10,1,10,gpu_registers,625,1,0.121792
spark,150_10,1,10,gpu_registers,626,1,0.119296
spark,150_10,1,10,gpu_registers,627,1,0.226368
spark,150_10,1,10,gpu_registers,628,1,0.19104
spark,150_10,1,10,gpu_registers,629,1,0.174016
spark,150_10,1,10,gpu_registers,630,1,0.237024
spark,150_10,1,10,gpu_registers,631,1,0.089184
spark,150_10,1,10,gpu_registers,632,1,0.117856
spark,150_10,1,10,gpu_registers,633,1,0.159616
spark,150_10,1,10,gpu_registers,634,1,0.220192
spark,150_10,1,10,gpu_registers,635,1,0.114656
spark,150_10,1,10,gpu_registers,636,1,0.071872
spark,150_10,1,10,gpu_registers,637,1,0.109312
spark,150_10,1,10,gpu_registers,638,1,0.2144
spark,150_10,1,10,gpu_registers,639,1,0.19552
spark,150_10,1,10,gpu_registers,640,1,0.186048
spark,150_10,1,10,gpu_registers,641,1,0.23264
spark,150_10,1,10,gpu_registers,642,1,0.033984
spark,150_10,1,10,gpu_registers,643,1,0.054016
spark,150_10,1,10,gpu_registers,644,1,0.223328
spark,150_10,1,10,gpu_registers,645,1,0.039072
spark,150_10,1,10,gpu_registers,646,1,0.205344
spark,150_10,1,10,gpu_registers,647,1,0.184608
spark,150_10,1,10,gpu_registers,648,1,0.225248
spark,150_10,1,10,gpu_registers,649,1,0.176192
spark,150_10,1,10,gpu_registers,650,1,0.229088
spark,150_10,1,10,gpu_registers,651,1,0.201696
spark,150_10,1,10,gpu_registers,652,1,0.222048
spark,150_10,1,10,gpu_registers,653,1,0.07504
spark,150_10,1,10,gpu_registers,654,1,0.136928
spark,150_10,1,10,gpu_registers,655,1,0.18432
spark,150_10,1,10,gpu_registers,656,1,0.148864
spark,150_10,1,10,gpu_registers,657,1,0.092256
spark,150_10,1,10,gpu_registers,658,1,0.221312
spark,150_10,1,10,gpu_registers,659,1,0.234656
spark,150_10,1,10,gpu_registers,660,1,0.208704
spark,150_10,1,10,gpu_registers,661,1,0.182848
spark,150_10,1,10,gpu_registers,662,1,0.13872
spark,150_10,1,10,gpu_registers,663,1,0.186432
spark,150_10,1,10,gpu_registers,664,1,0.086592
spark,150_10,1,10,gpu_registers,665,1,0.206848
spark,150_10,1,10,gpu_registers,666,1,0.182368
spark,150_10,1,10,gpu_registers,667,1,0.197408
spark,150_10,1,10,gpu_registers,668,1,0.16064
spark,150_10,1,10,gpu_registers,669,1,0.111648
spark,150_10,1,10,gpu_registers,670,1,0.21456
spark,150_10,1,10,gpu_registers,671,1,0.225152
spark,150_10,1,10,gpu_registers,672,1,0.21776
spark,150_10,1,10,gpu_registers,673,2,0.230208
spark,150_10,1,10,gpu_registers,674,2,0.222656
spark,150_10,1,10,gpu_registers,675,1,0.236512
spark,150_10,1,10,gpu_registers,676,1,0.198048
spark,150_10,1,10,gpu_registers,677,1,0.113344
spark,150_10,1,10,gpu_registers,678,1,0.236544
spark,150_10,1,10,gpu_registers,679,1,0.23552
spark,150_10,1,10,gpu_registers,680,1,0.22992
spark,150_10,1,10,gpu_registers,681,1,0.212672
spark,150_10,1,10,gpu_registers,682,1,0.220576
spark,150_10,1,10,gpu_registers,683,1,0.20304
spark,150_10,1,10,gpu_registers,684,1,0.234304
spark,150_10,1,10,gpu_registers,685,1,0.230752
spark,150_10,1,10,gpu_registers,686,1,0.154496
spark,150_10,1,10,gpu_registers,687,1,0.171936
spark,150_10,1,10,gpu_registers,688,1,0.09008
spark,150_10,1,10,gpu_registers,689,1,0.129728
spark,150_10,1,10,gpu_registers,690,1,0.152224
spark,150_10,1,10,gpu_registers,691,1,0.15808
spark,150_10,1,10,gpu_registers,692,1,0.0984
spark,150_10,1,10,gpu_registers,693,1,0.072416
spark,150_10,1,10,gpu_registers,694,1,0.038016
spark,150_10,1,10,gpu_registers,695,1,0.147872
spark,150_10,1,10,gpu_registers,696,1,0.185504
spark,150_10,1,10,gpu_registers,697,1,0.15808
spark,150_10,1,10,gpu_registers,698,1,0.172864
spark,150_10,1,10,gpu_registers,699,1,0.218592
spark,150_10,1,10,gpu_registers,700,1,0.187136
spark,150_10,1,10,gpu_registers,701,1,0.113728
spark,150_10,1,10,gpu_registers,702,1,0.112416
spark,150_10,1,10,gpu_registers,703,1,0.209024
spark,150_10,1,10,gpu_registers,704,1,0.108384
spark,150_10,1,10,gpu_registers,705,1,0.205504
spark,150_10,1,10,gpu_registers,706,1,0.220224
spark,150_10,1,10,gpu_registers,707,1,0.137184
spark,150_10,1,10,gpu_registers,708,1,0.17696
spark,150_10,1,10,gpu_registers,709,1,0.21664
spark,150_10,1,10,gpu_registers,710,1,0.017856
spark,150_10,1,10,gpu_registers,711,1,0.056832
spark,150_10,1,10,gpu_registers,712,1,0.086304
spark,150_10,1,10,gpu_registers,713,1,0.149824
spark,150_10,1,10,gpu_registers,714,1,0.073888
spark,150_10,1,10,gpu_registers,715,1,0.156288
spark,150_10,1,10,gpu_registers,716,1,0.147808
spark,150_10,1,10,gpu_registers,717,1,0.082816
spark,150_10,1,10,gpu_registers,718,1,0.156256
spark,150_10,1,10,gpu_registers,719,1,0.164448
spark,150_10,1,10,gpu_registers,720,1,0.173792
spark,150_10,1,10,gpu_registers,721,1,0.091072
spark,150_10,1,10,gpu_registers,722,1,0.23024
spark,150_10,1,10,gpu_registers,723,1,0.146528
spark,150_10,1,10,gpu_registers,724,1,0.232608
spark,150_10,1,10,gpu_registers,725,1,0.053088
spark,150_10,1,10,gpu_registers,726,1,0.101184
spark,150_10,1,10,gpu_registers,727,1,0.192608
spark,150_10,1,10,gpu_registers,728,1,0.091296
spark,150_10,1,10,gpu_registers,729,1,0.19328
spark,150_10,1,10,gpu_registers,730,1,0.227456
spark,150_10,1,10,gpu_registers,731,1,0.157376
spark,150_10,1,10,gpu_registers,732,1,0.109216
spark,150_10,1,10,gpu_registers,733,1,0.158176
spark,150_10,1,10,gpu_registers,734,1,0.13696
spark,150_10,1,10,gpu_registers,735,1,0.16784
spark,150_10,1,10,gpu_registers,736,1,0.211456
spark,150_10,1,10,gpu_registers,737,1,0.142304
spark,150_10,1,10,gpu_registers,738,1,0.229536
spark,150_10,1,10,gpu_registers,739,1,0.227648
spark,150_10,1,10,gpu_registers,740,1,0.14816
spark,150_10,1,10,gpu_registers,741,1,0.201824
spark,150_10,1,10,gpu_registers,742,1,0.236928
spark,150_10,1,10,gpu_registers,743,1,0.191712
spark,150_10,1,10,gpu_registers,744,1,0.1032
spark,150_10,1,10,gpu_registers,745,1,0.092928
spark,150_10,1,10,gpu_registers,746,1,0.073888
spark,150_10,1,10,gpu_registers,747,1,0.056736
spark,150_10,1,10,gpu_registers,748,1,0.134272
spark,150_10,1,10,gpu_registers,749,1,0.069664
spark,150_10,1,10,gpu_registers,750,1,0.176352
spark,150_10,1,10,gpu_registers,751,1,0.090272
spark,150_10,1,10,gpu_registers,752,1,0.176224
spark,150_10,1,10,gpu_registers,753,1,0.230272
spark,150_10,1,10,gpu_registers,754,1,0.237984
spark,150_10,1,10,gpu_registers,755,1,0.222848
spark,150_10,1,10,gpu_registers,756,1,0.07328
spark,150_10,1,10,gpu_registers,757,1,0.090336
spark,150_10,1,10,gpu_registers,758,1,0.128608
spark,150_10,1,10,gpu_registers,759,1,0.202976
spark,150_10,1,10,gpu_registers,760,1,0.12576
spark,150_10,1,10,gpu_registers,761,1,0.092288
spark,150_10,1,10,gpu_registers,762,1,0.141504
spark,150_10,1,10,gpu_registers,763,1,0.130688
spark,150_10,1,10,gpu_registers,764,1,0.038848
spark,150_10,1,10,gpu_registers,765,1,0.206848
spark,150_10,1,10,gpu_registers,766,1,0.229472
spark,150_10,1,10,gpu_registers,767,1,0.22656
spark,150_10,1,10,gpu_registers,768,1,0.234304
spark,150_10,1,10,gpu_registers,769,2,0.206816
spark,150_10,1,10,gpu_registers,770,2,0.214592
spark,150_10,1,10,gpu_registers,771,1,0.21344
spark,150_10,1,10,gpu_registers,772,1,0.159872
spark,150_10,1,10,gpu_registers,773,1,0.191328
spark,150_10,1,10,gpu_registers,774,1,0.072064
spark,150_10,1,10,gpu_registers,775,1,0.091296
spark,150_10,1,10,gpu_registers,776,1,0.107072
spark,150_10,1,10,gpu_registers,777,1,0.180448
spark,150_10,1,10,gpu_registers,778,1,0.201824
spark,150_10,1,10,gpu_registers,779,1,0.1864
spark,150_10,1,10,gpu_registers,780,1,0.106144
spark,150_10,1,10,gpu_registers,781,1,0.149376
spark,150_10,1,10,gpu_registers,782,1,0.087488
spark,150_10,1,10,gpu_registers,783,1,0.211424
spark,150_10,1,10,gpu_registers,784,1,0.212096
spark,150_10,1,10,gpu_registers,785,1,0.112768
spark,150_10,1,10,gpu_registers,786,1,0.09856
spark,150_10,1,10,gpu_registers,787,1,0.171072
spark,150_10,1,10,gpu_registers,788,2,0.232224
spark,150_10,1,10,gpu_registers,789,1,0.19056
spark,150_10,1,10,gpu_registers,790,1,0.071232
spark,150_10,1,10,gpu_registers,791,1,0.202656
spark,150_10,1,10,gpu_registers,792,1,0.208736
spark,150_10,1,10,gpu_registers,793,1,0.221984
spark,150_10,1,10,gpu_registers,794,1,0.220576
spark,150_10,1,10,gpu_registers,795,1,0.181664
spark,150_10,1,10,gpu_registers,796,1,0.153088
spark,150_10,1,10,gpu_registers,797,1,0.2056
spark,150_10,1,10,gpu_registers,798,1,0.191744
spark,150_10,1,10,gpu_registers,799,1,0.210144
spark,150_10,1,10,gpu_registers,800,1,0.1872
spark,150_10,1,10,gpu_registers,801,1,0.18704
spark,150_10,1,10,gpu_registers,802,1,0.131968
spark,150_10,1,10,gpu_registers,803,1,0.228736
spark,150_10,1,10,gpu_registers,804,1,0.175808
spark,150_10,1,10,gpu_registers,805,1,0.227392
spark,150_10,1,10,gpu_registers,806,1,0.23312
spark,150_10,1,10,gpu_registers,807,1,0.153056
spark,150_10,1,10,gpu_registers,808,1,0.206048
spark,150_10,1,10,gpu_registers,809,1,0.21296
spark,150_10,1,10,gpu_registers,810,1,0.173184
spark,150_10,1,10,gpu_registers,811,1,0.11584
spark,150_10,1,10,gpu_registers,812,1,0.163744
spark,150_10,1,10,gpu_registers,813,1,0.074464
spark,150_10,1,10,gpu_registers,814,1,0.150368
spark,150_10,1,10,gpu_registers,815,1,0.229056
spark,150_10,1,10,gpu_registers,816,1,0.191136
spark,150_10,1,10,gpu_registers,817,1,0.161312
spark,150_10,1,10,gpu_registers,818,1,0.22496
spark,150_10,1,10,gpu_registers,819,1,0.05632
spark,150_10,1,10,gpu_registers,820,1,0.090336
spark,150_10,1,10,gpu_registers,821,1,0.200576
spark,150_10,1,10,gpu_registers,822,1,0.121952
spark,150_10,1,10,gpu_registers,823,1,0.196928
spark,150_10,1,10,gpu_registers,824,1,0.219744
spark,150_10,1,10,gpu_registers,825,1,0.22768
spark,150_10,1,10,gpu_registers,826,1,0.126848
spark,150_10,1,10,gpu_registers,827,1,0.22768
spark,150_10,1,10,gpu_registers,828,1,0.054848
spark,150_10,1,10,gpu_registers,829,1,0.089408
spark,150_10,1,10,gpu_registers,830,1,0.07456
spark,150_10,1,10,gpu_registers,831,1,0.109312
spark,150_10,1,10,gpu_registers,832,1,0.142112
spark,150_10,1,10,gpu_registers,833,1,0.217472
spark,150_10,1,10,gpu_registers,834,1,0.091808
spark,150_10,1,10,gpu_registers,835,1,0.166304
spark,150_10,1,10,gpu_registers,836,1,0.132672
spark,150_10,1,10,gpu_registers,837,1,0.212448
spark,150_10,1,10,gpu_registers,838,1,0.220992
spark,150_10,1,10,gpu_registers,839,1,0.23104
spark,150_10,1,10,gpu_registers,840,1,0.17728
spark,150_10,1,10,gpu_registers,841,1,0.072576
spark,150_10,1,10,gpu_registers,842,1,0.202272
spark,150_10,1,10,gpu_registers,843,1,0.200992
spark,150_10,1,10,gpu_registers,844,1,0.2352
spark,150_10,1,10,gpu_registers,845,1,0.237728
spark,150_10,1,10,gpu_registers,846,1,0.216672
spark,150_10,1,10,gpu_registers,847,1,0.22816
spark,150_10,1,10,gpu_registers,848,1,0.212896
spark,150_10,1,10,gpu_registers,849,1,0.099904
spark,150_10,1,10,gpu_registers,850,1,0.144224
spark,150_10,1,10,gpu_registers,851,1,0.151104
spark,150_10,1,10,gpu_registers,852,1,0.021024
spark,150_10,1,10,gpu_registers,853,1,0.130816
spark,150_10,1,10,gpu_registers,854,1,0.032736
spark,150_10,1,10,gpu_registers,855,1,0.090304
spark,150_10,1,10,gpu_registers,856,1,0.21232
spark,150_10,1,10,gpu_registers,857,1,0.234272
spark,150_10,1,10,gpu_registers,858,1,0.186688
spark,150_10,1,10,gpu_registers,859,1,0.18432
spark,150_10,1,10,gpu_registers,860,1,0.148928
spark,150_10,1,10,gpu_registers,861,1,0.125696
spark,150_10,1,10,gpu_registers,862,1,0.10928
spark,150_10,1,10,gpu_registers,863,1,0.218784
spark,150_10,1,10,gpu_registers,864,1,0.089248
spark,150_10,1,10,gpu_registers,865,1,0.109024
spark,150_10,1,10,gpu_registers,866,1,0.182496
spark,150_10,1,10,gpu_registers,867,1,0.182016
spark,150_10,1,10,gpu_registers,868,1,0.141792
spark,150_10,1,10,gpu_registers,869,1,0.213856
spark,150_10,1,10,gpu_registers,870,1,0.231328
spark,150_10,1,10,gpu_registers,871,1,0.058848
spark,150_10,1,10,gpu_registers,872,1,0.103424
spark,150_10,1,10,gpu_registers,873,1,0.180096
spark,150_10,1,10,gpu_registers,874,1,0.198944
spark,150_10,1,10,gpu_registers,875,1,0.17648
spark,150_10,1,10,gpu_registers,876,1,0.230816
spark,150_10,1,10,gpu_registers,877,1,0.2184
spark,150_10,1,10,gpu_registers,878,1,0.186656
spark,150_10,1,10,gpu_registers,879,1,0.167328
spark,150_10,1,10,gpu_registers,880,1,0.120832
spark,150_10,1,10,gpu_registers,881,1,0.12368
spark,150_10,1,10,gpu_registers,882,1,0.150336
spark,150_10,1,10,gpu_registers,883,1,0.088096
spark,150_10,1,10,gpu_registers,884,1,0.225376
spark,150_10,1,10,gpu_registers,885,1,0.192064
spark,150_10,1,10,gpu_registers,886,1,0.158592
spark,150_10,1,10,gpu_registers,887,2,0.217312
spark,150_10,1,10,gpu_registers,888,2,0.165696
spark,150_10,1,10,gpu_registers,889,1,0.197664
spark,150_10,1,10,gpu_registers,890,1,0.054912
spark,150_10,1,10,gpu_registers,891,1,0.09456
spark,150_10,1,10,gpu_registers,892,1,0.177568
spark,150_10,1,10,gpu_registers,893,1,0.13168
spark,150_10,1,10,gpu_registers,894,1,0.118496
spark,150_10,1,10,gpu_registers,895,1,0.211168
spark,150_10,1,10,gpu_registers,896,1,0.051136
spark,150_10,1,10,gpu_registers,897,1,0.087296
spark,150_10,1,10,gpu_registers,898,1,0.162432
spark,150_10,1,10,gpu_registers,899,1,0.232096
spark,150_10,1,10,gpu_registers,900,2,0.1888
spark,150_10,1,10,gpu_registers,901,2,0.18944
spark,150_10,1,10,gpu_registers,902,1,0.220288
spark,150_10,1,10,gpu_registers,903,1,0.225856
spark,150_10,1,10,gpu_registers,904,1,0.127584
spark,150_10,1,10,gpu_registers,905,1,0.200736
spark,150_10,1,10,gpu_registers,906,1,0.036544
spark,150_10,1,10,gpu_registers,907,1,0.129472
spark,150_10,1,10,gpu_registers,908,1,0.107776
spark,150_10,1,10,gpu_registers,909,1,0.058496
spark,150_10,1,10,gpu_registers,910,1,0.052352
spark,150_10,1,10,gpu_registers,911,1,0.1456
spark,150_10,1,10,gpu_registers,912,1,0.198752
spark,150_10,1,10,gpu_registers,913,1,0.217664
spark,150_10,1,10,gpu_registers,914,1,0.150208
spark,150_10,1,10,gpu_registers,915,1,0.203648
spark,150_10,1,10,gpu_registers,916,1,0.094368
spark,150_10,1,10,gpu_registers,917,1,0.038496
spark,150_10,1,10,gpu_registers,918,1,0.120928
spark,150_10,1,10,gpu_registers,919,1,0.186368
spark,150_10,1,10,gpu_registers,920,1,0.205472
spark,150_10,1,10,gpu_registers,921,1,0.22656
spark,150_10,1,10,gpu_registers,922,1,0.230336
spark,150_10,1,10,gpu_registers,923,1,0.091904
spark,150_10,1,10,gpu_registers,924,1,0.193344
spark,150_10,1,10,gpu_registers,925,1,0.207008
spark,150_10,1,10,gpu_registers,926,1,0.092672
spark,150_10,1,10,gpu_registers,927,1,0.128096
spark,150_10,1,10,gpu_registers,928,1,0.07472
spark,150_10,1,10,gpu_registers,929,1,0.026816
spark,150_10,1,10,gpu_registers,930,1,0.209792
spark,150_10,1,10,gpu_registers,931,1,0.13296
spark,150_10,1,10,gpu_registers,932,1,0.19632
spark,150_10,1,10,gpu_registers,933,1,0.02048
spark,150_10,1,10,gpu_registers,934,1,0.114528
spark,150_10,1,10,gpu_registers,935,1,0.129664
spark,150_10,1,10,gpu_registers,936,1,0.088704
spark,150_10,1,10,gpu_registers,937,1,0.1968
spark,150_10,1,10,gpu_registers,938,1,0.131712
spark,150_10,1,10,gpu_registers,939,1,0.087488
spark,150_10,1,10,gpu_registers,940,1,0.157856
spark,150_10,1,10,gpu_registers,941,2,0.230656
spark,150_10,1,10,gpu_registers,942,2,0.221888
spark,150_10,1,10,gpu_registers,943,1,0.238144
spark,150_10,1,10,gpu_registers,944,1,0.171552
spark,150_10,1,10,gpu_registers,945,1,0.170432
spark,150_10,1,10,gpu_registers,946,1,0.094208
spark,150_10,1,10,gpu_registers,947,1,0.099808
spark,150_10,1,10,gpu_registers,948,1,0.120064
spark,150_10,1,10,gpu_registers,949,1,0.226816
spark,150_10,1,10,gpu_registers,950,1,0.160672
spark,150_10,1,10,gpu_registers,951,1,0.151552
spark,150_10,1,10,gpu_registers,952,1,0.170144
spark,150_10,1,10,gpu_registers,953,1,0.109248
spark,150_10,1,10,gpu_registers,954,1,0.03776
spark,150_10,1,10,gpu_registers,955,1,0.231872
spark,150_10,1,10,gpu_registers,956,1,0.144352
spark,150_10,1,10,gpu_registers,957,1,0.072288
spark,150_10,1,10,gpu_registers,958,1,0.211776
spark,150_10,1,10,gpu_registers,959,1,0.09248
spark,150_10,1,10,gpu_registers,960,1,0.209952
spark,150_10,1,10,gpu_registers,961,1,0.238528
spark,150_10,1,10,gpu_registers,962,1,0.173184
spark,150_10,1,10,gpu_registers,963,1,0.126944
spark,150_10,1,10,gpu_registers,964,1,0.114144
spark,150_10,1,10,gpu_registers,965,1,0.125472
spark,150_10,1,10,gpu_registers,966,1,0.231136
spark,150_10,1,10,gpu_registers,967,1,0.0208
spark,150_10,1,10,gpu_registers,968,1,0.12176
spark,150_10,1,10,gpu_registers,969,1,0.122592
spark,150_10,1,10,gpu_registers,970,1,0.129088
spark,150_10,1,10,gpu_registers,971,1,0.088224
spark,150_10,1,10,gpu_registers,972,1,0.037056
spark,150_10,1,10,gpu_registers,973,1,0.152096
spark,150_10,1,10,gpu_registers,974,1,0.1624
spark,150_10,1,10,gpu_registers,975,2,0.171072
spark,150_10,1,10,gpu_registers,976,1,0.20272
spark,150_10,1,10,gpu_registers,977,1,0.109536
spark,150_10,1,10,gpu_registers,978,1,0.230592
spark,150_10,1,10,gpu_registers,979,1,0.213888
spark,150_10,1,10,gpu_registers,980,1,0.073952
spark,150_10,1,10,gpu_registers,981,1,0.088032
spark,150_10,1,10,gpu_registers,982,1,0.104192
spark,150_10,1,10,gpu_registers,983,1,0.22848
spark,150_10,1,10,gpu_registers,984,1,0.105088
spark,150_10,1,10,gpu_registers,985,1,0.150624
spark,150_10,1,10,gpu_registers,986,1,0.091296
spark,150_10,1,10,gpu_registers,987,1,0.07184
spark,150_10,1,10,gpu_registers,988,1,0.168384
spark,150_10,1,10,gpu_registers,989,1,0.104288
spark,150_10,1,10,gpu_registers,990,1,0.229408
spark,150_10,1,10,gpu_registers,991,1,0.22384
spark,150_10,1,10,gpu_registers,992,1,0.132192
spark,150_10,1,10,gpu_registers,993,1,0.087616
spark,150_10,1,10,gpu_registers,994,1,0.228544
spark,150_10,1,10,gpu_registers,995,1,0.127392
spark,150_10,1,10,gpu_registers,996,1,0.177824
spark,150_10,1,10,gpu_registers,997,1,0.160256
spark,150_10,1,10,gpu_registers,998,1,0.233248
spark,150_10,1,10,gpu_registers,999,1,0.022336
spark,150_10,1,10,gpu_registers,1000,1,0.19888
spark,150_10,1,10,gpu_registers,1001,1,0.052288
spark,150_10,1,10,gpu_registers,1002,1,0.214688
spark,150_10,1,10,gpu_registers,1003,1,0.111936
spark,150_10,1,10,gpu_registers,1004,1,0.05312
spark,150_10,1,10,gpu_registers,1005,1,0.04192
spark,150_10,1,10,gpu_registers,1006,1,0.094208
spark,150_10,1,10,gpu_registers,1007,1,0.083904
spark,150_10,1,10,gpu_registers,1008,1,0.17232
spark,150_10,1,10,gpu_registers,1009,1,0.128608
spark,150_10,1,10,gpu_registers,1010,1,0.22848
spark,150_10,1,10,gpu_registers,1011,1,0.19328
spark,150_10,1,10,gpu_registers,1012,1,0.155552
spark,150_10,1,10,gpu_registers,1013,1,0.11184
spark,150_10,1,10,gpu_registers,1014,1,0.07312
spark,150_10,1,10,gpu_registers,1015,1,0.072064
spark,150_10,1,10,gpu_registers,1016,1,0.091584
spark,150_10,1,10,gpu_registers,1017,1,0.13664
spark,150_10,1,10,gpu_registers,1018,1,0.01872
spark,150_10,1,10,gpu_registers,1019,1,0.16768
spark,150_10,1,10,gpu_registers,1020,1,0.230528
spark,150_10,1,10,gpu_registers,1021,1,0.110656
spark,150_10,1,10,gpu_registers,1022,1,0.158752
spark,150_10,1,10,gpu_registers,1023,1,0.096704
spark,150_10,1,10,gpu_registers,1024,1,0.157952
spark,150_10,1,10,gpu_registers,1025,1,0.171392
spark,150_10,1,10,gpu_registers,1026,1,0.0232
spark,150_10,1,10,gpu_registers,1027,1,0.070912
spark,150_10,1,10,gpu_registers,1028,1,0.186464
spark,150_10,1,10,gpu_registers,1029,1,0.037408
spark,150_10,1,10,gpu_registers,1030,1,0.096224
spark,150_10,1,10,gpu_registers,1031,1,0.208928
spark,150_10,1,10,gpu_registers,1032,1,0.187904
spark,150_10,1,10,gpu_registers,1033,1,0.193632
spark,150_10,1,10,gpu_registers,1034,1,0.144672
spark,150_10,1,10,gpu_registers,1035,1,0.01888
spark,150_10,1,10,gpu_registers,1036,1,0.193728
spark,150_10,1,10,gpu_registers,1037,1,0.052352
spark,150_10,1,10,gpu_registers,1038,1,0.11136
spark,150_10,1,10,gpu_registers,1039,1,0.190944
spark,150_10,1,10,gpu_registers,1040,1,0.167552
spark,150_10,1,10,gpu_registers,1041,1,0.137728
spark,150_10,1,10,gpu_registers,1042,1,0.053984
spark,150_10,1,10,gpu_registers,1043,1,0.132512
spark,150_10,1,10,gpu_registers,1044,1,0.112032
spark,150_10,1,10,gpu_registers,1045,1,0.156992
spark,150_10,1,10,gpu_registers,1046,1,0.102976
spark,150_10,1,10,gpu_registers,1047,1,0.225696
spark,150_10,1,10,gpu_registers,1048,1,0.215744
spark,150_10,1,10,gpu_registers,1049,1,0.224064
spark,150_10,1,10,gpu_registers,1050,1,0.020992
spark,150_10,1,10,gpu_registers,1051,1,0.156064
spark,150_10,1,10,gpu_registers,1052,1,0.231328
spark,150_10,1,10,gpu_registers,1053,1,0.119968
spark,150_10,1,10,gpu_registers,1054,1,0.168256
spark,150_10,1,10,gpu_registers,1055,1,0.17024
spark,150_10,1,10,gpu_registers,1056,1,0.087872
spark,150_10,1,10,gpu_registers,1057,1,0.190048
spark,150_10,1,10,gpu_registers,1058,1,0.073568
spark,150_10,1,10,gpu_registers,1059,1,0.075136
spark,150_10,1,10,gpu_registers,1060,1,0.0712
spark,150_10,1,10,gpu_registers,1061,1,0.137856
spark,150_10,1,10,gpu_registers,1062,1,0.176928
spark,150_10,1,10,gpu_registers,1063,1,0.08832
spark,150_10,1,10,gpu_registers,1064,1,0.11536
spark,150_10,1,10,gpu_registers,1065,1,0.185248
spark,150_10,1,10,gpu_registers,1066,1,0.0544
spark,150_10,1,10,gpu_registers,1067,1,0.18384
spark,150_10,1,10,gpu_registers,1068,1,0.122752
spark,150_10,1,10,gpu_registers,1069,1,0.180704
spark,150_10,1,10,gpu_registers,1070,1,0.161856
spark,150_10,1,10,gpu_registers,1071,1,0.232416
spark,150_10,1,10,gpu_registers,1072,1,0.19888
spark,150_10,1,10,gpu_registers,1073,2,0.21776
spark,150_10,1,10,gpu_registers,1074,1,0.142048
spark,150_10,1,10,gpu_registers,1075,1,0.220864
spark,150_10,1,10,gpu_registers,1076,1,0.23744
spark,150_10,1,10,gpu_registers,1077,1,0.221856
spark,150_10,1,10,gpu_registers,1078,1,0.233024
spark,150_10,1,10,gpu_registers,1079,1,0.231168
spark,150_10,1,10,gpu_registers,1080,1,0.129408
spark,150_10,1,10,gpu_registers,1081,1,0.227328
spark,150_10,1,10,gpu_registers,1082,1,0.033632
spark,150_10,1,10,gpu_registers,1083,1,0.068512
spark,150_10,1,10,gpu_registers,1084,1,0.102624
spark,150_10,1,10,gpu_registers,1085,1,0.157024
spark,150_10,1,10,gpu_registers,1086,1,0.20096
spark,150_10,1,10,gpu_registers,1087,1,0.15984
spark,150_10,1,10,gpu_registers,1088,1,0.156768
spark,150_10,1,10,gpu_registers,1089,1,0.165792
spark,150_10,1,10,gpu_registers,1090,1,0.03344
spark,150_10,1,10,gpu_registers,1091,1,0.232768
spark,150_10,1,10,gpu_registers,1092,1,0.214144
spark,150_10,1,10,gpu_registers,1093,1,0.22
spark,150_10,1,10,gpu_registers,1094,1,0.148832
spark,150_10,1,10,gpu_registers,1095,1,0.036896
spark,150_10,1,10,gpu_registers,1096,1,0.098176
spark,150_10,1,10,gpu_registers,1097,1,0.124416
spark,150_10,1,10,gpu_registers,1098,1,0.110048
spark,150_10,1,10,gpu_registers,1099,1,0.231392
spark,150_10,1,10,gpu_registers,1100,1,0.122048
spark,150_10,1,10,gpu_registers,1101,1,0.201984
spark,150_10,1,10,gpu_registers,1102,1,0.16416
spark,150_10,1,10,gpu_registers,1103,1,0.203168
spark,150_10,1,10,gpu_registers,1104,1,0.152576
spark,150_10,1,10,gpu_registers,1105,1,0.123584
spark,150_10,1,10,gpu_registers,1106,1,0.039712
spark,150_10,1,10,gpu_registers,1107,1,0.124768
spark,150_10,1,10,gpu_registers,1108,1,0.187328
spark,150_10,1,10,gpu_registers,1109,1,0.096672
spark,150_10,1,10,gpu_registers,1110,1,0.222048
spark,150_10,1,10,gpu_registers,1111,1,0.111744
spark,150_10,1,10,gpu_registers,1112,1,0.222464
spark,150_10,1,10,gpu_registers,1113,1,0.221984
spark,150_10,1,10,gpu_registers,1114,1,0.156672
spark,150_10,1,10,gpu_registers,1115,1,0.144992
spark,150_10,1,10,gpu_registers,1116,1,0.208544
spark,150_10,1,10,gpu_registers,1117,1,0.166048
spark,150_10,1,10,gpu_registers,1118,1,0.139808
spark,150_10,1,10,gpu_registers,1119,1,0.096256
spark,150_10,1,10,gpu_registers,1120,1,0.035968
spark,150_10,1,10,gpu_registers,1121,1,0.154432
spark,150_10,1,10,gpu_registers,1122,1,0.21776
spark,150_10,1,10,gpu_registers,1123,1,0.18848
spark,150_10,1,10,gpu_registers,1124,1,0.091456
spark,150_10,1,10,gpu_registers,1125,1,0.093472
spark,150_10,1,10,gpu_registers,1126,1,0.033408
spark,150_10,1,10,gpu_registers,1127,1,0.12784
spark,150_10,1,10,gpu_registers,1128,1,0.223072
spark,150_10,1,10,gpu_registers,1129,1,0.189984
spark,150_10,1,10,gpu_registers,1130,1,0.16704
spark,150_10,1,10,gpu_registers,1131,1,0.101248
spark,150_10,1,10,gpu_registers,1132,1,0.073312
spark,150_10,1,10,gpu_registers,1133,1,0.1384
spark,150_10,1,10,gpu_registers,1134,1,0.135424
spark,150_10,1,10,gpu_registers,1135,1,0.152352
spark,150_10,1,10,gpu_registers,1136,1,0.110752
spark,150_10,1,10,gpu_registers,1137,1,0.20048
spark,150_10,1,10,gpu_registers,1138,2,0.203936
spark,150_10,1,10,gpu_registers,1139,1,0.192544
spark,150_10,1,10,gpu_registers,1140,1,0.200576
spark,150_10,1,10,gpu_registers,1141,1,0.21952
spark,150_10,1,10,gpu_registers,1142,1,0.098464
spark,150_10,1,10,gpu_registers,1143,1,0.133568
spark,150_10,1,10,gpu_registers,1144,1,0.112192
spark,150_10,1,10,gpu_registers,1145,1,0.161856
spark,150_10,1,10,gpu_registers,1146,1,0.10816
spark,150_10,1,10,gpu_registers,1147,1,0.090112
spark,150_10,1,10,gpu_registers,1148,1,0.089216
spark,150_10,1,10,gpu_registers,1149,1,0.111328
spark,150_10,1,10,gpu_registers,1150,1,0.225984
spark,150_10,1,10,gpu_registers,1151,1,0.098304
spark,150_10,1,10,gpu_registers,1152,1,0.19232
spark,150_10,1,10,gpu_registers,1153,1,0.199968
spark,150_10,1,10,gpu_registers,1154,1,0.2232
spark,150_10,1,10,gpu_registers,1155,1,0.167616
spark,150_10,1,10,gpu_registers,1156,1,0.139808
spark,150_10,1,10,gpu_registers,1157,1,0.03616
spark,150_10,1,10,gpu_registers,1158,1,0.180384
spark,150_10,1,10,gpu_registers,1159,1,0.1312
spark,150_10,1,10,gpu_registers,1160,1,0.104832
spark,150_10,1,10,gpu_registers,1161,1,0.2304
spark,150_10,1,10,gpu_registers,1162,1,0.179392
spark,150_10,1,10,gpu_registers,1163,1,0.230272
spark,150_10,1,10,gpu_registers,1164,1,0.089888
spark,150_10,1,10,gpu_registers,1165,1,0.233472
spark,150_10,1,10,gpu_registers,1166,1,0.1568
spark,150_10,1,10,gpu_registers,1167,1,0.020832
spark,150_10,1,10,gpu_registers,1168,1,0.115584
spark,150_10,1,10,gpu_registers,1169,1,0.16576
spark,150_10,1,10,gpu_registers,1170,1,0.068896
spark,150_10,1,10,gpu_registers,1171,1,0.188576
spark,150_10,1,10,gpu_registers,1172,1,0.106016
spark,150_10,1,10,gpu_registers,1173,1,0.160288
spark,150_10,1,10,gpu_registers,1174,1,0.097632
spark,150_10,1,10,gpu_registers,1175,1,0.17536
spark,150_10,1,10,gpu_registers,1176,1,0.2016
spark,150_10,1,10,gpu_registers,1177,1,0.088896
spark,150_10,1,10,gpu_registers,1178,1,0.221536
spark,150_10,1,10,gpu_registers,1179,1,0.120256
spark,150_10,1,10,gpu_registers,1180,1,0.021344
spark,150_10,1,10,gpu_registers,1181,1,0.02064
spark,150_10,1,10,gpu_registers,1182,1,0.171552
spark,150_10,1,10,gpu_registers,1183,1,0.221536
spark,150_10,1,10,gpu_registers,1184,1,0.208448
spark,150_10,1,10,gpu_registers,1185,1,0.088768
spark,150_10,1,10,gpu_registers,1186,1,0.19344
spark,150_10,1,10,gpu_registers,1187,1,0.174496
spark,150_10,1,10,gpu_registers,1188,1,0.161376
spark,150_10,1,10,gpu_registers,1189,1,0.183808
spark,150_10,1,10,gpu_registers,1190,1,0.149408
spark,150_10,1,10,gpu_registers,1191,1,0.156288
spark,150_10,1,10,gpu_registers,1192,1,0.13328
spark,150_10,1,10,gpu_registers,1193,1,0.1984
spark,150_10,1,10,gpu_registers,1194,1,0.165152
spark,150_10,1,10,gpu_registers,1195,1,0.220928
spark,150_10,1,10,gpu_registers,1196,1,0.23168
spark,150_10,1,10,gpu_registers,1197,1,0.144704
spark,150_10,1,10,gpu_registers,1198,1,0.193024
spark,150_10,1,10,gpu_registers,1199,1,0.1752
spark,150_10,1,10,gpu_registers,1200,1,0.227712
spark,150_10,1,10,gpu_registers,1201,1,0.20432
spark,150_10,1,10,gpu_registers,1202,1,0.176928
spark,150_10,1,10,gpu_registers,1203,1,0.086432
spark,150_10,1,10,gpu_registers,1204,1,0.07264
spark,150_10,1,10,gpu_registers,1205,1,0.135968
spark,150_10,1,10,gpu_registers,1206,1,0.163456
spark,150_10,1,10,gpu_registers,1207,1,0.20448
spark,150_10,1,10,gpu_registers,1208,1,0.138976
spark,150_10,1,10,gpu_registers,1209,1,0.073408
spark,150_10,1,10,gpu_registers,1210,1,0.224608
spark,150_10,1,10,gpu_registers,1211,1,0.20784
spark,150_10,1,10,gpu_registers,1212,1,0.15616
spark,150_10,1,10,gpu_registers,1213,1,0.129344
spark,150_10,1,10,gpu_registers,1214,1,0.20464
spark,150_10,1,10,gpu_registers,1215,1,0.138112
spark,150_10,1,10,gpu_registers,1216,1,0.208736
spark,150_10,1,10,gpu_registers,1217,1,0.133984
spark,150_10,1,10,gpu_registers,1218,1,0.231328
spark,150_10,1,10,gpu_registers,1219,1,0.150656
spark,150_10,1,10,gpu_registers,1220,1,0.16448
spark,150_10,1,10,gpu_registers,1221,1,0.172672
spark,150_10,1,10,gpu_registers,1222,1,0.23056
spark,150_10,1,10,gpu_registers,1223,1,0.095808
spark,150_10,1,10,gpu_registers,1224,1,0.053152
spark,150_10,1,10,gpu_registers,1225,1,0.149664
spark,150_10,1,10,gpu_registers,1226,1,0.190752
spark,150_10,1,10,gpu_registers,1227,1,0.197248
spark,150_10,1,10,gpu_registers,1228,2,0.230272
spark,150_10,1,10,gpu_registers,1229,2,0.18832
spark,150_10,1,10,gpu_registers,1230,1,0.198464
spark,150_10,1,10,gpu_registers,1231,1,0.23632
spark,150_10,1,10,gpu_registers,1232,1,0.158592
spark,150_10,1,10,gpu_registers,1233,1,0.103328
spark,150_10,1,10,gpu_registers,1234,1,0.123072
spark,150_10,1,10,gpu_registers,1235,1,0.057952
spark,150_10,1,10,gpu_registers,1236,1,0.102944
spark,150_10,1,10,gpu_registers,1237,1,0.08896
spark,150_10,1,10,gpu_registers,1238,1,0.149568
spark,150_10,1,10,gpu_registers,1239,1,0.119936
spark,150_10,1,10,gpu_registers,1240,1,0.05376
spark,150_10,1,10,gpu_registers,1241,1,0.089952
spark,150_10,1,10,gpu_registers,1242,1,0.16656
spark,150_10,1,10,gpu_registers,1243,1,0.19504
spark,150_10,1,10,gpu_registers,1244,1,0.22224
spark,150_10,1,10,gpu_registers,1245,1,0.163616
spark,150_10,1,10,gpu_registers,1246,1,0.210272
spark,150_10,1,10,gpu_registers,1247,1,0.137984
spark,150_10,1,10,gpu_registers,1248,1,0.21936
spark,150_10,1,10,gpu_registers,1249,1,0.114144
spark,150_10,1,10,gpu_registers,1250,1,0.167008
spark,150_10,1,10,gpu_registers,1251,1,0.234688
spark,150_10,1,10,gpu_registers,1252,1,0.090048
spark,150_10,1,10,gpu_registers,1253,1,0.227936
spark,150_10,1,10,gpu_registers,1254,1,0.176928
spark,150_10,1,10,gpu_registers,1255,1,0.128832
spark,150_10,1,10,gpu_registers,1256,1,0.219168
spark,150_10,1,10,gpu_registers,1257,1,0.162368
spark,150_10,1,10,gpu_registers,1258,1,0.23104
spark,150_10,1,10,gpu_registers,1259,1,0.22992
spark,150_10,1,10,gpu_registers,1260,1,0.214784
spark,150_10,1,10,gpu_registers,1261,1,0.140448
spark,150_10,1,10,gpu_registers,1262,1,0.12704
spark,150_10,1,10,gpu_registers,1263,1,0.130464
spark,150_10,1,10,gpu_registers,1264,1,0.197984
spark,150_10,1,10,gpu_registers,1265,1,0.033632
spark,150_10,1,10,gpu_registers,1266,1,0.07312
spark,150_10,1,10,gpu_registers,1267,1,0.228736
spark,150_10,1,10,gpu_registers,1268,1,0.097568
spark,150_10,1,10,gpu_registers,1269,1,0.11312
spark,150_10,1,10,gpu_registers,1270,1,0.207296
spark,150_10,1,10,gpu_registers,1271,1,0.127264
spark,150_10,1,10,gpu_registers,1272,1,0.177888
spark,150_10,1,10,gpu_registers,1273,1,0.108064
spark,150_10,1,10,gpu_registers,1274,1,0.186016
spark,150_10,1,10,gpu_registers,1275,1,0.225888
spark,150_10,1,10,gpu_registers,1276,1,0.194688
spark,150_10,1,10,gpu_registers,1277,2,0.206816
spark,150_10,1,10,gpu_registers,1278,2,0.19024
spark,150_10,1,10,gpu_registers,1279,2,0.231584
spark,150_10,1,10,gpu_registers,1280,2,0.221792
spark,150_10,1,10,gpu_registers,1281,1,0.22336
spark,150_10,1,10,gpu_registers,1282,1,0.230912
spark,150_10,1,10,gpu_registers,1283,1,0.092608
spark,150_10,1,10,gpu_registers,1284,1,0.10384
spark,150_10,1,10,gpu_registers,1285,1,0.141088
spark,150_10,1,10,gpu_registers,1286,1,0.134304
spark,150_10,1,10,gpu_registers,1287,1,0.22352
spark,150_10,1,10,gpu_registers,1288,1,0.12848
spark,150_10,1,10,gpu_registers,1289,1,0.216864
spark,150_10,1,10,gpu_registers,1290,1,0.05344
spark,150_10,1,10,gpu_registers,1291,1,0.131392
spark,150_10,1,10,gpu_registers,1292,1,0.036672
spark,150_10,1,10,gpu_registers,1293,1,0.035904
spark,150_10,1,10,gpu_registers,1294,1,0.052
spark,150_10,1,10,gpu_registers,1295,1,0.18112
spark,150_10,1,10,gpu_registers,1296,1,0.159616
spark,150_10,1,10,gpu_registers,1297,1,0.053312
spark,150_10,1,10,gpu_registers,1298,1,0.171872
spark,150_10,1,10,gpu_registers,1299,1,0.17632
spark,150_10,1,10,gpu_registers,1300,1,0.178368
spark,150_10,1,10,gpu_registers,1301,1,0.155424
spark,150_10,1,10,gpu_registers,1302,1,0.087488
spark,150_10,1,10,gpu_registers,1303,1,0.224032
spark,150_10,1,10,gpu_registers,1304,1,0.201024
spark,150_10,1,10,gpu_registers,1305,1,0.133312
spark,150_10,1,10,gpu_registers,1306,1,0.139776
spark,150_10,1,10,gpu_registers,1307,1,0.093344
spark,150_10,1,10,gpu_registers,1308,1,0.131264
spark,150_10,1,10,gpu_registers,1309,1,0.075072
spark,150_10,1,10,gpu_registers,1310,1,0.053504
spark,150_10,1,10,gpu_registers,1311,1,0.211168
spark,150_10,1,10,gpu_registers,1312,1,0.231616
spark,150_10,1,10,gpu_registers,1313,1,0.210368
spark,150_10,1,10,gpu_registers,1314,2,0.164032
spark,150_10,1,10,gpu_registers,1315,1,0.195552
spark,150_10,1,10,gpu_registers,1316,1,0.156032
spark,150_10,1,10,gpu_registers,1317,1,0.179648
spark,150_10,1,10,gpu_registers,1318,1,0.22368
spark,150_10,1,10,gpu_registers,1319,1,0.142528
spark,150_10,1,10,gpu_registers,1320,1,0.17936
spark,150_10,1,10,gpu_registers,1321,1,0.12576
spark,150_10,1,10,gpu_registers,1322,1,0.170528
spark,150_10,1,10,gpu_registers,1323,1,0.187328
spark,150_10,1,10,gpu_registers,1324,1,0.194912
spark,150_10,1,10,gpu_registers,1325,1,0.132704
spark,150_10,1,10,gpu_registers,1326,1,0.092992
spark,150_10,1,10,gpu_registers,1327,1,0.157504
spark,150_10,1,10,gpu_registers,1328,1,0.211648
spark,150_10,1,10,gpu_registers,1329,1,0.104288
spark,150_10,1,10,gpu_registers,1330,1,0.184736
spark,150_10,1,10,gpu_registers,1331,1,0.207904
spark,150_10,1,10,gpu_registers,1332,1,0.190208
spark,150_10,1,10,gpu_registers,1333,1,0.08512
spark,150_10,1,10,gpu_registers,1334,1,0.076672
spark,150_10,1,10,gpu_registers,1335,1,0.17088
spark,150_10,1,10,gpu_registers,1336,1,0.06976
spark,150_10,1,10,gpu_registers,1337,1,0.07488
spark,150_10,1,10,gpu_registers,1338,1,0.222368
spark,150_10,1,10,gpu_registers,1339,1,0.037152
spark,150_10,1,10,gpu_registers,1340,1,0.128352
spark,150_10,1,10,gpu_registers,1341,1,0.054496
spark,150_10,1,10,gpu_registers,1342,1,0.185632
spark,150_10,1,10,gpu_registers,1343,1,0.161408
spark,150_10,1,10,gpu_registers,1344,1,0.12704
spark,150_10,1,10,gpu_registers,1345,1,0.09696
spark,150_10,1,10,gpu_registers,1346,1,0.055872
spark,150_10,1,10,gpu_registers,1347,1,0.154048
spark,150_10,1,10,gpu_registers,1348,1,0.18656
spark,150_10,1,10,gpu_registers,1349,1,0.237216
spark,150_10,1,10,gpu_registers,1350,1,0.123328
spark,150_10,1,10,gpu_registers,1351,1,0.177312
spark,150_10,1,10,gpu_registers,1352,1,0.230848
spark,150_10,1,10,gpu_registers,1353,1,0.172192
spark,150_10,1,10,gpu_registers,1354,1,0.151872
spark,150_10,1,10,gpu_registers,1355,1,0.039744
spark,150_10,1,10,gpu_registers,1356,1,0.105888
spark,150_10,1,10,gpu_registers,1357,1,0.17696
spark,150_10,1,10,gpu_registers,1358,1,0.126912
spark,150_10,1,10,gpu_registers,1359,1,0.216576
spark,150_10,1,10,gpu_registers,1360,1,0.192128
spark,150_10,1,10,gpu_registers,1361,1,0.10896
spark,150_10,1,10,gpu_registers,1362,1,0.096608
spark,150_10,1,10,gpu_registers,1363,1,0.225952
spark,150_10,1,10,gpu_registers,1364,1,0.140544
spark,150_10,1,10,gpu_registers,1365,1,0.13728
spark,150_10,1,10,gpu_registers,1366,1,0.214176
spark,150_10,1,10,gpu_registers,1367,1,0.196128
spark,150_10,1,10,gpu_registers,1368,1,0.145472
spark,150_10,1,10,gpu_registers,1369,1,0.221184
spark,150_10,1,10,gpu_registers,1370,1,0.164512
spark,150_10,1,10,gpu_registers,1371,1,0.087648
spark,150_10,1,10,gpu_registers,1372,1,0.07488
spark,150_10,1,10,gpu_registers,1373,1,0.180928
spark,150_10,1,10,gpu_registers,1374,1,0.176544
spark,150_10,1,10,gpu_registers,1375,1,0.114528
spark,150_10,1,10,gpu_registers,1376,1,0.15968
spark,150_10,1,10,gpu_registers,1377,1,0.115136
spark,150_10,1,10,gpu_registers,1378,1,0.230176
spark,150_10,1,10,gpu_registers,1379,1,0.158848
spark,150_10,1,10,gpu_registers,1380,1,0.112192
spark,150_10,1,10,gpu_registers,1381,1,0.092
spark,150_10,1,10,gpu_registers,1382,1,0.140032
spark,150_10,1,10,gpu_registers,1383,1,0.093728
spark,150_10,1,10,gpu_registers,1384,1,0.191232
spark,150_10,1,10,gpu_registers,1385,1,0.218208
spark,150_10,1,10,gpu_registers,1386,1,0.234144
spark,150_10,1,10,gpu_registers,1387,1,0.07424
spark,150_10,1,10,gpu_registers,1388,1,0.151776
spark,150_10,1,10,gpu_registers,1389,1,0.091424
spark,150_10,1,10,gpu_registers,1390,1,0.233056
spark,150_10,1,10,gpu_registers,1391,1,0.043648
spark,150_10,1,10,gpu_registers,1392,1,0.093824
spark,150_10,1,10,gpu_registers,1393,1,0.15312
spark,150_10,1,10,gpu_registers,1394,1,0.10768
spark,150_10,1,10,gpu_registers,1395,1,0.199872
spark,150_10,1,10,gpu_registers,1396,1,0.230368
spark,150_10,1,10,gpu_registers,1397,1,0.222048
spark,150_10,1,10,gpu_registers,1398,1,0.112224
spark,150_10,1,10,gpu_registers,1399,1,0.224064
spark,150_10,1,10,gpu_registers,1400,1,0.170496
spark,150_10,1,10,gpu_registers,1401,1,0.219904
spark,150_10,1,10,gpu_registers,1402,1,0.219008
spark,150_10,1,10,gpu_registers,1403,1,0.193184
spark,150_10,1,10,gpu_registers,1404,1,0.208544
spark,150_10,1,10,gpu_registers,1405,1,0.190624
spark,150_10,1,10,gpu_registers,1406,1,0.095616
spark,150_10,1,10,gpu_registers,1407,1,0.05568
spark,150_10,1,10,gpu_registers,1408,1,0.194432
spark,150_10,1,10,gpu_registers,1409,1,0.185856
spark,150_10,1,10,gpu_registers,1410,1,0.089024
spark,150_10,1,10,gpu_registers,1411,1,0.171424
spark,150_10,1,10,gpu_registers,1412,1,0.203008
spark,150_10,1,10,gpu_registers,1413,1,0.235648
spark,150_10,1,10,gpu_registers,1414,1,0.094272
spark,150_10,1,10,gpu_registers,1415,1,0.22512
spark,150_10,1,10,gpu_registers,1416,1,0.091264
spark,150_10,1,10,gpu_registers,1417,1,0.109344
spark,150_10,1,10,gpu_registers,1418,1,0.156896
spark,150_10,1,10,gpu_registers,1419,1,0.233952
spark,150_10,1,10,gpu_registers,1420,1,0.228288
spark,150_10,1,10,gpu_registers,1421,1,0.204544
spark,150_10,1,10,gpu_registers,1422,1,0.12928
spark,150_10,1,10,gpu_registers,1423,1,0.18832
spark,150_10,1,10,gpu_registers,1424,1,0.020224
spark,150_10,1,10,gpu_registers,1425,1,0.01968
spark,150_10,1,10,gpu_registers,1426,1,0.197024
spark,150_10,1,10,gpu_registers,1427,1,0.131296
spark,150_10,1,10,gpu_registers,1428,1,0.221376
spark,150_10,1,10,gpu_registers,1429,1,0.192544
spark,150_10,1,10,gpu_registers,1430,1,0.232992
spark,150_10,1,10,gpu_registers,1431,1,0.167424
spark,150_10,1,10,gpu_registers,1432,1,0.19248
spark,150_10,1,10,gpu_registers,1433,1,0.1424
spark,150_10,1,10,gpu_registers,1434,1,0.187104
spark,150_10,1,10,gpu_registers,1435,1,0.114208
spark,150_10,1,10,gpu_registers,1436,1,0.186112
spark,150_10,1,10,gpu_registers,1437,2,0.225856
spark,150_10,1,10,gpu_registers,1438,2,0.218656
spark,150_10,1,10,gpu_registers,1439,2,0.223424
spark,150_10,1,10,gpu_registers,1440,2,0.211136
spark,150_10,1,10,gpu_registers,1441,2,0.228832
spark,150_10,1,10,gpu_registers,1442,2,0.209088
spark,150_10,1,10,gpu_registers,1443,1,0.222976
spark,150_10,1,10,gpu_registers,1444,1,0.192672
spark,150_10,1,10,gpu_registers,1445,1,0.089664
spark,150_10,1,10,gpu_registers,1446,1,0.202976
spark,150_10,1,10,gpu_registers,1447,1,0.13184
spark,150_10,1,10,gpu_registers,1448,1,0.239232
spark,150_10,1,10,gpu_registers,1449,1,0.0344
spark,150_10,1,10,gpu_registers,1450,1,0.167104
spark,150_10,1,10,gpu_registers,1451,1,0.153984
spark,150_10,1,10,gpu_registers,1452,1,0.178048
spark,150_10,1,10,gpu_registers,1453,1,0.132128
spark,150_10,1,10,gpu_registers,1454,1,0.143872
spark,150_10,1,10,gpu_registers,1455,1,0.235872
spark,150_10,1,10,gpu_registers,1456,1,0.218496
spark,150_10,1,10,gpu_registers,1457,1,0.20128
spark,150_10,1,10,gpu_registers,1458,1,0.133088
spark,150_10,1,10,gpu_registers,1459,1,0.208064
spark,150_10,1,10,gpu_registers,1460,1,0.035008
spark,150_10,1,10,gpu_registers,1461,1,0.224032
spark,150_10,1,10,gpu_registers,1462,1,0.229792
spark,150_10,1,10,gpu_registers,1463,1,0.208576
spark,150_10,1,10,gpu_registers,1464,1,0.226528
spark,150_10,1,10,gpu_registers,1465,1,0.111776
spark,150_10,1,10,gpu_registers,1466,1,0.206208
spark,150_10,1,10,gpu_registers,1467,1,0.189184
spark,150_10,1,10,gpu_registers,1468,1,0.1264
spark,150_10,1,10,gpu_registers,1469,1,0.220704
spark,150_10,1,10,gpu_registers,1470,1,0.23376
spark,150_10,1,10,gpu_registers,1471,1,0.236352
spark,150_10,1,10,gpu_registers,1472,1,0.091168
spark,150_10,1,10,gpu_registers,1473,1,0.18176
spark,150_10,1,10,gpu_registers,1474,1,0.162496
spark,150_10,1,10,gpu_registers,1475,1,0.153504
spark,150_10,1,10,gpu_registers,1476,1,0.227392
spark,150_10,1,10,gpu_registers,1477,1,0.128352
spark,150_10,1,10,gpu_registers,1478,1,0.084864
spark,150_10,1,10,gpu_registers,1479,1,0.199584
spark,150_10,1,10,gpu_registers,1480,1,0.159424
spark,150_10,1,10,gpu_registers,1481,1,0.161664
spark,150_10,1,10,gpu_registers,1482,1,0.091936
spark,150_10,1,10,gpu_registers,1483,1,0.023712
spark,150_10,1,10,gpu_registers,1484,1,0.0544
spark,150_10,1,10,gpu_registers,1485,1,0.071168
spark,150_10,1,10,gpu_registers,1486,1,0.174784
spark,150_10,1,10,gpu_registers,1487,1,0.17216
spark,150_10,1,10,gpu_registers,1488,2,0.209056
spark,150_10,1,10,gpu_registers,1489,1,0.198688
spark,150_10,1,10,gpu_registers,1490,1,0.165728
spark,150_10,1,10,gpu_registers,1491,1,0.200128
spark,150_10,1,10,gpu_registers,1492,1,0.191584
spark,150_10,1,10,gpu_registers,1493,1,0.113536
spark,150_10,1,10,gpu_registers,1494,1,0.155616
spark,150_10,1,10,gpu_registers,1495,1,0.056672
spark,150_10,1,10,gpu_registers,1496,1,0.119616
spark,150_10,1,10,gpu_registers,1497,1,0.142144
spark,150_10,1,10,gpu_registers,1498,1,0.209984
spark,150_10,1,10,gpu_registers,1499,1,0.116352
spark,150_10,1,10,gpu_registers,1500,1,0.181248
spark,150_10,1,10,gpu_registers,1501,1,0.083648
spark,150_10,1,10,gpu_registers,1502,1,0.055872
spark,150_10,1,10,gpu_registers,1503,1,0.152672
spark,150_10,1,10,gpu_registers,1504,1,0.101792
spark,150_10,1,10,gpu_registers,1505,1,0.07664
spark,150_10,1,10,gpu_registers,1506,1,0.181568
spark,150_10,1,10,gpu_registers,1507,1,0.208448
spark,150_10,1,10,gpu_registers,1508,1,0.232448
spark,150_10,1,10,gpu_registers,1509,1,0.209792
spark,150_10,1,10,gpu_registers,1510,1,0.231872
spark,150_10,1,10,gpu_registers,1511,1,0.187776
spark,150_10,1,10,gpu_registers,1512,1,0.039584
spark,150_10,1,10,gpu_registers,1513,1,0.108448
spark,150_10,1,10,gpu_registers,1514,1,0.183456
spark,150_10,1,10,gpu_registers,1515,1,0.075168
spark,150_10,1,10,gpu_registers,1516,1,0.203904
spark,150_10,1,10,gpu_registers,1517,1,0.172
spark,150_10,1,10,gpu_registers,1518,1,0.07344
spark,150_10,1,10,gpu_registers,1519,1,0.147648
spark,150_10,1,10,gpu_registers,1520,1,0.235936
spark,150_10,1,10,gpu_registers,1521,1,0.193984
spark,150_10,1,10,gpu_registers,1522,1,0.236416
spark,150_10,1,10,gpu_registers,1523,1,0.200736
spark,150_10,1,10,gpu_registers,1524,1,0.098336
spark,150_10,1,10,gpu_registers,1525,1,0.1504
spark,150_10,1,10,gpu_registers,1526,1,0.23488
spark,150_10,1,10,gpu_registers,1527,1,0.22928
spark,150_10,1,10,gpu_registers,1528,1,0.237984
spark,150_10,1,10,gpu_registers,1529,1,0.122368
spark,150_10,1,10,gpu_registers,1530,1,0.18272
spark,150_10,1,10,gpu_registers,1531,1,0.117696
spark,150_10,1,10,gpu_registers,1532,1,0.128352
spark,150_10,1,10,gpu_registers,1533,1,0.13808
spark,150_10,1,10,gpu_registers,1534,1,0.191648
spark,150_10,1,10,gpu_registers,1535,1,0.073728
spark,150_10,1,10,gpu_registers,1536,1,0.183456
spark,150_10,1,10,gpu_registers,1537,1,0.185184
spark,150_10,1,10,gpu_registers,1538,1,0.161952
spark,150_10,1,10,gpu_registers,1539,1,0.01664
spark,150_10,1,10,gpu_registers,1540,1,0.214112
spark,150_10,1,10,gpu_registers,1541,1,0.091264
spark,150_10,1,10,gpu_registers,1542,1,0.035008
spark,150_10,1,10,gpu_registers,1543,1,0.237728
spark,150_10,1,10,gpu_registers,1544,1,0.209792
spark,150_10,1,10,gpu_registers,1545,1,0.180096
spark,150_10,1,10,gpu_registers,1546,1,0.214368
spark,150_10,1,10,gpu_registers,1547,1,0.17648
spark,150_10,1,10,gpu_registers,1548,1,0.210272
spark,150_10,1,10,gpu_registers,1549,1,0.156064
spark,150_10,1,10,gpu_registers,1550,1,0.22896
spark,150_10,1,10,gpu_registers,1551,1,0.17792
spark,150_10,1,10,gpu_registers,1552,1,0.216032
spark,150_10,1,10,gpu_registers,1553,1,0.206112
spark,150_10,1,10,gpu_registers,1554,1,0.185696
spark,150_10,1,10,gpu_registers,1555,1,0.18384
spark,150_10,1,10,gpu_registers,1556,1,0.22416
spark,150_10,1,10,gpu_registers,1557,1,0.075808
spark,150_10,1,10,gpu_registers,1558,1,0.148064
spark,150_10,1,10,gpu_registers,1559,1,0.2152
spark,150_10,1,10,gpu_registers,1560,1,0.08784
spark,150_10,1,10,gpu_registers,1561,1,0.213152
spark,150_10,1,10,gpu_registers,1562,1,0.102336
spark,150_10,1,10,gpu_registers,1563,1,0.017248
spark,150_10,1,10,gpu_registers,1564,1,0.184448
spark,150_10,1,10,gpu_registers,1565,1,0.135904
spark,150_10,1,10,gpu_registers,1566,1,0.074816
spark,150_10,1,10,gpu_registers,1567,1,0.039104
spark,150_10,1,10,gpu_registers,1568,1,0.2208
spark,150_10,1,10,gpu_registers,1569,1,0.06064
spark,150_10,1,10,gpu_registers,1570,1,0.17936
spark,150_10,1,10,gpu_registers,1571,1,0.177632
spark,150_10,1,10,gpu_registers,1572,1,0.145088
spark,150_10,1,10,gpu_registers,1573,2,0.204192
spark,150_10,1,10,gpu_registers,1574,1,0.11808
spark,150_10,1,10,gpu_registers,1575,1,0.118016
spark,150_10,1,10,gpu_registers,1576,1,0.175552
spark,150_10,1,10,gpu_registers,1577,1,0.153952
spark,150_10,1,10,gpu_registers,1578,1,0.231168
spark,150_10,1,10,gpu_registers,1579,1,0.074976
spark,150_10,1,10,gpu_registers,1580,1,0.19536
spark,150_10,1,10,gpu_registers,1581,1,0.154816
spark,150_10,1,10,gpu_registers,1582,1,0.2256
spark,150_10,1,10,gpu_registers,1583,1,0.070016
spark,150_10,1,10,gpu_registers,1584,1,0.098368
spark,150_10,1,10,gpu_registers,1585,1,0.188064
spark,150_10,1,10,gpu_registers,1586,1,0.194496
spark,150_10,1,10,gpu_registers,1587,1,0.209472
spark,150_10,1,10,gpu_registers,1588,1,0.208128
spark,150_10,1,10,gpu_registers,1589,1,0.18544
spark,150_10,1,10,gpu_registers,1590,1,0.09744
spark,150_10,1,10,gpu_registers,1591,1,0.163264
spark,150_10,1,10,gpu_registers,1592,1,0.136672
spark,150_10,1,10,gpu_registers,1593,1,0.126944
spark,150_10,1,10,gpu_registers,1594,1,0.126912
spark,150_10,1,10,gpu_registers,1595,1,0.21616
spark,150_10,1,10,gpu_registers,1596,1,0.213856
spark,150_10,1,10,gpu_registers,1597,1,0.17552
spark,150_10,1,10,gpu_registers,1598,1,0.196224
spark,150_10,1,10,gpu_registers,1599,1,0.058208
spark,150_10,1,10,gpu_registers,1600,1,0.018176
spark,150_10,1,10,gpu_registers,1601,1,0.130592
spark,150_10,1,10,gpu_registers,1602,1,0.203776
spark,150_10,1,10,gpu_registers,1603,1,0.19696
spark,150_10,1,10,gpu_registers,1604,1,0.224576
spark,150_10,1,10,gpu_registers,1605,1,0.091328
spark,150_10,1,10,gpu_registers,1606,1,0.017728
spark,150_10,1,10,gpu_registers,1607,1,0.037792
spark,150_10,1,10,gpu_registers,1608,1,0.227072
spark,150_10,1,10,gpu_registers,1609,1,0.100832
spark,150_10,1,10,gpu_registers,1610,1,0.234912
spark,150_10,1,10,gpu_registers,1611,1,0.208864
spark,150_10,1,10,gpu_registers,1612,1,0.205952
spark,150_10,1,10,gpu_registers,1613,1,0.221952
spark,150_10,1,10,gpu_registers,1614,1,0.23792
spark,150_10,1,10,gpu_registers,1615,1,0.158912
spark,150_10,1,10,gpu_registers,1616,1,0.075264
spark,150_10,1,10,gpu_registers,1617,1,0.119072
spark,150_10,1,10,gpu_registers,1618,1,0.197536
spark,150_10,1,10,gpu_registers,1619,1,0.15008
spark,150_10,1,10,gpu_registers,1620,1,0.204416
spark,150_10,1,10,gpu_registers,1621,1,0.145152
spark,150_10,1,10,gpu_registers,1622,1,0.03888
spark,150_10,1,10,gpu_registers,1623,1,0.056704
spark,150_10,1,10,gpu_registers,1624,1,0.024928
spark,150_10,1,10,gpu_registers,1625,1,0.018944
spark,150_10,1,10,gpu_registers,1626,1,0.168
spark,150_10,1,10,gpu_registers,1627,1,0.169472
spark,150_10,1,10,gpu_registers,1628,1,0.13648
spark,150_10,1,10,gpu_registers,1629,1,0.219328
spark,150_10,1,10,gpu_registers,1630,1,0.207776
spark,150_10,1,10,gpu_registers,1631,1,0.237856
spark,150_10,1,10,gpu_registers,1632,1,0.229152
spark,150_10,1,10,gpu_registers,1633,1,0.19568
spark,150_10,1,10,gpu_registers,1634,1,0.089888
spark,150_10,1,10,gpu_registers,1635,1,0.037632
spark,150_10,1,10,gpu_registers,1636,1,0.222912
spark,150_10,1,10,gpu_registers,1637,1,0.071488
spark,150_10,1,10,gpu_registers,1638,1,0.18864
spark,150_10,1,10,gpu_registers,1639,1,0.089952
spark,150_10,1,10,gpu_registers,1640,1,0.153152
spark,150_10,1,10,gpu_registers,1641,1,0.190592
spark,150_10,1,10,gpu_registers,1642,1,0.071136
spark,150_10,1,10,gpu_registers,1643,1,0.20976
spark,150_10,1,10,gpu_registers,1644,1,0.223648
spark,150_10,1,10,gpu_registers,1645,1,0.107744
spark,150_10,1,10,gpu_registers,1646,1,0.087872
spark,150_10,1,10,gpu_registers,1647,1,0.16752
spark,150_10,1,10,gpu_registers,1648,1,0.236
spark,150_10,1,10,gpu_registers,1649,1,0.202208
spark,150_10,1,10,gpu_registers,1650,1,0.0872
spark,150_10,1,10,gpu_registers,1651,1,0.208416
spark,150_10,1,10,gpu_registers,1652,1,0.126208
spark,150_10,1,10,gpu_registers,1653,1,0.101568
spark,150_10,1,10,gpu_registers,1654,1,0.081696
spark,150_10,1,10,gpu_registers,1655,1,0.15792
spark,150_10,1,10,gpu_registers,1656,1,0.171264
spark,150_10,1,10,gpu_registers,1657,1,0.12048
spark,150_10,1,10,gpu_registers,1658,1,0.215008
spark,150_10,1,10,gpu_registers,1659,1,0.20704
spark,150_10,1,10,gpu_registers,1660,1,0.189504
spark,150_10,1,10,gpu_registers,1661,1,0.133824
spark,150_10,1,10,gpu_registers,1662,1,0.184224
spark,150_10,1,10,gpu_registers,1663,1,0.055424
spark,150_10,1,10,gpu_registers,1664,1,0.2128
spark,150_10,1,10,gpu_registers,1665,1,0.23344
spark,150_10,1,10,gpu_registers,1666,1,0.090016
spark,150_10,1,10,gpu_registers,1667,1,0.192128
spark,150_10,1,10,gpu_registers,1668,1,0.212224
spark,150_10,1,10,gpu_registers,1669,2,0.20432
spark,150_10,1,10,gpu_registers,1670,2,0.2376
spark,150_10,1,10,gpu_registers,1671,2,0.173248
spark,150_10,1,10,gpu_registers,1672,1,0.195136
spark,150_10,1,10,gpu_registers,1673,1,0.021792
spark,150_10,1,10,gpu_registers,1674,1,0.234624
spark,150_10,1,10,gpu_registers,1675,1,0.11824
spark,150_10,1,10,gpu_registers,1676,1,0.121696
spark,150_10,1,10,gpu_registers,1677,1,0.232608
spark,150_10,1,10,gpu_registers,1678,1,0.200672
spark,150_10,1,10,gpu_registers,1679,1,0.035648
spark,150_10,1,10,gpu_registers,1680,1,0.13632
spark,150_10,1,10,gpu_registers,1681,1,0.148512
spark,150_10,1,10,gpu_registers,1682,1,0.074912
spark,150_10,1,10,gpu_registers,1683,1,0.072448
spark,150_10,1,10,gpu_registers,1684,1,0.068896
spark,150_10,1,10,gpu_registers,1685,1,0.139392
spark,150_10,1,10,gpu_registers,1686,1,0.166048
spark,150_10,1,10,gpu_registers,1687,1,0.191872
spark,150_10,1,10,gpu_registers,1688,1,0.236384
spark,150_10,1,10,gpu_registers,1689,1,0.20336
spark,150_10,1,10,gpu_registers,1690,1,0.212896
spark,150_10,1,10,gpu_registers,1691,1,0.155584
spark,150_10,1,10,gpu_registers,1692,1,0.213216
spark,150_10,1,10,gpu_registers,1693,1,0.216064
spark,150_10,1,10,gpu_registers,1694,1,0.052704
spark,150_10,1,10,gpu_registers,1695,1,0.200384
spark,150_10,1,10,gpu_registers,1696,1,0.203168
spark,150_10,1,10,gpu_registers,1697,1,0.169088
spark,150_10,1,10,gpu_registers,1698,1,0.214144
spark,150_10,1,10,gpu_registers,1699,1,0.122592
spark,150_10,1,10,gpu_registers,1700,1,0.05376
spark,150_10,1,10,gpu_registers,1701,1,0.033184
spark,150_10,1,10,gpu_registers,1702,1,0.221376
spark,150_10,1,10,gpu_registers,1703,1,0.105696
spark,150_10,1,10,gpu_registers,1704,1,0.143872
spark,150_10,1,10,gpu_registers,1705,1,0.159424
spark,150_10,1,10,gpu_registers,1706,2,0.20336
spark,150_10,1,10,gpu_registers,1707,1,0.19312
spark,150_10,1,10,gpu_registers,1708,1,0.165184
spark,150_10,1,10,gpu_registers,1709,1,0.229952
spark,150_10,1,10,gpu_registers,1710,1,0.124224
spark,150_10,1,10,gpu_registers,1711,1,0.093888
spark,150_10,1,10,gpu_registers,1712,1,0.084448
spark,150_10,1,10,gpu_registers,1713,1,0.221952
spark,150_10,1,10,gpu_registers,1714,1,0.137952
spark,150_10,1,10,gpu_registers,1715,1,0.088064
spark,150_10,1,10,gpu_registers,1716,1,0.21264
spark,150_10,1,10,gpu_registers,1717,1,0.195392
spark,150_10,1,10,gpu_registers,1718,1,0.189088
spark,150_10,1,10,gpu_registers,1719,2,0.2576
spark,150_10,1,10,gpu_registers,1720,1,0.227904
spark,150_10,1,10,gpu_registers,1721,1,0.221952
spark,150_10,1,10,gpu_registers,1722,1,0.191808
spark,150_10,1,10,gpu_registers,1723,1,0.168544
spark,150_10,1,10,gpu_registers,1724,1,0.174912
spark,150_10,1,10,gpu_registers,1725,1,0.023776
spark,150_10,1,10,gpu_registers,1726,1,0.237984
spark,150_10,1,10,gpu_registers,1727,1,0.073536
spark,150_10,1,10,gpu_registers,1728,1,0.200192
spark,150_10,1,10,gpu_registers,1729,1,0.2272
spark,150_10,1,10,gpu_registers,1730,1,0.20624
spark,150_10,1,10,gpu_registers,1731,1,0.234496
spark,150_10,1,10,gpu_registers,1732,1,0.088864
spark,150_10,1,10,gpu_registers,1733,1,0.101152
spark,150_10,1,10,gpu_registers,1734,1,0.17968
spark,150_10,1,10,gpu_registers,1735,1,0.21376
spark,150_10,1,10,gpu_registers,1736,1,0.052224
spark,150_10,1,10,gpu_registers,1737,1,0.203136
spark,150_10,1,10,gpu_registers,1738,1,0.07408
spark,150_10,1,10,gpu_registers,1739,1,0.197184
spark,150_10,1,10,gpu_registers,1740,1,0.235584
spark,150_10,1,10,gpu_registers,1741,1,0.206976
spark,150_10,1,10,gpu_registers,1742,1,0.089504
spark,150_10,1,10,gpu_registers,1743,1,0.194048
spark,150_10,1,10,gpu_registers,1744,1,0.095328
spark,150_10,1,10,gpu_registers,1745,1,0.094112
spark,150_10,1,10,gpu_registers,1746,1,0.071872
spark,150_10,1,10,gpu_registers,1747,1,0.088256
spark,150_10,1,10,gpu_registers,1748,1,0.2184
spark,150_10,1,10,gpu_registers,1749,1,0.101536
spark,150_10,1,10,gpu_registers,1750,1,0.182624
spark,150_10,1,10,gpu_registers,1751,1,0.11088
spark,150_10,1,10,gpu_registers,1752,1,0.13664
spark,150_10,1,10,gpu_registers,1753,1,0.095616
spark,150_10,1,10,gpu_registers,1754,1,0.153664
spark,150_10,1,10,gpu_registers,1755,1,0.194432
spark,150_10,1,10,gpu_registers,1756,1,0.235648
spark,150_10,1,10,gpu_registers,1757,1,0.160448
spark,150_10,1,10,gpu_registers,1758,1,0.130016
spark,150_10,1,10,gpu_registers,1759,1,0.167584
spark,150_10,1,10,gpu_registers,1760,1,0.129824
spark,150_10,1,10,gpu_registers,1761,1,0.07328
spark,150_10,1,10,gpu_registers,1762,1,0.222144
spark,150_10,1,10,gpu_registers,1763,1,0.1624
spark,150_10,1,10,gpu_registers,1764,1,0.214752
spark,150_10,1,10,gpu_registers,1765,1,0.118176
spark,150_10,1,10,gpu_registers,1766,1,0.233248
spark,150_10,1,10,gpu_registers,1767,1,0.123136
spark,150_10,1,10,gpu_registers,1768,1,0.173984
spark,150_10,1,10,gpu_registers,1769,1,0.180448
spark,150_10,1,10,gpu_registers,1770,1,0.192448
spark,150_10,1,10,gpu_registers,1771,1,0.185952
spark,150_10,1,10,gpu_registers,1772,1,0.131424
spark,150_10,1,10,gpu_registers,1773,1,0.183712
spark,150_10,1,10,gpu_registers,1774,1,0.131232
spark,150_10,1,10,gpu_registers,1775,1,0.087488
spark,150_10,1,10,gpu_registers,1776,1,0.195616
spark,150_10,1,10,gpu_registers,1777,1,0.125664
spark,150_10,1,10,gpu_registers,1778,1,0.134112
spark,150_10,1,10,gpu_registers,1779,1,0.088544
spark,150_10,1,10,gpu_registers,1780,1,0.105728
spark,150_10,1,10,gpu_registers,1781,1,0.224832
spark,150_10,1,10,gpu_registers,1782,1,0.219776
spark,150_10,1,10,gpu_registers,1783,1,0.220192
spark,150_10,1,10,gpu_registers,1784,1,0.18208
spark,150_10,1,10,gpu_registers,1785,1,0.14992
spark,150_10,1,10,gpu_registers,1786,1,0.090848
spark,150_10,1,10,gpu_registers,1787,1,0.111584
spark,150_10,1,10,gpu_registers,1788,1,0.104224
spark,150_10,1,10,gpu_registers,1789,1,0.212576
spark,150_10,1,10,gpu_registers,1790,1,0.140768
spark,150_10,1,10,gpu_registers,1791,2,0.206368
spark,150_10,1,10,gpu_registers,1792,2,0.21152
spark,150_10,1,10,gpu_registers,1793,1,0.226752
spark,150_10,1,10,gpu_registers,1794,1,0.14432
spark,150_10,1,10,gpu_registers,1795,1,0.205888
spark,150_10,1,10,gpu_registers,1796,1,0.159552
spark,150_10,1,10,gpu_registers,1797,1,0.093088
spark,150_10,1,10,gpu_registers,1798,1,0.097728
spark,150_10,1,10,gpu_registers,1799,1,0.227424
spark,150_10,1,10,gpu_registers,1800,1,0.157376
spark,150_10,1,10,gpu_registers,1801,1,0.224096
spark,150_10,1,10,gpu_registers,1802,1,0.18448
spark,150_10,1,10,gpu_registers,1803,1,0.15424
spark,150_10,1,10,gpu_registers,1804,1,0.01968
spark,150_10,1,10,gpu_registers,1805,1,0.211712
spark,150_10,1,10,gpu_registers,1806,1,0.227872
spark,150_10,1,10,gpu_registers,1807,1,0.144576
spark,150_10,1,10,gpu_registers,1808,1,0.135584
spark,150_10,1,10,gpu_registers,1809,1,0.174112
spark,150_10,1,10,gpu_registers,1810,1,0.174976
spark,150_10,1,10,gpu_registers,1811,1,0.122368
spark,150_10,1,10,gpu_registers,1812,1,0.236384
spark,150_10,1,10,gpu_registers,1813,1,0.222464
spark,150_10,1,10,gpu_registers,1814,1,0.209984
spark,150_10,1,10,gpu_registers,1815,1,0.09232
spark,150_10,1,10,gpu_registers,1816,1,0.175456
spark,150_10,1,10,gpu_registers,1817,1,0.16416
spark,150_10,1,10,gpu_registers,1818,1,0.191552
spark,150_10,1,10,gpu_registers,1819,1,0.18096
spark,150_10,1,10,gpu_registers,1820,1,0.091808
spark,150_10,1,10,gpu_registers,1821,1,0.094368
spark,150_10,1,10,gpu_registers,1822,1,0.206272
spark,150_10,1,10,gpu_registers,1823,1,0.022912
spark,150_10,1,10,gpu_registers,1824,1,0.13216
spark,150_10,1,10,gpu_registers,1825,1,0.161216
spark,150_10,1,10,gpu_registers,1826,1,0.18512
spark,150_10,1,10,gpu_registers,1827,1,0.1824
spark,150_10,1,10,gpu_registers,1828,1,0.186688
spark,150_10,1,10,gpu_registers,1829,1,0.12224
spark,150_10,1,10,gpu_registers,1830,1,0.178976
spark,150_10,1,10,gpu_registers,1831,1,0.234624
spark,150_10,1,10,gpu_registers,1832,1,0.094208
spark,150_10,1,10,gpu_registers,1833,1,0.089376
spark,150_10,1,10,gpu_registers,1834,1,0.15328
spark,150_10,1,10,gpu_registers,1835,1,0.09824
spark,150_10,1,10,gpu_registers,1836,1,0.181824
spark,150_10,1,10,gpu_registers,1837,1,0.113152
spark,150_10,1,10,gpu_registers,1838,1,0.237728
spark,150_10,1,10,gpu_registers,1839,1,0.05296
spark,150_10,1,10,gpu_registers,1840,1,0.206016
spark,150_10,1,10,gpu_registers,1841,1,0.075328
spark,150_10,1,10,gpu_registers,1842,1,0.089312
spark,150_10,1,10,gpu_registers,1843,1,0.022304
spark,150_10,1,10,gpu_registers,1844,1,0.087712
spark,150_10,1,10,gpu_registers,1845,1,0.204832
spark,150_10,1,10,gpu_registers,1846,1,0.183424
spark,150_10,1,10,gpu_registers,1847,1,0.156576
spark,150_10,1,10,gpu_registers,1848,1,0.206912
spark,150_10,1,10,gpu_registers,1849,1,0.056192
spark,150_10,1,10,gpu_registers,1850,1,0.188864
spark,150_10,1,10,gpu_registers,1851,1,0.171264
spark,150_10,1,10,gpu_registers,1852,1,0.072224
spark,150_10,1,10,gpu_registers,1853,1,0.199424
spark,150_10,1,10,gpu_registers,1854,1,0.134496
spark,150_10,1,10,gpu_registers,1855,1,0.018656
spark,150_10,1,10,gpu_registers,1856,1,0.11904
spark,150_10,1,10,gpu_registers,1857,1,0.086912
spark,150_10,1,10,gpu_registers,1858,1,0.089856
spark,150_10,1,10,gpu_registers,1859,1,0.185152
spark,150_10,1,10,gpu_registers,1860,1,0.149408
spark,150_10,1,10,gpu_registers,1861,1,0.089792
spark,150_10,1,10,gpu_registers,1862,1,0.096896
spark,150_10,1,10,gpu_registers,1863,1,0.227168
spark,150_10,1,10,gpu_registers,1864,1,0.142752
spark,150_10,1,10,gpu_registers,1865,1,0.231104
spark,150_10,1,10,gpu_registers,1866,1,0.134304
spark,150_10,1,10,gpu_registers,1867,1,0.089024
spark,150_10,1,10,gpu_registers,1868,1,0.226528
spark,150_10,1,10,gpu_registers,1869,1,0.088128
spark,150_10,1,10,gpu_registers,1870,1,0.230304
spark,150_10,1,10,gpu_registers,1871,2,0.235712
spark,150_10,1,10,gpu_registers,1872,2,0.230784
spark,150_10,1,10,gpu_registers,1873,2,0.191904
spark,150_10,1,10,gpu_registers,1874,1,0.190016
spark,150_10,1,10,gpu_registers,1875,1,0.1552
spark,150_10,1,10,gpu_registers,1876,1,0.226432
spark,150_10,1,10,gpu_registers,1877,1,0.085568
spark,150_10,1,10,gpu_registers,1878,1,0.167776
spark,150_10,1,10,gpu_registers,1879,1,0.224256
spark,150_10,1,10,gpu_registers,1880,1,0.105632
spark,150_10,1,10,gpu_registers,1881,1,0.121888
spark,150_10,1,10,gpu_registers,1882,1,0.137312
spark,150_10,1,10,gpu_registers,1883,1,0.163392
spark,150_10,1,10,gpu_registers,1884,1,0.215968
spark,150_10,1,10,gpu_registers,1885,1,0.147168
spark,150_10,1,10,gpu_registers,1886,1,0.157376
spark,150_10,1,10,gpu_registers,1887,1,0.1168
spark,150_10,1,10,gpu_registers,1888,1,0.033376
spark,150_10,1,10,gpu_registers,1889,1,0.140128
spark,150_10,1,10,gpu_registers,1890,1,0.13536
spark,150_10,1,10,gpu_registers,1891,1,0.037472
spark,150_10,1,10,gpu_registers,1892,1,0.071904
spark,150_10,1,10,gpu_registers,1893,1,0.224928
spark,150_10,1,10,gpu_registers,1894,1,0.121024
spark,150_10,1,10,gpu_registers,1895,1,0.13376
spark,150_10,1,10,gpu_registers,1896,1,0.145056
spark,150_10,1,10,gpu_registers,1897,1,0.150304
spark,150_10,1,10,gpu_registers,1898,1,0.194304
spark,150_10,1,10,gpu_registers,1899,1,0.213184
spark,150_10,1,10,gpu_registers,1900,1,0.129792
spark,150_10,1,10,gpu_registers,1901,1,0.209664
spark,150_10,1,10,gpu_registers,1902,1,0.237888
spark,150_10,1,10,gpu_registers,1903,1,0.104288
spark,150_10,1,10,gpu_registers,1904,1,0.221664
spark,150_10,1,10,gpu_registers,1905,1,0.228544
spark,150_10,1,10,gpu_registers,1906,1,0.070368
spark,150_10,1,10,gpu_registers,1907,1,0.071136
spark,150_10,1,10,gpu_registers,1908,1,0.090656
spark,150_10,1,10,gpu_registers,1909,1,0.190528
spark,150_10,1,10,gpu_registers,1910,1,0.037504
spark,150_10,1,10,gpu_registers,1911,1,0.152384
spark,150_10,1,10,gpu_registers,1912,1,0.020256
spark,150_10,1,10,gpu_registers,1913,1,0.051904
spark,150_10,1,10,gpu_registers,1914,1,0.103552
spark,150_10,1,10,gpu_registers,1915,1,0.18592
spark,150_10,1,10,gpu_registers,1916,1,0.207936
spark,150_10,1,10,gpu_registers,1917,1,0.082656
spark,150_10,1,10,gpu_registers,1918,1,0.142816
spark,150_10,1,10,gpu_registers,1919,1,0.137824
spark,150_10,1,10,gpu_registers,1920,1,0.11456
spark,150_10,1,10,gpu_registers,1921,1,0.020576
spark,150_10,1,10,gpu_registers,1922,1,0.165504
spark,150_10,1,10,gpu_registers,1923,1,0.20592
spark,150_10,1,10,gpu_registers,1924,1,0.093824
spark,150_10,1,10,gpu_registers,1925,1,0.21136
spark,150_10,1,10,gpu_registers,1926,1,0.18448
spark,150_10,1,10,gpu_registers,1927,1,0.137728
spark,150_10,1,10,gpu_registers,1928,1,0.05264
spark,150_10,1,10,gpu_registers,1929,1,0.158496
spark,150_10,1,10,gpu_registers,1930,1,0.110752
spark,150_10,1,10,gpu_registers,1931,1,0.087488
spark,150_10,1,10,gpu_registers,1932,1,0.223392
spark,150_10,1,10,gpu_registers,1933,1,0.20592
spark,150_10,1,10,gpu_registers,1934,1,0.112416
spark,150_10,1,10,gpu_registers,1935,1,0.226464
spark,150_10,1,10,gpu_registers,1936,1,0.172672
spark,150_10,1,10,gpu_registers,1937,1,0.169504
spark,150_10,1,10,gpu_registers,1938,1,0.124064
spark,150_10,1,10,gpu_registers,1939,1,0.070464
spark,150_10,1,10,gpu_registers,1940,1,0.217408
spark,150_10,1,10,gpu_registers,1941,1,0.105792
spark,150_10,1,10,gpu_registers,1942,1,0.076352
spark,150_10,1,10,gpu_registers,1943,1,0.173216
spark,150_10,1,10,gpu_registers,1944,1,0.217056
spark,150_10,1,10,gpu_registers,1945,1,0.23328
spark,150_10,1,10,gpu_registers,1946,1,0.226336
spark,150_10,1,10,gpu_registers,1947,1,0.103008
spark,150_10,1,10,gpu_registers,1948,1,0.18368
spark,150_10,1,10,gpu_registers,1949,1,0.193248
spark,150_10,1,10,gpu_registers,1950,1,0.16896
spark,150_10,1,10,gpu_registers,1951,1,0.203616
spark,150_10,1,10,gpu_registers,1952,1,0.215808
spark,150_10,1,10,gpu_registers,1953,1,0.075456
spark,150_10,1,10,gpu_registers,1954,1,0.167776
spark,150_10,1,10,gpu_registers,1955,1,0.017568
spark,150_10,1,10,gpu_registers,1956,1,0.225696
spark,150_10,1,10,gpu_registers,1957,1,0.178976
spark,150_10,1,10,gpu_registers,1958,1,0.157248
spark,150_10,1,10,gpu_registers,1959,1,0.087552
spark,150_10,1,10,gpu_registers,1960,1,0.196192
spark,150_10,1,10,gpu_registers,1961,1,0.172256
spark,150_10,1,10,gpu_registers,1962,1,0.157088
spark,150_10,1,10,gpu_registers,1963,1,0.238304
spark,150_10,1,10,gpu_registers,1964,1,0.055168
spark,150_10,1,10,gpu_registers,1965,1,0.12528
spark,150_10,1,10,gpu_registers,1966,1,0.233632
spark,150_10,1,10,gpu_registers,1967,1,0.228896
spark,150_10,1,10,gpu_registers,1968,1,0.054688
spark,150_10,1,10,gpu_registers,1969,1,0.091328
spark,150_10,1,10,gpu_registers,1970,1,0.095712
spark,150_10,1,10,gpu_registers,1971,1,0.020672
spark,150_10,1,10,gpu_registers,1972,1,0.120736
spark,150_10,1,10,gpu_registers,1973,1,0.100992
spark,150_10,1,10,gpu_registers,1974,1,0.139616
spark,150_10,1,10,gpu_registers,1975,1,0.023456
spark,150_10,1,10,gpu_registers,1976,1,0.122272
spark,150_10,1,10,gpu_registers,1977,1,0.082688
spark,150_10,1,10,gpu_registers,1978,1,0.23248
spark,150_10,1,10,gpu_registers,1979,1,0.236608
spark,150_10,1,10,gpu_registers,1980,1,0.090784
spark,150_10,1,10,gpu_registers,1981,1,0.074432
spark,150_10,1,10,gpu_registers,1982,1,0.228928
spark,150_10,1,10,gpu_registers,1983,1,0.21488
spark,150_10,1,10,gpu_registers,1984,1,0.117152
spark,150_10,1,10,gpu_registers,1985,1,0.132384
spark,150_10,1,10,gpu_registers,1986,1,0.114912
spark,150_10,1,10,gpu_registers,1987,1,0.153568
spark,150_10,1,10,gpu_registers,1988,1,0.22352
spark,150_10,1,10,gpu_registers,1989,1,0.220896
spark,150_10,1,10,gpu_registers,1990,1,0.202848
spark,150_10,1,10,gpu_registers,1991,1,0.12528
spark,150_10,1,10,gpu_registers,1992,1,0.11776
spark,150_10,1,10,gpu_registers,1993,1,0.188064
spark,150_10,1,10,gpu_registers,1994,1,0.195552
spark,150_10,1,10,gpu_registers,1995,2,0.208192
spark,150_10,1,10,gpu_registers,1996,2,0.226272
spark,150_10,1,10,gpu_registers,1997,2,0.147968
spark,150_10,1,10,gpu_registers,1998,1,0.068768
spark,150_10,1,10,gpu_registers,1999,1,0.173856
spark,150_10,1,10,gpu_registers,2000,1,0.203552
spark,150_10,1,10,gpu_registers,2001,1,0.056512
spark,150_10,1,10,gpu_registers,2002,1,0.20368
spark,150_10,1,10,gpu_registers,2003,1,0.055808
spark,150_10,1,10,gpu_registers,2004,1,0.231488
spark,150_10,1,10,gpu_registers,2005,1,0.143168
spark,150_10,1,10,gpu_registers,2006,1,0.187968
spark,150_10,1,10,gpu_registers,2007,1,0.126816
spark,150_10,1,10,gpu_registers,2008,1,0.212448
spark,150_10,1,10,gpu_registers,2009,1,0.236704
spark,150_10,1,10,gpu_registers,2010,1,0.18384
spark,150_10,1,10,gpu_registers,2011,1,0.179712
spark,150_10,1,10,gpu_registers,2012,1,0.202912
spark,150_10,1,10,gpu_registers,2013,1,0.190368
spark,150_10,1,10,gpu_registers,2014,1,0.136544
spark,150_10,1,10,gpu_registers,2015,1,0.100864
spark,150_10,1,10,gpu_registers,2016,1,0.072096
spark,150_10,1,10,gpu_registers,2017,1,0.12992
spark,150_10,1,10,gpu_registers,2018,1,0.136128
spark,150_10,1,10,gpu_registers,2019,1,0.167552
spark,150_10,1,10,gpu_registers,2020,1,0.154048
spark,150_10,1,10,gpu_registers,2021,1,0.134304
spark,150_10,1,10,gpu_registers,2022,1,0.185024
spark,150_10,1,10,gpu_registers,2023,1,0.227552
spark,150_10,1,10,gpu_registers,2024,1,0.023264
spark,150_10,1,10,gpu_registers,2025,1,0.138688
spark,150_10,1,10,gpu_registers,2026,1,0.04064
spark,150_10,1,10,gpu_registers,2027,1,0.145856
spark,150_10,1,10,gpu_registers,2028,1,0.114304
spark,150_10,1,10,gpu_registers,2029,1,0.165184
spark,150_10,1,10,gpu_registers,2030,1,0.219264
spark,150_10,1,10,gpu_registers,2031,1,0.034496
spark,150_10,1,10,gpu_registers,2032,1,0.228672
spark,150_10,1,10,gpu_registers,2033,1,0.033344
spark,150_10,1,10,gpu_registers,2034,1,0.234112
spark,150_10,1,10,gpu_registers,2035,1,0.180416
spark,150_10,1,10,gpu_registers,2036,1,0.099712
spark,150_10,1,10,gpu_registers,2037,1,0.223296
spark,150_10,1,10,gpu_registers,2038,1,0.156256
spark,150_10,1,10,gpu_registers,2039,1,0.190688
spark,150_10,1,10,gpu_registers,2040,1,0.23328
spark,150_10,1,10,gpu_registers,2041,1,0.130752
spark,150_10,1,10,gpu_registers,2042,1,0.128576
spark,150_10,1,10,gpu_registers,2043,1,0.180032
spark,150_10,1,10,gpu_registers,2044,1,0.207872
spark,150_10,1,10,gpu_registers,2045,1,0.14096
spark,150_10,1,10,gpu_registers,2046,1,0.070176
spark,150_10,1,10,gpu_registers,2047,1,0.075648
spark,150_10,1,10,gpu_registers,2048,1,0.09104
spark,150_10,1,10,gpu_registers,2049,1,0.124832
spark,150_10,1,10,gpu_registers,2050,1,0.018912
spark,150_10,1,10,gpu_registers,2051,1,0.071168
spark,150_10,1,10,gpu_registers,2052,1,0.03648
spark,150_10,1,10,gpu_registers,2053,1,0.110688
spark,150_10,1,10,gpu_registers,2054,1,0.1456
spark,150_10,1,10,gpu_registers,2055,1,0.09056
spark,150_10,1,10,gpu_registers,2056,1,0.114816
spark,150_10,1,10,gpu_registers,2057,1,0.035712
spark,150_10,1,10,gpu_registers,2058,1,0.113856
spark,150_10,1,10,gpu_registers,2059,1,0.107968
spark,150_10,1,10,gpu_registers,2060,1,0.232064
spark,150_10,1,10,gpu_registers,2061,1,0.091264
spark,150_10,1,10,gpu_registers,2062,1,0.071136
spark,150_10,1,10,gpu_registers,2063,1,0.167712
spark,150_10,1,10,gpu_registers,2064,1,0.184928
spark,150_10,1,10,gpu_registers,2065,1,0.185024
spark,150_10,1,10,gpu_registers,2066,1,0.20256
spark,150_10,1,10,gpu_registers,2067,1,0.14752
spark,150_10,1,10,gpu_registers,2068,1,0.056608
spark,150_10,1,10,gpu_registers,2069,1,0.229184
spark,150_10,1,10,gpu_registers,2070,1,0.180512
spark,150_10,1,10,gpu_registers,2071,1,0.208256
spark,150_10,1,10,gpu_registers,2072,1,0.210848
spark,150_10,1,10,gpu_registers,2073,2,0.183424
spark,150_10,1,10,gpu_registers,2074,2,0.235712
spark,150_10,1,10,gpu_registers,2075,2,0.188
spark,150_10,1,10,gpu_registers,2076,1,0.213632
spark,150_10,1,10,gpu_registers,2077,1,0.22256
spark,150_10,1,10,gpu_registers,2078,1,0.188384
spark,150_10,1,10,gpu_registers,2079,1,0.215264
spark,150_10,1,10,gpu_registers,2080,1,0.07712
spark,150_10,1,10,gpu_registers,2081,1,0.119424
spark,150_10,1,10,gpu_registers,2082,1,0.092256
spark,150_10,1,10,gpu_registers,2083,1,0.097632
spark,150_10,1,10,gpu_registers,2084,1,0.174112
spark,150_10,1,10,gpu_registers,2085,1,0.175648
spark,150_10,1,10,gpu_registers,2086,1,0.1904
spark,150_10,1,10,gpu_registers,2087,1,0.122048
spark,150_10,1,10,gpu_registers,2088,1,0.07392
spark,150_10,1,10,gpu_registers,2089,1,0.167584
spark,150_10,1,10,gpu_registers,2090,1,0.054432
spark,150_10,1,10,gpu_registers,2091,1,0.019648
spark,150_10,1,10,gpu_registers,2092,1,0.201536
spark,150_10,1,10,gpu_registers,2093,1,0.035808
spark,150_10,1,10,gpu_registers,2094,1,0.036416
spark,150_10,1,10,gpu_registers,2095,1,0.15888
spark,150_10,1,10,gpu_registers,2096,1,0.203008
spark,150_10,1,10,gpu_registers,2097,1,0.068992
spark,150_10,1,10,gpu_registers,2098,1,0.232736
spark,150_10,1,10,gpu_registers,2099,1,0.232
spark,150_10,1,10,gpu_registers,2100,1,0.223904
spark,150_10,1,10,gpu_registers,2101,2,0.196224
spark,150_10,1,10,gpu_registers,2102,1,0.115392
spark,150_10,1,10,gpu_registers,2103,1,0.105664
spark,150_10,1,10,gpu_registers,2104,1,0.104128
spark,150_10,1,10,gpu_registers,2105,1,0.096224
spark,150_10,1,10,gpu_registers,2106,1,0.198208
spark,150_10,1,10,gpu_registers,2107,1,0.09152
spark,150_10,1,10,gpu_registers,2108,1,0.170368
spark,150_10,1,10,gpu_registers,2109,1,0.224448
spark,150_10,1,10,gpu_registers,2110,1,0.19008
spark,150_10,1,10,gpu_registers,2111,1,0.152768
spark,150_10,1,10,gpu_registers,2112,1,0.126912
spark,150_10,1,10,gpu_registers,2113,1,0.205408
spark,150_10,1,10,gpu_registers,2114,1,0.224736
spark,150_10,1,10,gpu_registers,2115,1,0.159616
spark,150_10,1,10,gpu_registers,2116,1,0.167552
spark,150_10,1,10,gpu_registers,2117,1,0.10208
spark,150_10,1,10,gpu_registers,2118,1,0.2272
spark,150_10,1,10,gpu_registers,2119,1,0.201408
spark,150_10,1,10,gpu_registers,2120,2,0.235104
spark,150_10,1,10,gpu_registers,2121,1,0.17808
spark,150_10,1,10,gpu_registers,2122,1,0.199616
spark,150_10,1,10,gpu_registers,2123,1,0.109152
spark,150_10,1,10,gpu_registers,2124,1,0.15216
spark,150_10,1,10,gpu_registers,2125,1,0.143776
spark,150_10,1,10,gpu_registers,2126,1,0.129472
spark,150_10,1,10,gpu_registers,2127,1,0.114176
spark,150_10,1,10,gpu_registers,2128,1,0.19808
spark,150_10,1,10,gpu_registers,2129,1,0.197152
spark,150_10,1,10,gpu_registers,2130,1,0.187936
spark,150_10,1,10,gpu_registers,2131,1,0.138496
spark,150_10,1,10,gpu_registers,2132,1,0.16704
spark,150_10,1,10,gpu_registers,2133,1,0.088576
spark,150_10,1,10,gpu_registers,2134,1,0.08752
spark,150_10,1,10,gpu_registers,2135,1,0.051552
spark,150_10,1,10,gpu_registers,2136,1,0.170176
spark,150_10,1,10,gpu_registers,2137,1,0.13232
spark,150_10,1,10,gpu_registers,2138,1,0.092608
spark,150_10,1,10,gpu_registers,2139,1,0.166272
spark,150_10,1,10,gpu_registers,2140,1,0.218912
spark,150_10,1,10,gpu_registers,2141,1,0.208224
spark,150_10,1,10,gpu_registers,2142,1,0.085312
spark,150_10,1,10,gpu_registers,2143,1,0.121792
spark,150_10,1,10,gpu_registers,2144,1,0.230208
spark,150_10,1,10,gpu_registers,2145,1,0.089472
spark,150_10,1,10,gpu_registers,2146,1,0.224896
spark,150_10,1,10,gpu_registers,2147,1,0.205984
spark,150_10,1,10,gpu_registers,2148,1,0.171776
spark,150_10,1,10,gpu_registers,2149,1,0.088096
spark,150_10,1,10,gpu_registers,2150,1,0.132224
spark,150_10,1,10,gpu_registers,2151,1,0.204064
spark,150_10,1,10,gpu_registers,2152,1,0.110816
spark,150_10,1,10,gpu_registers,2153,1,0.141472
spark,150_10,1,10,gpu_registers,2154,1,0.115872
spark,150_10,1,10,gpu_registers,2155,1,0.188832
spark,150_10,1,10,gpu_registers,2156,1,0.053728
spark,150_10,1,10,gpu_registers,2157,1,0.234016
spark,150_10,1,10,gpu_registers,2158,1,0.19008
spark,150_10,1,10,gpu_registers,2159,1,0.160256
spark,150_10,1,10,gpu_registers,2160,1,0.179168
spark,150_10,1,10,gpu_registers,2161,1,0.118464
spark,150_10,1,10,gpu_registers,2162,1,0.1736
spark,150_10,1,10,gpu_registers,2163,1,0.108704
spark,150_10,1,10,gpu_registers,2164,1,0.102368
spark,150_10,1,10,gpu_registers,2165,1,0.150112
spark,150_10,1,10,gpu_registers,2166,1,0.177344
spark,150_10,1,10,gpu_registers,2167,1,0.220448
spark,150_10,1,10,gpu_registers,2168,1,0.2008
spark,150_10,1,10,gpu_registers,2169,1,0.23008
spark,150_10,1,10,gpu_registers,2170,1,0.205536
spark,150_10,1,10,gpu_registers,2171,1,0.056704
spark,150_10,1,10,gpu_registers,2172,1,0.091616
spark,150_10,1,10,gpu_registers,2173,1,0.019616
spark,150_10,1,10,gpu_registers,2174,1,0.184128
spark,150_10,1,10,gpu_registers,2175,1,0.081888
spark,150_10,1,10,gpu_registers,2176,1,0.23072
spark,150_10,1,10,gpu_registers,2177,1,0.08736
spark,150_10,1,10,gpu_registers,2178,1,0.01824
spark,150_10,1,10,gpu_registers,2179,1,0.02176
spark,150_10,1,10,gpu_registers,2180,1,0.085312
spark,150_10,1,10,gpu_registers,2181,1,0.035392
spark,150_10,1,10,gpu_registers,2182,1,0.142336
spark,150_10,1,10,gpu_registers,2183,1,0.148448
spark,150_10,1,10,gpu_registers,2184,1,0.211552
spark,150_10,1,10,gpu_registers,2185,1,0.234368
spark,150_10,1,10,gpu_registers,2186,1,0.034208
spark,150_10,1,10,gpu_registers,2187,1,0.202432
spark,150_10,1,10,gpu_registers,2188,1,0.180768
spark,150_10,1,10,gpu_registers,2189,1,0.088928
spark,150_10,1,10,gpu_registers,2190,1,0.217952
spark,150_10,1,10,gpu_registers,2191,1,0.135616
spark,150_10,1,10,gpu_registers,2192,1,0.094976
spark,150_10,1,10,gpu_registers,2193,1,0.212096
spark,150_10,1,10,gpu_registers,2194,1,0.16912
spark,150_10,1,10,gpu_registers,2195,1,0.17856
spark,150_10,1,10,gpu_registers,2196,1,0.222816
spark,150_10,1,10,gpu_registers,2197,1,0.141088
spark,150_10,1,10,gpu_registers,2198,1,0.038816
spark,150_10,1,10,gpu_registers,2199,1,0.0872
spark,150_10,1,10,gpu_registers,2200,1,0.078016
spark,150_10,1,10,gpu_registers,2201,1,0.122752
spark,150_10,1,10,gpu_registers,2202,1,0.16944
spark,150_10,1,10,gpu_registers,2203,1,0.20816
spark,150_10,1,10,gpu_registers,2204,1,0.144608
spark,150_10,1,10,gpu_registers,2205,1,0.115104
spark,150_10,1,10,gpu_registers,2206,1,0.196704
spark,150_10,1,10,gpu_registers,2207,1,0.222272
spark,150_10,1,10,gpu_registers,2208,1,0.175616
spark,150_10,1,10,gpu_registers,2209,1,0.19792
spark,150_10,1,10,gpu_registers,2210,1,0.145056
spark,150_10,1,10,gpu_registers,2211,1,0.094848
spark,150_10,1,10,gpu_registers,2212,1,0.138528
spark,150_10,1,10,gpu_registers,2213,1,0.075264
spark,150_10,1,10,gpu_registers,2214,1,0.091296
spark,150_10,1,10,gpu_registers,2215,1,0.18992
spark,150_10,1,10,gpu_registers,2216,1,0.225856
spark,150_10,1,10,gpu_registers,2217,1,0.199392
spark,150_10,1,10,gpu_registers,2218,1,0.123392
spark,150_10,1,10,gpu_registers,2219,1,0.070144
spark,150_10,1,10,gpu_registers,2220,1,0.22064
spark,150_10,1,10,gpu_registers,2221,1,0.139104
spark,150_10,1,10,gpu_registers,2222,1,0.054944
spark,150_10,1,10,gpu_registers,2223,1,0.021632
spark,150_10,1,10,gpu_registers,2224,1,0.206336
spark,150_10,1,10,gpu_registers,2225,1,0.081952
spark,150_10,1,10,gpu_registers,2226,1,0.13424
spark,150_10,1,10,gpu_registers,2227,1,0.120416
spark,150_10,1,10,gpu_registers,2228,1,0.168192
spark,150_10,1,10,gpu_registers,2229,1,0.18736
spark,150_10,1,10,gpu_registers,2230,1,0.088576
spark,150_10,1,10,gpu_registers,2231,1,0.092192
spark,150_10,1,10,gpu_registers,2232,1,0.196032
spark,150_10,1,10,gpu_registers,2233,1,0.053312
spark,150_10,1,10,gpu_registers,2234,1,0.163232
spark,150_10,1,10,gpu_registers,2235,1,0.139136
spark,150_10,1,10,gpu_registers,2236,1,0.157024
spark,150_10,1,10,gpu_registers,2237,1,0.09232
spark,150_10,1,10,gpu_registers,2238,1,0.230432
spark,150_10,1,10,gpu_registers,2239,1,0.056864
spark,150_10,1,10,gpu_registers,2240,1,0.20912
spark,150_10,1,10,gpu_registers,2241,1,0.156608
spark,150_10,1,10,gpu_registers,2242,1,0.084704
spark,150_10,1,10,gpu_registers,2243,1,0.073216
spark,150_10,1,10,gpu_registers,2244,1,0.152288
spark,150_10,1,10,gpu_registers,2245,1,0.20576
spark,150_10,1,10,gpu_registers,2246,1,0.078432
spark,150_10,1,10,gpu_registers,2247,1,0.183456
spark,150_10,1,10,gpu_registers,2248,1,0.154944
spark,150_10,1,10,gpu_registers,2249,1,0.149664
spark,150_10,1,10,gpu_registers,2250,1,0.13008
spark,150_10,1,10,gpu_registers,2251,1,0.097696
spark,150_10,1,10,gpu_registers,2252,1,0.157664
spark,150_10,1,10,gpu_registers,2253,1,0.205536
spark,150_10,1,10,gpu_registers,2254,1,0.223232
spark,150_10,1,10,gpu_registers,2255,1,0.12112
spark,150_10,1,10,gpu_registers,2256,1,0.148928
spark,150_10,1,10,gpu_registers,2257,1,0.03824
spark,150_10,1,10,gpu_registers,2258,1,0.122016
spark,150_10,1,10,gpu_registers,2259,1,0.150688
spark,150_10,1,10,gpu_registers,2260,1,0.15216
spark,150_10,1,10,gpu_registers,2261,1,0.20192
spark,150_10,1,10,gpu_registers,2262,1,0.23584
spark,150_10,1,10,gpu_registers,2263,1,0.088224
spark,150_10,1,10,gpu_registers,2264,1,0.18608
spark,150_10,1,10,gpu_registers,2265,1,0.097824
spark,150_10,1,10,gpu_registers,2266,1,0.18592
spark,150_10,1,10,gpu_registers,2267,1,0.108864
spark,150_10,1,10,gpu_registers,2268,1,0.110112
spark,150_10,1,10,gpu_registers,2269,1,0.101696
spark,150_10,1,10,gpu_registers,2270,1,0.223072
spark,150_10,1,10,gpu_registers,2271,1,0.069952
spark,150_10,1,10,gpu_registers,2272,1,0.137696
spark,150_10,1,10,gpu_registers,2273,1,0.050144
spark,150_10,1,10,gpu_registers,2274,1,0.105408
spark,150_10,1,10,gpu_registers,2275,1,0.202432
spark,150_10,1,10,gpu_registers,2276,1,0.1856
spark,150_10,1,10,gpu_registers,2277,1,0.13648
spark,150_10,1,10,gpu_registers,2278,1,0.182528
spark,150_10,1,10,gpu_registers,2279,1,0.124064
spark,150_10,1,10,gpu_registers,2280,1,0.058944
spark,150_10,1,10,gpu_registers,2281,1,0.034048
spark,150_10,1,10,gpu_registers,2282,1,0.20992
spark,150_10,1,10,gpu_registers,2283,1,0.213792
spark,150_10,1,10,gpu_registers,2284,1,0.148
spark,150_10,1,10,gpu_registers,2285,1,0.17808
spark,150_10,1,10,gpu_registers,2286,1,0.19808
spark,150_10,1,10,gpu_registers,2287,1,0.116608
spark,150_10,1,10,gpu_registers,2288,1,0.221088
spark,150_10,1,10,gpu_registers,2289,1,0.231008
spark,150_10,1,10,gpu_registers,2290,1,0.019328
spark,150_10,1,10,gpu_registers,2291,1,0.22064
spark,150_10,1,10,gpu_registers,2292,1,0.157056
spark,150_10,1,10,gpu_registers,2293,1,0.111392
spark,150_10,1,10,gpu_registers,2294,1,0.094144
spark,150_10,1,10,gpu_registers,2295,1,0.181216
spark,150_10,1,10,gpu_registers,2296,1,0.05168
spark,150_10,1,10,gpu_registers,2297,1,0.188128
spark,150_10,1,10,gpu_registers,2298,1,0.235008
spark,150_10,1,10,gpu_registers,2299,1,0.185504
spark,150_10,1,10,gpu_registers,2300,1,0.193792
spark,150_10,1,10,gpu_registers,2301,1,0.232736
spark,150_10,1,10,gpu_registers,2302,1,0.158592
spark,150_10,1,10,gpu_registers,2303,1,0.019264
spark,150_10,1,10,gpu_registers,2304,1,0.102848
spark,150_10,1,10,gpu_registers,2305,1,0.153728
spark,150_10,1,10,gpu_registers,2306,1,0.18512
spark,150_10,1,10,gpu_registers,2307,1,0.138624
spark,150_10,1,10,gpu_registers,2308,1,0.218176
spark,150_10,1,10,gpu_registers,2309,1,0.238656
spark,150_10,1,10,gpu_registers,2310,1,0.157248
spark,150_10,1,10,gpu_registers,2311,1,0.188672
spark,150_10,1,10,gpu_registers,2312,1,0.167488
spark,150_10,1,10,gpu_registers,2313,1,0.221024
spark,150_10,1,10,gpu_registers,2314,2,0.151968
spark,150_10,1,10,gpu_registers,2315,1,0.235712
spark,150_10,1,10,gpu_registers,2316,1,0.234432
spark,150_10,1,10,gpu_registers,2317,1,0.223744
spark,150_10,1,10,gpu_registers,2318,1,0.171008
spark,150_10,1,10,gpu_registers,2319,1,0.099648
spark,150_10,1,10,gpu_registers,2320,1,0.10848
spark,150_10,1,10,gpu_registers,2321,1,0.221856
spark,150_10,1,10,gpu_registers,2322,1,0.038848
spark,150_10,1,10,gpu_registers,2323,1,0.092
spark,150_10,1,10,gpu_registers,2324,1,0.018784
spark,150_10,1,10,gpu_registers,2325,1,0.2224
spark,150_10,1,10,gpu_registers,2326,1,0.20912
spark,150_10,1,10,gpu_registers,2327,1,0.167104
spark,150_10,1,10,gpu_registers,2328,1,0.234368
spark,150_10,1,10,gpu_registers,2329,1,0.15808
spark,150_10,1,10,gpu_registers,2330,1,0.218368
spark,150_10,1,10,gpu_registers,2331,1,0.228096
spark,150_10,1,10,gpu_registers,2332,1,0.156224
spark,150_10,1,10,gpu_registers,2333,1,0.11696
spark,150_10,1,10,gpu_registers,2334,1,0.111808
spark,150_10,1,10,gpu_registers,2335,1,0.073504
spark,150_10,1,10,gpu_registers,2336,1,0.120256
spark,150_10,1,10,gpu_registers,2337,1,0.115328
spark,150_10,1,10,gpu_registers,2338,1,0.204992
spark,150_10,1,10,gpu_registers,2339,1,0.126496
spark,150_10,1,10,gpu_registers,2340,1,0.072128
spark,150_10,1,10,gpu_registers,2341,1,0.176448
spark,150_10,1,10,gpu_registers,2342,1,0.202368
spark,150_10,1,10,gpu_registers,2343,1,0.06992
spark,150_10,1,10,gpu_registers,2344,1,0.152544
spark,150_10,1,10,gpu_registers,2345,1,0.201248
spark,150_10,1,10,gpu_registers,2346,1,0.184992
spark,150_10,1,10,gpu_registers,2347,1,0.235968
spark,150_10,1,10,gpu_registers,2348,1,0.119488
spark,150_10,1,10,gpu_registers,2349,1,0.169984
spark,150_10,1,10,gpu_registers,2350,1,0.214208
spark,150_10,1,10,gpu_registers,2351,1,0.207264
spark,150_10,1,10,gpu_registers,2352,1,0.149728
spark,150_10,1,10,gpu_registers,2353,1,0.211136
spark,150_10,1,10,gpu_registers,2354,1,0.22992
spark,150_10,1,10,gpu_registers,2355,2,0.195552
spark,150_10,1,10,gpu_registers,2356,1,0.193696
spark,150_10,1,10,gpu_registers,2357,1,0.230304
spark,150_10,1,10,gpu_registers,2358,1,0.140928
spark,150_10,1,10,gpu_registers,2359,1,0.166464
spark,150_10,1,10,gpu_registers,2360,1,0.162976
spark,150_10,1,10,gpu_registers,2361,1,0.229152
spark,150_10,1,10,gpu_registers,2362,1,0.052768
spark,150_10,1,10,gpu_registers,2363,1,0.125728
spark,150_10,1,10,gpu_registers,2364,1,0.11728
spark,150_10,1,10,gpu_registers,2365,1,0.147392
spark,150_10,1,10,gpu_registers,2366,1,0.069952
spark,150_10,1,10,gpu_registers,2367,1,0.209376
spark,150_10,1,10,gpu_registers,2368,1,0.177568
spark,150_10,1,10,gpu_registers,2369,1,0.03744
spark,150_10,1,10,gpu_registers,2370,1,0.217568
spark,150_10,1,10,gpu_registers,2371,1,0.217376
spark,150_10,1,10,gpu_registers,2372,1,0.196064
spark,150_10,1,10,gpu_registers,2373,1,0.133024
spark,150_10,1,10,gpu_registers,2374,1,0.116384
spark,150_10,1,10,gpu_registers,2375,1,0.196544
spark,150_10,1,10,gpu_registers,2376,1,0.122912
spark,150_10,1,10,gpu_registers,2377,1,0.017664
spark,150_10,1,10,gpu_registers,2378,1,0.176832
spark,150_10,1,10,gpu_registers,2379,1,0.216096
spark,150_10,1,10,gpu_registers,2380,1,0.195456
spark,150_10,1,10,gpu_registers,2381,1,0.121664
spark,150_10,1,10,gpu_registers,2382,1,0.158496
spark,150_10,1,10,gpu_registers,2383,1,0.023776
spark,150_10,1,10,gpu_registers,2384,1,0.178528
spark,150_10,1,10,gpu_registers,2385,1,0.052672
spark,150_10,1,10,gpu_registers,2386,1,0.22864
spark,150_10,1,10,gpu_registers,2387,1,0.202816
spark,150_10,1,10,gpu_registers,2388,1,0.227488
spark,150_10,1,10,gpu_registers,2389,1,0.036192
spark,150_10,1,10,gpu_registers,2390,1,0.232448
spark,150_10,1,10,gpu_registers,2391,1,0.091072
spark,150_10,1,10,gpu_registers,2392,1,0.212608
spark,150_10,1,10,gpu_registers,2393,1,0.106336
spark,150_10,1,10,gpu_registers,2394,1,0.129696
spark,150_10,1,10,gpu_registers,2395,1,0.071584
spark,150_10,1,10,gpu_registers,2396,1,0.174464
spark,150_10,1,10,gpu_registers,2397,1,0.170432
spark,150_10,1,10,gpu_registers,2398,1,0.165216
spark,150_10,1,10,gpu_registers,2399,1,0.195552
spark,150_10,1,10,gpu_registers,2400,1,0.239008
spark,150_10,1,10,gpu_registers,2401,1,0.197248
spark,150_10,1,10,gpu_registers,2402,1,0.228736
spark,150_10,1,10,gpu_registers,2403,1,0.142496
spark,150_10,1,10,gpu_registers,2404,1,0.14928
spark,150_10,1,10,gpu_registers,2405,1,0.228128
spark,150_10,1,10,gpu_registers,2406,1,0.148704
spark,150_10,1,10,gpu_registers,2407,1,0.092448
spark,150_10,1,10,gpu_registers,2408,1,0.050592
spark,150_10,1,10,gpu_registers,2409,1,0.087712
spark,150_10,1,10,gpu_registers,2410,1,0.194816
spark,150_10,1,10,gpu_registers,2411,1,0.111008
spark,150_10,1,10,gpu_registers,2412,1,0.150336
spark,150_10,1,10,gpu_registers,2413,1,0.11488
spark,150_10,1,10,gpu_registers,2414,1,0.14688
spark,150_10,1,10,gpu_registers,2415,1,0.019584
spark,150_10,1,10,gpu_registers,2416,1,0.202656
spark,150_10,1,10,gpu_registers,2417,1,0.095328
spark,150_10,1,10,gpu_registers,2418,1,0.235616
spark,150_10,1,10,gpu_registers,2419,1,0.226144
spark,150_10,1,10,gpu_registers,2420,1,0.233664
spark,150_10,1,10,gpu_registers,2421,1,0.15744
spark,150_10,1,10,gpu_registers,2422,1,0.15328
spark,150_10,1,10,gpu_registers,2423,1,0.228608
spark,150_10,1,10,gpu_registers,2424,1,0.091104
spark,150_10,1,10,gpu_registers,2425,1,0.133504
spark,150_10,1,10,gpu_registers,2426,1,0.170176
spark,150_10,1,10,gpu_registers,2427,1,0.121408
spark,150_10,1,10,gpu_registers,2428,1,0.087776
spark,150_10,1,10,gpu_registers,2429,1,0.127168
spark,150_10,1,10,gpu_registers,2430,1,0.122944
spark,150_10,1,10,gpu_registers,2431,1,0.180352
spark,150_10,1,10,gpu_registers,2432,1,0.143296
spark,150_10,1,10,gpu_registers,2433,2,0.187584
spark,150_10,1,10,gpu_registers,2434,1,0.232032
spark,150_10,1,10,gpu_registers,2435,1,0.210624
spark,150_10,1,10,gpu_registers,2436,2,0.232192
spark,150_10,1,10,gpu_registers,2437,1,0.181696
spark,150_10,1,10,gpu_registers,2438,1,0.225376
spark,150_10,1,10,gpu_registers,2439,1,0.14272
spark,150_10,1,10,gpu_registers,2440,1,0.13232
spark,150_10,1,10,gpu_registers,2441,1,0.052384
spark,150_10,1,10,gpu_registers,2442,1,0.206368
spark,150_10,1,10,gpu_registers,2443,1,0.18224
spark,150_10,1,10,gpu_registers,2444,1,0.19744
spark,150_10,1,10,gpu_registers,2445,1,0.112544
spark,150_10,1,10,gpu_registers,2446,1,0.16912
spark,150_10,1,10,gpu_registers,2447,1,0.19616
spark,150_10,1,10,gpu_registers,2448,1,0.19104
spark,150_10,1,10,gpu_registers,2449,1,0.164704
spark,150_10,1,10,gpu_registers,2450,1,0.171456
spark,150_10,1,10,gpu_registers,2451,1,0.190592
spark,150_10,1,10,gpu_registers,2452,1,0.121248
spark,150_10,1,10,gpu_registers,2453,1,0.100096
spark,150_10,1,10,gpu_registers,2454,1,0.132992
spark,150_10,1,10,gpu_registers,2455,1,0.072416
spark,150_10,1,10,gpu_registers,2456,1,0.154176
spark,150_10,1,10,gpu_registers,2457,1,0.20496
spark,150_10,1,10,gpu_registers,2458,1,0.200672
spark,150_10,1,10,gpu_registers,2459,1,0.093152
spark,150_10,1,10,gpu_registers,2460,1,0.102816
spark,150_10,1,10,gpu_registers,2461,1,0.163328
spark,150_10,1,10,gpu_registers,2462,1,0.068352
spark,150_10,1,10,gpu_registers,2463,1,0.1584
spark,150_10,1,10,gpu_registers,2464,1,0.072608
spark,150_10,1,10,gpu_registers,2465,1,0.193952
spark,150_10,1,10,gpu_registers,2466,1,0.21168
spark,150_10,1,10,gpu_registers,2467,1,0.184192
spark,150_10,1,10,gpu_registers,2468,1,0.13888
spark,150_10,1,10,gpu_registers,2469,1,0.146848
spark,150_10,1,10,gpu_registers,2470,1,0.161632
spark,150_10,1,10,gpu_registers,2471,1,0.210496
spark,150_10,1,10,gpu_registers,2472,1,0.236672
spark,150_10,1,10,gpu_registers,2473,1,0.23056
spark,150_10,1,10,gpu_registers,2474,1,0.182912
spark,150_10,1,10,gpu_registers,2475,1,0.07488
spark,150_10,1,10,gpu_registers,2476,1,0.23392
spark,150_10,1,10,gpu_registers,2477,1,0.040352
spark,150_10,1,10,gpu_registers,2478,1,0.162464
spark,150_10,1,10,gpu_registers,2479,1,0.091008
spark,150_10,1,10,gpu_registers,2480,1,0.094144
spark,150_10,1,10,gpu_registers,2481,1,0.161792
spark,150_10,1,10,gpu_registers,2482,1,0.022176
spark,150_10,1,10,gpu_registers,2483,1,0.196416
spark,150_10,1,10,gpu_registers,2484,1,0.2136
spark,150_10,1,10,gpu_registers,2485,1,0.181888
spark,150_10,1,10,gpu_registers,2486,1,0.174304
spark,150_10,1,10,gpu_registers,2487,1,0.155584
spark,150_10,1,10,gpu_registers,2488,1,0.241184
spark,150_10,1,10,gpu_registers,2489,1,0.126336
spark,150_10,1,10,gpu_registers,2490,1,0.229216
spark,150_10,1,10,gpu_registers,2491,1,0.072864
spark,150_10,1,10,gpu_registers,2492,1,0.146912
spark,150_10,1,10,gpu_registers,2493,1,0.122656
spark,150_10,1,10,gpu_registers,2494,1,0.177504
spark,150_10,1,10,gpu_registers,2495,2,0.188736
spark,150_10,1,10,gpu_registers,2496,2,0.192704
spark,150_10,1,10,gpu_registers,2497,1,0.149024
spark,150_10,1,10,gpu_registers,2498,1,0.085632
spark,150_10,1,10,gpu_registers,2499,1,0.231776
spark,150_10,1,10,gpu_registers,2500,1,0.142624
spark,150_10,1,10,gpu_registers,2501,1,0.088992
spark,150_10,1,10,gpu_registers,2502,1,0.240832
spark,150_10,1,10,gpu_registers,2503,1,0.084256
spark,150_10,1,10,gpu_registers,2504,1,0.072864
spark,150_10,1,10,gpu_registers,2505,1,0.16784
spark,150_10,1,10,gpu_registers,2506,1,0.19664
spark,150_10,1,10,gpu_registers,2507,1,0.190848
spark,150_10,1,10,gpu_registers,2508,1,0.216192
spark,150_10,1,10,gpu_registers,2509,1,0.088032
spark,150_10,1,10,gpu_registers,2510,1,0.224544
spark,150_10,1,10,gpu_registers,2511,1,0.112864
spark,150_10,1,10,gpu_registers,2512,1,0.169504
spark,150_10,1,10,gpu_registers,2513,1,0.070016
spark,150_10,1,10,gpu_registers,2514,1,0.05264
spark,150_10,1,10,gpu_registers,2515,1,0.12752
spark,150_10,1,10,gpu_registers,2516,1,0.230144
spark,150_10,1,10,gpu_registers,2517,2,0.224512
spark,150_10,1,10,gpu_registers,2518,2,0.20432
spark,150_10,1,10,gpu_registers,2519,1,0.163104
spark,150_10,1,10,gpu_registers,2520,1,0.125056
spark,150_10,1,10,gpu_registers,2521,1,0.181504
spark,150_10,1,10,gpu_registers,2522,1,0.228576
spark,150_10,1,10,gpu_registers,2523,1,0.036576
spark,150_10,1,10,gpu_registers,2524,1,0.226112
spark,150_10,1,10,gpu_registers,2525,1,0.176896
spark,150_10,1,10,gpu_registers,2526,1,0.226688
spark,150_10,1,10,gpu_registers,2527,1,0.114336
spark,150_10,1,10,gpu_registers,2528,1,0.203616
spark,150_10,1,10,gpu_registers,2529,1,0.209984
spark,150_10,1,10,gpu_registers,2530,1,0.119936
spark,150_10,1,10,gpu_registers,2531,1,0.193696
spark,150_10,1,10,gpu_registers,2532,1,0.1768
spark,150_10,1,10,gpu_registers,2533,1,0.121728
spark,150_10,1,10,gpu_registers,2534,1,0.045408
spark,150_10,1,10,gpu_registers,2535,1,0.035648
spark,150_10,1,10,gpu_registers,2536,1,0.035232
spark,150_10,1,10,gpu_registers,2537,1,0.124064
spark,150_10,1,10,gpu_registers,2538,1,0.188064
spark,150_10,1,10,gpu_registers,2539,1,0.22208
spark,150_10,1,10,gpu_registers,2540,1,0.070464
spark,150_10,1,10,gpu_registers,2541,1,0.230304
spark,150_10,1,10,gpu_registers,2542,1,0.150432
spark,150_10,1,10,gpu_registers,2543,1,0.176288
spark,150_10,1,10,gpu_registers,2544,1,0.107872
spark,150_10,1,10,gpu_registers,2545,1,0.1928
spark,150_10,1,10,gpu_registers,2546,1,0.182112
spark,150_10,1,10,gpu_registers,2547,1,0.095392
spark,150_10,1,10,gpu_registers,2548,1,0.233952
spark,150_10,1,10,gpu_registers,2549,1,0.09568
spark,150_10,1,10,gpu_registers,2550,1,0.035968
spark,150_10,1,10,gpu_registers,2551,1,0.19248
spark,150_10,1,10,gpu_registers,2552,1,0.0888
spark,150_10,1,10,gpu_registers,2553,1,0.182208
spark,150_10,1,10,gpu_registers,2554,1,0.217888
spark,150_10,1,10,gpu_registers,2555,1,0.055584
spark,150_10,1,10,gpu_registers,2556,1,0.119136
spark,150_10,1,10,gpu_registers,2557,1,0.090304
spark,150_10,1,10,gpu_registers,2558,1,0.109728
spark,150_10,1,10,gpu_registers,2559,1,0.164704
spark,150_10,1,10,gpu_registers,2560,1,0.053408
spark,150_10,1,10,gpu_registers,2561,1,0.184992
spark,150_10,1,10,gpu_registers,2562,1,0.052384
spark,150_10,1,10,gpu_registers,2563,1,0.186112
spark,150_10,1,10,gpu_registers,2564,1,0.214592
spark,150_10,1,10,gpu_registers,2565,1,0.212128
spark,150_10,1,10,gpu_registers,2566,1,0.201632
spark,150_10,1,10,gpu_registers,2567,1,0.218208
spark,150_10,1,10,gpu_registers,2568,1,0.22384
spark,150_10,1,10,gpu_registers,2569,1,0.074368
spark,150_10,1,10,gpu_registers,2570,1,0.141952
spark,150_10,1,10,gpu_registers,2571,1,0.15504
spark,150_10,1,10,gpu_registers,2572,1,0.194976
spark,150_10,1,10,gpu_registers,2573,1,0.215392
spark,150_10,1,10,gpu_registers,2574,1,0.218848
spark,150_10,1,10,gpu_registers,2575,1,0.170656
spark,150_10,1,10,gpu_registers,2576,1,0.16896
spark,150_10,1,10,gpu_registers,2577,1,0.039872
spark,150_10,1,10,gpu_registers,2578,1,0.038336
spark,150_10,1,10,gpu_registers,2579,1,0.107232
spark,150_10,1,10,gpu_registers,2580,1,0.033792
spark,150_10,1,10,gpu_registers,2581,1,0.20256
spark,150_10,1,10,gpu_registers,2582,1,0.18816
spark,150_10,1,10,gpu_registers,2583,1,0.134976
spark,150_10,1,10,gpu_registers,2584,1,0.12272
spark,150_10,1,10,gpu_registers,2585,1,0.208288
spark,150_10,1,10,gpu_registers,2586,1,0.205984
spark,150_10,1,10,gpu_registers,2587,1,0.205728
spark,150_10,1,10,gpu_registers,2588,1,0.09504
spark,150_10,1,10,gpu_registers,2589,1,0.087456
spark,150_10,1,10,gpu_registers,2590,1,0.137376
spark,150_10,1,10,gpu_registers,2591,1,0.240064
spark,150_10,1,10,gpu_registers,2592,1,0.056704
spark,150_10,1,10,gpu_registers,2593,1,0.161728
spark,150_10,1,10,gpu_registers,2594,1,0.183712
spark,150_10,1,10,gpu_registers,2595,1,0.18
spark,150_10,1,10,gpu_registers,2596,1,0.059232
spark,150_10,1,10,gpu_registers,2597,1,0.039136
spark,150_10,1,10,gpu_registers,2598,1,0.05744
spark,150_10,1,10,gpu_registers,2599,1,0.198048
spark,150_10,1,10,gpu_registers,2600,1,0.202752
spark,150_10,1,10,gpu_registers,2601,1,0.213664
spark,150_10,1,10,gpu_registers,2602,1,0.191392
spark,150_10,1,10,gpu_registers,2603,1,0.154848
spark,150_10,1,10,gpu_registers,2604,1,0.232896
spark,150_10,1,10,gpu_registers,2605,1,0.123904
spark,150_10,1,10,gpu_registers,2606,1,0.075936
spark,150_10,1,10,gpu_registers,2607,1,0.072864
spark,150_10,1,10,gpu_registers,2608,1,0.168352
spark,150_10,1,10,gpu_registers,2609,1,0.02352
spark,150_10,1,10,gpu_registers,2610,1,0.119552
spark,150_10,1,10,gpu_registers,2611,1,0.136576
spark,150_10,1,10,gpu_registers,2612,1,0.12688
spark,150_10,1,10,gpu_registers,2613,1,0.103808
spark,150_10,1,10,gpu_registers,2614,1,0.221248
spark,150_10,1,10,gpu_registers,2615,1,0.225856
spark,150_10,1,10,gpu_registers,2616,1,0.201568
spark,150_10,1,10,gpu_registers,2617,1,0.17216
spark,150_10,1,10,gpu_registers,2618,1,0.209568
spark,150_10,1,10,gpu_registers,2619,1,0.083552
spark,150_10,1,10,gpu_registers,2620,1,0.092384
spark,150_10,1,10,gpu_registers,2621,1,0.212448
spark,150_10,1,10,gpu_registers,2622,1,0.107776
spark,150_10,1,10,gpu_registers,2623,1,0.124512
spark,150_10,1,10,gpu_registers,2624,1,0.152
spark,150_10,1,10,gpu_registers,2625,1,0.215296
spark,150_10,1,10,gpu_registers,2626,1,0.104288
spark,150_10,1,10,gpu_registers,2627,1,0.135872
spark,150_10,1,10,gpu_registers,2628,1,0.023296
spark,150_10,1,10,gpu_registers,2629,1,0.035744
spark,150_10,1,10,gpu_registers,2630,1,0.160896
spark,150_10,1,10,gpu_registers,2631,1,0.228352
spark,150_10,1,10,gpu_registers,2632,1,0.216256
spark,150_10,1,10,gpu_registers,2633,1,0.215776
spark,150_10,1,10,gpu_registers,2634,1,0.211616
spark,150_10,1,10,gpu_registers,2635,1,0.185184
spark,150_10,1,10,gpu_registers,2636,1,0.18832
spark,150_10,1,10,gpu_registers,2637,1,0.12304
spark,150_10,1,10,gpu_registers,2638,1,0.217536
spark,150_10,1,10,gpu_registers,2639,1,0.165728
spark,150_10,1,10,gpu_registers,2640,2,0.1264
spark,150_10,1,10,gpu_registers,2641,1,0.149792
spark,150_10,1,10,gpu_registers,2642,1,0.124544
spark,150_10,1,10,gpu_registers,2643,1,0.197088
spark,150_10,1,10,gpu_registers,2644,1,0.127488
spark,150_10,1,10,gpu_registers,2645,1,0.147616
spark,150_10,1,10,gpu_registers,2646,1,0.09504
spark,150_10,1,10,gpu_registers,2647,1,0.139808
spark,150_10,1,10,gpu_registers,2648,1,0.022944
spark,150_10,1,10,gpu_registers,2649,1,0.083456
spark,150_10,1,10,gpu_registers,2650,1,0.158336
spark,150_10,1,10,gpu_registers,2651,1,0.208704
spark,150_10,1,10,gpu_registers,2652,1,0.21424
spark,150_10,1,10,gpu_registers,2653,1,0.168928
spark,150_10,1,10,gpu_registers,2654,1,0.233312
spark,150_10,1,10,gpu_registers,2655,1,0.098176
spark,150_10,1,10,gpu_registers,2656,1,0.138784
spark,150_10,1,10,gpu_registers,2657,1,0.056
spark,150_10,1,10,gpu_registers,2658,1,0.12128
spark,150_10,1,10,gpu_registers,2659,1,0.185984
spark,150_10,1,10,gpu_registers,2660,1,0.16112
spark,150_10,1,10,gpu_registers,2661,1,0.204256
spark,150_10,1,10,gpu_registers,2662,1,0.159232
spark,150_10,1,10,gpu_registers,2663,1,0.19648
spark,150_10,1,10,gpu_registers,2664,1,0.227584
spark,150_10,1,10,gpu_registers,2665,1,0.238848
spark,150_10,1,10,gpu_registers,2666,1,0.116384
spark,150_10,1,10,gpu_registers,2667,1,0.150912
spark,150_10,1,10,gpu_registers,2668,1,0.165408
spark,150_10,1,10,gpu_registers,2669,1,0.098336
spark,150_10,1,10,gpu_registers,2670,1,0.2208
spark,150_10,1,10,gpu_registers,2671,1,0.135712
spark,150_10,1,10,gpu_registers,2672,1,0.035616
spark,150_10,1,10,gpu_registers,2673,1,0.122784
spark,150_10,1,10,gpu_registers,2674,1,0.139712
spark,150_10,1,10,gpu_registers,2675,1,0.076448
spark,150_10,1,10,gpu_registers,2676,1,0.204416
spark,150_10,1,10,gpu_registers,2677,1,0.205632
spark,150_10,1,10,gpu_registers,2678,1,0.095104
spark,150_10,1,10,gpu_registers,2679,1,0.086784
spark,150_10,1,10,gpu_registers,2680,1,0.0728
spark,150_10,1,10,gpu_registers,2681,1,0.074944
spark,150_10,1,10,gpu_registers,2682,1,0.129952
spark,150_10,1,10,gpu_registers,2683,1,0.231584
spark,150_10,1,10,gpu_registers,2684,1,0.215168
spark,150_10,1,10,gpu_registers,2685,1,0.09616
spark,150_10,1,10,gpu_registers,2686,1,0.126976
spark,150_10,1,10,gpu_registers,2687,1,0.146816
spark,150_10,1,10,gpu_registers,2688,1,0.098144
spark,150_10,1,10,gpu_registers,2689,1,0.13456
spark,150_10,1,10,gpu_registers,2690,1,0.214208
spark,150_10,1,10,gpu_registers,2691,1,0.217792
spark,150_10,1,10,gpu_registers,2692,1,0.055392
spark,150_10,1,10,gpu_registers,2693,1,0.022752
spark,150_10,1,10,gpu_registers,2694,1,0.126816
spark,150_10,1,10,gpu_registers,2695,1,0.071616
spark,150_10,1,10,gpu_registers,2696,1,0.219968
spark,150_10,1,10,gpu_registers,2697,1,0.128672
spark,150_10,1,10,gpu_registers,2698,1,0.21232
spark,150_10,1,10,gpu_registers,2699,1,0.187616
spark,150_10,1,10,gpu_registers,2700,1,0.216288
spark,150_10,1,10,gpu_registers,2701,1,0.199808
spark,150_10,1,10,gpu_registers,2702,1,0.212544
spark,150_10,1,10,gpu_registers,2703,1,0.228512
spark,150_10,1,10,gpu_registers,2704,1,0.19168
spark,150_10,1,10,gpu_registers,2705,1,0.160032
spark,150_10,1,10,gpu_registers,2706,1,0.204352
spark,150_10,1,10,gpu_registers,2707,1,0.12992
spark,150_10,1,10,gpu_registers,2708,1,0.182656
spark,150_10,1,10,gpu_registers,2709,1,0.161728
spark,150_10,1,10,gpu_registers,2710,1,0.164064
spark,150_10,1,10,gpu_registers,2711,2,0.208512
spark,150_10,1,10,gpu_registers,2712,1,0.236608
spark,150_10,1,10,gpu_registers,2713,1,0.026304
spark,150_10,1,10,gpu_registers,2714,1,0.213888
spark,150_10,1,10,gpu_registers,2715,1,0.225184
spark,150_10,1,10,gpu_registers,2716,1,0.214336
spark,150_10,1,10,gpu_registers,2717,2,0.236096
spark,150_10,1,10,gpu_registers,2718,1,0.149088
spark,150_10,1,10,gpu_registers,2719,1,0.117792
spark,150_10,1,10,gpu_registers,2720,1,0.190048
spark,150_10,1,10,gpu_registers,2721,1,0.178112
spark,150_10,1,10,gpu_registers,2722,1,0.090624
spark,150_10,1,10,gpu_registers,2723,1,0.237472
spark,150_10,1,10,gpu_registers,2724,1,0.093088
spark,150_10,1,10,gpu_registers,2725,1,0.202528
spark,150_10,1,10,gpu_registers,2726,1,0.162784
spark,150_10,1,10,gpu_registers,2727,1,0.127584
spark,150_10,1,10,gpu_registers,2728,1,0.237376
spark,150_10,1,10,gpu_registers,2729,1,0.228992
spark,150_10,1,10,gpu_registers,2730,1,0.123008
spark,150_10,1,10,gpu_registers,2731,1,0.094784
spark,150_10,1,10,gpu_registers,2732,1,0.021376
spark,150_10,1,10,gpu_registers,2733,1,0.225792
spark,150_10,1,10,gpu_registers,2734,1,0.173856
spark,150_10,1,10,gpu_registers,2735,1,0.246784
spark,150_10,1,10,gpu_registers,2736,1,0.184416
spark,150_10,1,10,gpu_registers,2737,1,0.07808
spark,150_10,1,10,gpu_registers,2738,1,0.136992
spark,150_10,1,10,gpu_registers,2739,1,0.148256
spark,150_10,1,10,gpu_registers,2740,1,0.058016
spark,150_10,1,10,gpu_registers,2741,1,0.017984
spark,150_10,1,10,gpu_registers,2742,1,0.203584
spark,150_10,1,10,gpu_registers,2743,1,0.211712
spark,150_10,1,10,gpu_registers,2744,2,0.19568
spark,150_10,1,10,gpu_registers,2745,2,0.173184
spark,150_10,1,10,gpu_registers,2746,1,0.16544
spark,150_10,1,10,gpu_registers,2747,1,0.169088
spark,150_10,1,10,gpu_registers,2748,1,0.020896
spark,150_10,1,10,gpu_registers,2749,1,0.160448
spark,150_10,1,10,gpu_registers,2750,1,0.113728
spark,150_10,1,10,gpu_registers,2751,1,0.16288
spark,150_10,1,10,gpu_registers,2752,1,0.123776
spark,150_10,1,10,gpu_registers,2753,1,0.075104
spark,150_10,1,10,gpu_registers,2754,1,0.137088
spark,150_10,1,10,gpu_registers,2755,1,0.090304
spark,150_10,1,10,gpu_registers,2756,1,0.021632
spark,150_10,1,10,gpu_registers,2757,1,0.097248
spark,150_10,1,10,gpu_registers,2758,1,0.090784
spark,150_10,1,10,gpu_registers,2759,1,0.097952
spark,150_10,1,10,gpu_registers,2760,1,0.074464
spark,150_10,1,10,gpu_registers,2761,1,0.23568
spark,150_10,1,10,gpu_registers,2762,1,0.175904
spark,150_10,1,10,gpu_registers,2763,1,0.201312
spark,150_10,1,10,gpu_registers,2764,1,0.23264
spark,150_10,1,10,gpu_registers,2765,1,0.106144
spark,150_10,1,10,gpu_registers,2766,1,0.211712
spark,150_10,1,10,gpu_registers,2767,1,0.240032
spark,150_10,1,10,gpu_registers,2768,1,0.070624
spark,150_10,1,10,gpu_registers,2769,1,0.16576
spark,150_10,1,10,gpu_registers,2770,1,0.21328
spark,150_10,1,10,gpu_registers,2771,1,0.191552
spark,150_10,1,10,gpu_registers,2772,1,0.15408
spark,150_10,1,10,gpu_registers,2773,1,0.185824
spark,150_10,1,10,gpu_registers,2774,1,0.163872
spark,150_10,1,10,gpu_registers,2775,1,0.186432
spark,150_10,1,10,gpu_registers,2776,1,0.117024
spark,150_10,1,10,gpu_registers,2777,1,0.150336
spark,150_10,1,10,gpu_registers,2778,1,0.213024
spark,150_10,1,10,gpu_registers,2779,1,0.23712
spark,150_10,1,10,gpu_registers,2780,1,0.110272
spark,150_10,1,10,gpu_registers,2781,1,0.069696
spark,150_10,1,10,gpu_registers,2782,1,0.037728
spark,150_10,1,10,gpu_registers,2783,1,0.09008
spark,150_10,1,10,gpu_registers,2784,1,0.219552
spark,150_10,1,10,gpu_registers,2785,1,0.188736
spark,150_10,1,10,gpu_registers,2786,1,0.124096
spark,150_10,1,10,gpu_registers,2787,1,0.23872
spark,150_10,1,10,gpu_registers,2788,1,0.037408
spark,150_10,1,10,gpu_registers,2789,1,0.102432
spark,150_10,1,10,gpu_registers,2790,1,0.1096
spark,150_10,1,10,gpu_registers,2791,1,0.163296
spark,150_10,1,10,gpu_registers,2792,1,0.198912
spark,150_10,1,10,gpu_registers,2793,1,0.140832
spark,150_10,1,10,gpu_registers,2794,1,0.10656
spark,150_10,1,10,gpu_registers,2795,1,0.087616
spark,150_10,1,10,gpu_registers,2796,1,0.22512
spark,150_10,1,10,gpu_registers,2797,1,0.20624
spark,150_10,1,10,gpu_registers,2798,1,0.23232
spark,150_10,1,10,gpu_registers,2799,1,0.132896
spark,150_10,1,10,gpu_registers,2800,1,0.09504
spark,150_10,1,10,gpu_registers,2801,1,0.196032
spark,150_10,1,10,gpu_registers,2802,1,0.232384
spark,150_10,1,10,gpu_registers,2803,1,0.180864
spark,150_10,1,10,gpu_registers,2804,1,0.19376
spark,150_10,1,10,gpu_registers,2805,1,0.136736
spark,150_10,1,10,gpu_registers,2806,1,0.216
spark,150_10,1,10,gpu_registers,2807,1,0.12256
spark,150_10,1,10,gpu_registers,2808,1,0.183072
spark,150_10,1,10,gpu_registers,2809,1,0.219008
spark,150_10,1,10,gpu_registers,2810,1,0.199904
spark,150_10,1,10,gpu_registers,2811,1,0.072864
spark,150_10,1,10,gpu_registers,2812,1,0.090048
spark,150_10,1,10,gpu_registers,2813,1,0.086464
spark,150_10,1,10,gpu_registers,2814,1,0.206432
spark,150_10,1,10,gpu_registers,2815,1,0.221888
spark,150_10,1,10,gpu_registers,2816,1,0.135616
spark,150_10,1,10,gpu_registers,2817,1,0.14176
spark,150_10,1,10,gpu_registers,2818,1,0.232096
spark,150_10,1,10,gpu_registers,2819,1,0.058656
spark,150_10,1,10,gpu_registers,2820,1,0.112576
spark,150_10,1,10,gpu_registers,2821,1,0.142816
spark,150_10,1,10,gpu_registers,2822,1,0.1584
spark,150_10,1,10,gpu_registers,2823,1,0.224832
spark,150_10,1,10,gpu_registers,2824,1,0.150752
spark,150_10,1,10,gpu_registers,2825,1,0.195264
spark,150_10,1,10,gpu_registers,2826,1,0.091744
spark,150_10,1,10,gpu_registers,2827,1,0.122688
spark,150_10,1,10,gpu_registers,2828,1,0.036608
spark,150_10,1,10,gpu_registers,2829,1,0.204128
spark,150_10,1,10,gpu_registers,2830,1,0.180096
spark,150_10,1,10,gpu_registers,2831,1,0.168864
spark,150_10,1,10,gpu_registers,2832,1,0.131456
spark,150_10,1,10,gpu_registers,2833,1,0.037632
spark,150_10,1,10,gpu_registers,2834,1,0.115872
spark,150_10,1,10,gpu_registers,2835,1,0.070048
spark,150_10,1,10,gpu_registers,2836,1,0.199872
spark,150_10,1,10,gpu_registers,2837,1,0.088032
spark,150_10,1,10,gpu_registers,2838,1,0.0688
spark,150_10,1,10,gpu_registers,2839,1,0.218368
spark,150_10,1,10,gpu_registers,2840,1,0.2304
spark,150_10,1,10,gpu_registers,2841,1,0.166656
spark,150_10,1,10,gpu_registers,2842,1,0.221504
spark,150_10,1,10,gpu_registers,2843,1,0.074144
spark,150_10,1,10,gpu_registers,2844,1,0.07552
spark,150_10,1,10,gpu_registers,2845,1,0.021056
spark,150_10,1,10,gpu_registers,2846,1,0.166656
spark,150_10,1,10,gpu_registers,2847,1,0.184448
spark,150_10,1,10,gpu_registers,2848,1,0.119008
spark,150_10,1,10,gpu_registers,2849,1,0.089792
spark,150_10,1,10,gpu_registers,2850,1,0.159776
spark,150_10,1,10,gpu_registers,2851,1,0.023776
spark,150_10,1,10,gpu_registers,2852,1,0.226176
spark,150_10,1,10,gpu_registers,2853,1,0.230816
spark,150_10,1,10,gpu_registers,2854,1,0.134976
spark,150_10,1,10,gpu_registers,2855,1,0.209248
spark,150_10,1,10,gpu_registers,2856,1,0.053184
spark,150_10,1,10,gpu_registers,2857,1,0.23136
spark,150_10,1,10,gpu_registers,2858,1,0.18848
spark,150_10,1,10,gpu_registers,2859,1,0.227808
spark,150_10,1,10,gpu_registers,2860,1,0.2072
spark,150_10,1,10,gpu_registers,2861,1,0.153952
spark,150_10,1,10,gpu_registers,2862,1,0.158304
spark,150_10,1,10,gpu_registers,2863,1,0.18864
spark,150_10,1,10,gpu_registers,2864,1,0.221088
spark,150_10,1,10,gpu_registers,2865,1,0.114048
spark,150_10,1,10,gpu_registers,2866,1,0.087936
spark,150_10,1,10,gpu_registers,2867,1,0.212992
spark,150_10,1,10,gpu_registers,2868,1,0.234624
spark,150_10,1,10,gpu_registers,2869,1,0.20944
spark,150_10,1,10,gpu_registers,2870,1,0.236736
spark,150_10,1,10,gpu_registers,2871,1,0.225312
spark,150_10,1,10,gpu_registers,2872,1,0.05264
spark,150_10,1,10,gpu_registers,2873,1,0.054688
spark,150_10,1,10,gpu_registers,2874,1,0.215872
spark,150_10,1,10,gpu_registers,2875,1,0.174144
spark,150_10,1,10,gpu_registers,2876,1,0.20528
spark,150_10,1,10,gpu_registers,2877,1,0.131808
spark,150_10,1,10,gpu_registers,2878,2,0.16496
spark,150_10,1,10,gpu_registers,2879,1,0.2168
spark,150_10,1,10,gpu_registers,2880,1,0.02272
spark,150_10,1,10,gpu_registers,2881,1,0.07344
spark,150_10,1,10,gpu_registers,2882,1,0.106496
spark,150_10,1,10,gpu_registers,2883,1,0.13024
spark,150_10,1,10,gpu_registers,2884,1,0.176608
spark,150_10,1,10,gpu_registers,2885,1,0.073248
spark,150_10,1,10,gpu_registers,2886,1,0.118816
spark,150_10,1,10,gpu_registers,2887,1,0.21264
spark,150_10,1,10,gpu_registers,2888,1,0.038368
spark,150_10,1,10,gpu_registers,2889,1,0.194752
spark,150_10,1,10,gpu_registers,2890,1,0.098976
spark,150_10,1,10,gpu_registers,2891,1,0.149952
spark,150_10,1,10,gpu_registers,2892,1,0.12224
spark,150_10,1,10,gpu_registers,2893,1,0.15072
spark,150_10,1,10,gpu_registers,2894,1,0.218944
spark,150_10,1,10,gpu_registers,2895,1,0.215328
spark,150_10,1,10,gpu_registers,2896,1,0.238048
spark,150_10,1,10,gpu_registers,2897,1,0.153184
spark,150_10,1,10,gpu_registers,2898,1,0.198432
spark,150_10,1,10,gpu_registers,2899,1,0.230176
spark,150_10,1,10,gpu_registers,2900,1,0.165664
spark,150_10,1,10,gpu_registers,2901,1,0.021888
spark,150_10,1,10,gpu_registers,2902,1,0.212256
spark,150_10,1,10,gpu_registers,2903,1,0.077312
spark,150_10,1,10,gpu_registers,2904,1,0.075776
spark,150_10,1,10,gpu_registers,2905,1,0.172256
spark,150_10,1,10,gpu_registers,2906,1,0.210464
spark,150_10,1,10,gpu_registers,2907,1,0.237024
spark,150_10,1,10,gpu_registers,2908,1,0.209408
spark,150_10,1,10,gpu_registers,2909,1,0.186464
spark,150_10,1,10,gpu_registers,2910,1,0.082784
spark,150_10,1,10,gpu_registers,2911,1,0.128416
spark,150_10,1,10,gpu_registers,2912,1,0.123904
spark,150_10,1,10,gpu_registers,2913,1,0.14192
spark,150_10,1,10,gpu_registers,2914,1,0.187552
spark,150_10,1,10,gpu_registers,2915,1,0.19504
spark,150_10,1,10,gpu_registers,2916,1,0.055424
spark,150_10,1,10,gpu_registers,2917,1,0.158208
spark,150_10,1,10,gpu_registers,2918,1,0.023968
spark,150_10,1,10,gpu_registers,2919,1,0.15008
spark,150_10,1,10,gpu_registers,2920,1,0.074624
spark,150_10,1,10,gpu_registers,2921,1,0.090336
spark,150_10,1,10,gpu_registers,2922,1,0.18144
spark,150_10,1,10,gpu_registers,2923,1,0.23216
spark,150_10,1,10,gpu_registers,2924,1,0.210176
spark,150_10,1,10,gpu_registers,2925,1,0.18304
spark,150_10,1,10,gpu_registers,2926,1,0.2392
spark,150_10,1,10,gpu_registers,2927,1,0.218272
spark,150_10,1,10,gpu_registers,2928,1,0.033696
spark,150_10,1,10,gpu_registers,2929,1,0.187232
spark,150_10,1,10,gpu_registers,2930,1,0.235456
spark,150_10,1,10,gpu_registers,2931,1,0.197024
spark,150_10,1,10,gpu_registers,2932,1,0.237632
spark,150_10,1,10,gpu_registers,2933,1,0.16448
spark,150_10,1,10,gpu_registers,2934,1,0.104
spark,150_10,1,10,gpu_registers,2935,1,0.09392
spark,150_10,1,10,gpu_registers,2936,1,0.211008
spark,150_10,1,10,gpu_registers,2937,1,0.170112
spark,150_10,1,10,gpu_registers,2938,1,0.133536
spark,150_10,1,10,gpu_registers,2939,1,0.222048
spark,150_10,1,10,gpu_registers,2940,1,0.218784
spark,150_10,1,10,gpu_registers,2941,1,0.108096
spark,150_10,1,10,gpu_registers,2942,1,0.09824
spark,150_10,1,10,gpu_registers,2943,1,0.040128
spark,150_10,1,10,gpu_registers,2944,1,0.147392
spark,150_10,1,10,gpu_registers,2945,1,0.172416
spark,150_10,1,10,gpu_registers,2946,1,0.225504
spark,150_10,1,10,gpu_registers,2947,1,0.226368
spark,150_10,1,10,gpu_registers,2948,1,0.176672
spark,150_10,1,10,gpu_registers,2949,1,0.129696
spark,150_10,1,10,gpu_registers,2950,1,0.131552
spark,150_10,1,10,gpu_registers,2951,1,0.035616
spark,150_10,1,10,gpu_registers,2952,1,0.165024
spark,150_10,1,10,gpu_registers,2953,1,0.175296
spark,150_10,1,10,gpu_registers,2954,1,0.210304
spark,150_10,1,10,gpu_registers,2955,1,0.036224
spark,150_10,1,10,gpu_registers,2956,1,0.228576
spark,150_10,1,10,gpu_registers,2957,1,0.076512
spark,150_10,1,10,gpu_registers,2958,1,0.025376
spark,150_10,1,10,gpu_registers,2959,1,0.128608
spark,150_10,1,10,gpu_registers,2960,1,0.1432
spark,150_10,1,10,gpu_registers,2961,1,0.104672
spark,150_10,1,10,gpu_registers,2962,1,0.23184
spark,150_10,1,10,gpu_registers,2963,1,0.056032
spark,150_10,1,10,gpu_registers,2964,1,0.090528
spark,150_10,1,10,gpu_registers,2965,1,0.189696
spark,150_10,1,10,gpu_registers,2966,1,0.196352
spark,150_10,1,10,gpu_registers,2967,1,0.093504
spark,150_10,1,10,gpu_registers,2968,1,0.230752
spark,150_10,1,10,gpu_registers,2969,2,0.15728
spark,150_10,1,10,gpu_registers,2970,1,0.1528
spark,150_10,1,10,gpu_registers,2971,1,0.088352
spark,150_10,1,10,gpu_registers,2972,1,0.13072
spark,150_10,1,10,gpu_registers,2973,1,0.198624
spark,150_10,1,10,gpu_registers,2974,1,0.21536
spark,150_10,1,10,gpu_registers,2975,1,0.222592
spark,150_10,1,10,gpu_registers,2976,1,0.191776
spark,150_10,1,10,gpu_registers,2977,1,0.223744
spark,150_10,1,10,gpu_registers,2978,1,0.235232
spark,150_10,1,10,gpu_registers,2979,1,0.187584
spark,150_10,1,10,gpu_registers,2980,1,0.156096
spark,150_10,1,10,gpu_registers,2981,1,0.213184
spark,150_10,1,10,gpu_registers,2982,1,0.166176
spark,150_10,1,10,gpu_registers,2983,1,0.16832
spark,150_10,1,10,gpu_registers,2984,1,0.200192
spark,150_10,1,10,gpu_registers,2985,1,0.036768
spark,150_10,1,10,gpu_registers,2986,1,0.130336
spark,150_10,1,10,gpu_registers,2987,1,0.198336
spark,150_10,1,10,gpu_registers,2988,1,0.165216
spark,150_10,1,10,gpu_registers,2989,1,0.222976
spark,150_10,1,10,gpu_registers,2990,2,0.183872
spark,150_10,1,10,gpu_registers,2991,2,0.229472
spark,150_10,1,10,gpu_registers,2992,1,0.054976
spark,150_10,1,10,gpu_registers,2993,1,0.2096
spark,150_10,1,10,gpu_registers,2994,1,0.11184
spark,150_10,1,10,gpu_registers,2995,1,0.072544
spark,150_10,1,10,gpu_registers,2996,1,0.021696
spark,150_10,1,10,gpu_registers,2997,1,0.145024
spark,150_10,1,10,gpu_registers,2998,1,0.18224
spark,150_10,1,10,gpu_registers,2999,1,0.087232
spark,150_10,1,10,gpu_registers,3000,1,0.034656
spark,150_10,1,10,gpu_registers,3001,1,0.206752
spark,150_10,1,10,gpu_registers,3002,1,0.159904
spark,150_10,1,10,gpu_registers,3003,1,0.16496
spark,150_10,1,10,gpu_registers,3004,1,0.192768
spark,150_10,1,10,gpu_registers,3005,1,0.130208
spark,150_10,1,10,gpu_registers,3006,1,0.23264
spark,150_10,1,10,gpu_registers,3007,1,0.084288
spark,150_10,1,10,gpu_registers,3008,1,0.077536
spark,150_10,1,10,gpu_registers,3009,1,0.08528
spark,150_10,1,10,gpu_registers,3010,1,0.055008
spark,150_10,1,10,gpu_registers,3011,1,0.021568
spark,150_10,1,10,gpu_registers,3012,1,0.095968
spark,150_10,1,10,gpu_registers,3013,1,0.098496
spark,150_10,1,10,gpu_registers,3014,1,0.141408
spark,150_10,1,10,gpu_registers,3015,1,0.152928
spark,150_10,1,10,gpu_registers,3016,1,0.224288
spark,150_10,1,10,gpu_registers,3017,1,0.037568
spark,150_10,1,10,gpu_registers,3018,1,0.10768
spark,150_10,1,10,gpu_registers,3019,1,0.17024
spark,150_10,1,10,gpu_registers,3020,1,0.08832
spark,150_10,1,10,gpu_registers,3021,1,0.021024
spark,150_10,1,10,gpu_registers,3022,1,0.104704
spark,150_10,1,10,gpu_registers,3023,1,0.075936
spark,150_10,1,10,gpu_registers,3024,1,0.230304
spark,150_10,1,10,gpu_registers,3025,1,0.05072
spark,150_10,1,10,gpu_registers,3026,1,0.05344
spark,150_10,1,10,gpu_registers,3027,1,0.235296
spark,150_10,1,10,gpu_registers,3028,1,0.1328
spark,150_10,1,10,gpu_registers,3029,1,0.05424
spark,150_10,1,10,gpu_registers,3030,1,0.203072
spark,150_10,1,10,gpu_registers,3031,1,0.21584
spark,150_10,1,10,gpu_registers,3032,1,0.140704
spark,150_10,1,10,gpu_registers,3033,1,0.223392
spark,150_10,1,10,gpu_registers,3034,1,0.199456
spark,150_10,1,10,gpu_registers,3035,1,0.1832
spark,150_10,1,10,gpu_registers,3036,1,0.124576
spark,150_10,1,10,gpu_registers,3037,1,0.238912
spark,150_10,1,10,gpu_registers,3038,1,0.104256
spark,150_10,1,10,gpu_registers,3039,1,0.113984
spark,150_10,1,10,gpu_registers,3040,1,0.120736
spark,150_10,1,10,gpu_registers,3041,1,0.227488
spark,150_10,1,10,gpu_registers,3042,1,0.157504
spark,150_10,1,10,gpu_registers,3043,1,0.180128
spark,150_10,1,10,gpu_registers,3044,2,0.201568
spark,150_10,1,10,gpu_registers,3045,1,0.215744
spark,150_10,1,10,gpu_registers,3046,1,0.176352
spark,150_10,1,10,gpu_registers,3047,1,0.185568
spark,150_10,1,10,gpu_registers,3048,1,0.226464
spark,150_10,1,10,gpu_registers,3049,1,0.1328
spark,150_10,1,10,gpu_registers,3050,1,0.117952
spark,150_10,1,10,gpu_registers,3051,1,0.235392
spark,150_10,1,10,gpu_registers,3052,1,0.09504
spark,150_10,1,10,gpu_registers,3053,1,0.105664
spark,150_10,1,10,gpu_registers,3054,1,0.19488
spark,150_10,1,10,gpu_registers,3055,1,0.13072
spark,150_10,1,10,gpu_registers,3056,1,0.017312
spark,150_10,1,10,gpu_registers,3057,1,0.184224
spark,150_10,1,10,gpu_registers,3058,1,0.154304
spark,150_10,1,10,gpu_registers,3059,1,0.082976
spark,150_10,1,10,gpu_registers,3060,1,0.12608
spark,150_10,1,10,gpu_registers,3061,1,0.210144
spark,150_10,1,10,gpu_registers,3062,1,0.20848
spark,150_10,1,10,gpu_registers,3063,1,0.152448
spark,150_10,1,10,gpu_registers,3064,1,0.143808
spark,150_10,1,10,gpu_registers,3065,1,0.055296
spark,150_10,1,10,gpu_registers,3066,1,0.139808
spark,150_10,1,10,gpu_registers,3067,1,0.198592
spark,150_10,1,10,gpu_registers,3068,1,0.16832
spark,150_10,1,10,gpu_registers,3069,1,0.018784
spark,150_10,1,10,gpu_registers,3070,1,0.200544
spark,150_10,1,10,gpu_registers,3071,1,0.23056
spark,150_10,1,10,gpu_registers,3072,1,0.143488
spark,150_10,1,10,gpu_registers,3073,1,0.213824
spark,150_10,1,10,gpu_registers,3074,1,0.184
spark,150_10,1,10,gpu_registers,3075,1,0.156992
spark,150_10,1,10,gpu_registers,3076,1,0.126272
spark,150_10,1,10,gpu_registers,3077,1,0.074976
spark,150_10,1,10,gpu_registers,3078,1,0.037376
spark,150_10,1,10,gpu_registers,3079,1,0.16176
spark,150_10,1,10,gpu_registers,3080,1,0.109856
spark,150_10,1,10,gpu_registers,3081,1,0.145024
spark,150_10,1,10,gpu_registers,3082,1,0.181664
spark,150_10,1,10,gpu_registers,3083,1,0.23568
spark,150_10,1,10,gpu_registers,3084,1,0.13744
spark,150_10,1,10,gpu_registers,3085,1,0.220832
spark,150_10,1,10,gpu_registers,3086,1,0.08928
spark,150_10,1,10,gpu_registers,3087,1,0.03792
spark,150_10,1,10,gpu_registers,3088,1,0.195712
spark,150_10,1,10,gpu_registers,3089,1,0.181056
spark,150_10,1,10,gpu_registers,3090,1,0.159008
spark,150_10,1,10,gpu_registers,3091,1,0.225568
spark,150_10,1,10,gpu_registers,3092,1,0.194304
spark,150_10,1,10,gpu_registers,3093,1,0.233184
spark,150_10,1,10,gpu_registers,3094,1,0.224
spark,150_10,1,10,gpu_registers,3095,1,0.198624
spark,150_10,1,10,gpu_registers,3096,1,0.152416
spark,150_10,1,10,gpu_registers,3097,1,0.228384
spark,150_10,1,10,gpu_registers,3098,1,0.151872
spark,150_10,1,10,gpu_registers,3099,1,0.236032
spark,150_10,1,10,gpu_registers,3100,1,0.212832
spark,150_10,1,10,gpu_registers,3101,1,0.095552
spark,150_10,1,10,gpu_registers,3102,1,0.169824
spark,150_10,1,10,gpu_registers,3103,1,0.224704
spark,150_10,1,10,gpu_registers,3104,1,0.215616
spark,150_10,1,10,gpu_registers,3105,1,0.140928
spark,150_10,1,10,gpu_registers,3106,1,0.039456
spark,150_10,1,10,gpu_registers,3107,1,0.121728
spark,150_10,1,10,gpu_registers,3108,1,0.0536
spark,150_10,1,10,gpu_registers,3109,1,0.214912
spark,150_10,1,10,gpu_registers,3110,1,0.233472
spark,150_10,1,10,gpu_registers,3111,1,0.236
spark,150_10,1,10,gpu_registers,3112,1,0.234432
spark,150_10,1,10,gpu_registers,3113,1,0.1848
spark,150_10,1,10,gpu_registers,3114,1,0.147552
spark,150_10,1,10,gpu_registers,3115,1,0.227968
spark,150_10,1,10,gpu_registers,3116,1,0.022208
spark,150_10,1,10,gpu_registers,3117,1,0.220128
spark,150_10,1,10,gpu_registers,3118,1,0.09744
spark,150_10,1,10,gpu_registers,3119,1,0.091424
spark,150_10,1,10,gpu_registers,3120,1,0.23568
spark,150_10,1,10,gpu_registers,3121,1,0.12976
spark,150_10,1,10,gpu_registers,3122,1,0.024352
spark,150_10,1,10,gpu_registers,3123,1,0.051296
spark,150_10,1,10,gpu_registers,3124,1,0.105056
spark,150_10,1,10,gpu_registers,3125,1,0.112448
spark,150_10,1,10,gpu_registers,3126,1,0.10672
spark,150_10,1,10,gpu_registers,3127,1,0.217376
spark,150_10,1,10,gpu_registers,3128,1,0.105216
spark,150_10,1,10,gpu_registers,3129,1,0.199712
spark,150_10,1,10,gpu_registers,3130,1,0.202464
spark,150_10,1,10,gpu_registers,3131,1,0.204288
spark,150_10,1,10,gpu_registers,3132,1,0.228256
spark,150_10,1,10,gpu_registers,3133,1,0.190112
spark,150_10,1,10,gpu_registers,3134,1,0.186912
spark,150_10,1,10,gpu_registers,3135,1,0.0832
spark,150_10,1,10,gpu_registers,3136,1,0.173792
spark,150_10,1,10,gpu_registers,3137,1,0.17856
spark,150_10,1,10,gpu_registers,3138,1,0.23024
spark,150_10,1,10,gpu_registers,3139,1,0.0832
spark,150_10,1,10,gpu_registers,3140,1,0.158912
spark,150_10,1,10,gpu_registers,3141,1,0.123328
spark,150_10,1,10,gpu_registers,3142,1,0.192576
spark,150_10,1,10,gpu_registers,3143,1,0.074464
spark,150_10,1,10,gpu_registers,3144,1,0.040096
spark,150_10,1,10,gpu_registers,3145,1,0.019232
spark,150_10,1,10,gpu_registers,3146,1,0.15728
spark,150_10,1,10,gpu_registers,3147,1,0.131904
spark,150_10,1,10,gpu_registers,3148,2,0.146304
spark,150_10,1,10,gpu_registers,3149,2,0.220928
spark,150_10,1,10,gpu_registers,3150,1,0.228896
spark,150_10,1,10,gpu_registers,3151,1,0.183744
spark,150_10,1,10,gpu_registers,3152,1,0.12944
spark,150_10,1,10,gpu_registers,3153,1,0.162688
spark,150_10,1,10,gpu_registers,3154,1,0.117984
spark,150_10,1,10,gpu_registers,3155,1,0.111808
spark,150_10,1,10,gpu_registers,3156,1,0.152768
spark,150_10,1,10,gpu_registers,3157,1,0.090784
spark,150_10,1,10,gpu_registers,3158,1,0.226016
spark,150_10,1,10,gpu_registers,3159,1,0.126016
spark,150_10,1,10,gpu_registers,3160,1,0.12608
spark,150_10,1,10,gpu_registers,3161,1,0.179712
spark,150_10,1,10,gpu_registers,3162,1,0.189344
spark,150_10,1,10,gpu_registers,3163,1,0.162112
spark,150_10,1,10,gpu_registers,3164,1,0.221792
spark,150_10,1,10,gpu_registers,3165,1,0.144928
spark,150_10,1,10,gpu_registers,3166,1,0.12512
spark,150_10,1,10,gpu_registers,3167,1,0.174848
spark,150_10,1,10,gpu_registers,3168,1,0.193088
spark,150_10,1,10,gpu_registers,3169,1,0.217888
spark,150_10,1,10,gpu_registers,3170,1,0.089728
spark,150_10,1,10,gpu_registers,3171,1,0.198912
spark,150_10,1,10,gpu_registers,3172,1,0.233152
spark,150_10,1,10,gpu_registers,3173,1,0.218688
spark,150_10,1,10,gpu_registers,3174,1,0.224544
spark,150_10,1,10,gpu_registers,3175,1,0.170976
spark,150_10,1,10,gpu_registers,3176,1,0.15904
spark,150_10,1,10,gpu_registers,3177,1,0.089248
spark,150_10,1,10,gpu_registers,3178,1,0.024992
spark,150_10,1,10,gpu_registers,3179,1,0.159424
spark,150_10,1,10,gpu_registers,3180,1,0.080256
spark,150_10,1,10,gpu_registers,3181,1,0.226624
spark,150_10,1,10,gpu_registers,3182,1,0.153472
spark,150_10,1,10,gpu_registers,3183,1,0.155872
spark,150_10,1,10,gpu_registers,3184,1,0.020064
spark,150_10,1,10,gpu_registers,3185,1,0.222592
spark,150_10,1,10,gpu_registers,3186,1,0.159168
spark,150_10,1,10,gpu_registers,3187,1,0.055872
spark,150_10,1,10,gpu_registers,3188,1,0.089184
spark,150_10,1,10,gpu_registers,3189,1,0.209152
spark,150_10,1,10,gpu_registers,3190,1,0.144544
spark,150_10,1,10,gpu_registers,3191,1,0.235424
spark,150_10,1,10,gpu_registers,3192,1,0.02032
spark,150_10,1,10,gpu_registers,3193,1,0.104512
spark,150_10,1,10,gpu_registers,3194,1,0.17344
spark,150_10,1,10,gpu_registers,3195,1,0.091744
spark,150_10,1,10,gpu_registers,3196,1,0.238336
spark,150_10,1,10,gpu_registers,3197,1,0.167168
spark,150_10,1,10,gpu_registers,3198,1,0.222976
spark,150_10,1,10,gpu_registers,3199,1,0.229152
spark,150_10,1,10,gpu_registers,3200,1,0.225376
spark,150_10,1,10,gpu_registers,3201,1,0.20736
spark,150_10,1,10,gpu_registers,3202,1,0.16864
spark,150_10,1,10,gpu_registers,3203,1,0.22816
spark,150_10,1,10,gpu_registers,3204,1,0.217248
spark,150_10,1,10,gpu_registers,3205,1,0.13248
spark,150_10,1,10,gpu_registers,3206,1,0.16304
spark,150_10,1,10,gpu_registers,3207,1,0.115328
spark,150_10,1,10,gpu_registers,3208,1,0.205248
spark,150_10,1,10,gpu_registers,3209,1,0.108864
spark,150_10,1,10,gpu_registers,3210,1,0.219712
spark,150_10,1,10,gpu_registers,3211,1,0.127296
spark,150_10,1,10,gpu_registers,3212,1,0.184672
spark,150_10,1,10,gpu_registers,3213,1,0.071264
spark,150_10,1,10,gpu_registers,3214,1,0.233952
spark,150_10,1,10,gpu_registers,3215,1,0.155136
spark,150_10,1,10,gpu_registers,3216,1,0.140064
spark,150_10,1,10,gpu_registers,3217,1,0.140896
spark,150_10,1,10,gpu_registers,3218,1,0.176896
spark,150_10,1,10,gpu_registers,3219,1,0.1584
spark,150_10,1,10,gpu_registers,3220,1,0.234848
spark,150_10,1,10,gpu_registers,3221,1,0.20192
spark,150_10,1,10,gpu_registers,3222,1,0.11072
spark,150_10,1,10,gpu_registers,3223,1,0.226496
spark,150_10,1,10,gpu_registers,3224,1,0.07648
spark,150_10,1,10,gpu_registers,3225,1,0.205664
spark,150_10,1,10,gpu_registers,3226,1,0.234784
spark,150_10,1,10,gpu_registers,3227,1,0.235552
spark,150_10,1,10,gpu_registers,3228,1,0.217696
spark,150_10,1,10,gpu_registers,3229,1,0.220384
spark,150_10,1,10,gpu_registers,3230,1,0.140256
spark,150_10,1,10,gpu_registers,3231,1,0.03984
spark,150_10,1,10,gpu_registers,3232,1,0.084608
spark,150_10,1,10,gpu_registers,3233,1,0.207392
spark,150_10,1,10,gpu_registers,3234,1,0.16096
spark,150_10,1,10,gpu_registers,3235,1,0.087424
spark,150_10,1,10,gpu_registers,3236,1,0.232576
spark,150_10,1,10,gpu_registers,3237,1,0.177056
spark,150_10,1,10,gpu_registers,3238,1,0.125216
spark,150_10,1,10,gpu_registers,3239,1,0.120608
spark,150_10,1,10,gpu_registers,3240,1,0.091552
spark,150_10,1,10,gpu_registers,3241,1,0.091328
spark,150_10,1,10,gpu_registers,3242,1,0.100064
spark,150_10,1,10,gpu_registers,3243,1,0.14128
spark,150_10,1,10,gpu_registers,3244,1,0.080288
spark,150_10,1,10,gpu_registers,3245,1,0.138976
spark,150_10,1,10,gpu_registers,3246,1,0.15104
spark,150_10,1,10,gpu_registers,3247,1,0.11296
spark,150_10,1,10,gpu_registers,3248,1,0.161856
spark,150_10,1,10,gpu_registers,3249,1,0.19472
spark,150_10,1,10,gpu_registers,3250,1,0.017216
spark,150_10,1,10,gpu_registers,3251,1,0.1968
spark,150_10,1,10,gpu_registers,3252,1,0.138112
spark,150_10,1,10,gpu_registers,3253,1,0.024192
spark,150_10,1,10,gpu_registers,3254,1,0.223776
spark,150_10,1,10,gpu_registers,3255,1,0.090688
spark,150_10,1,10,gpu_registers,3256,1,0.199104
spark,150_10,1,10,gpu_registers,3257,1,0.17968
spark,150_10,1,10,gpu_registers,3258,1,0.189568
spark,150_10,1,10,gpu_registers,3259,1,0.188704
spark,150_10,1,10,gpu_registers,3260,1,0.053664
spark,150_10,1,10,gpu_registers,3261,1,0.145536
spark,150_10,1,10,gpu_registers,3262,1,0.092032
spark,150_10,1,10,gpu_registers,3263,1,0.227872
spark,150_10,1,10,gpu_registers,3264,1,0.22176
spark,150_10,1,10,gpu_registers,3265,2,0.173824
spark,150_10,1,10,gpu_registers,3266,1,0.171552
spark,150_10,1,10,gpu_registers,3267,1,0.019616
spark,150_10,1,10,gpu_registers,3268,1,0.021024
spark,150_10,1,10,gpu_registers,3269,1,0.208192
spark,150_10,1,10,gpu_registers,3270,1,0.021376
spark,150_10,1,10,gpu_registers,3271,1,0.188128
spark,150_10,1,10,gpu_registers,3272,1,0.18128
spark,150_10,1,10,gpu_registers,3273,1,0.188096
spark,150_10,1,10,gpu_registers,3274,1,0.129728
spark,150_10,1,10,gpu_registers,3275,1,0.092
spark,150_10,1,10,gpu_registers,3276,1,0.12048
spark,150_10,1,10,gpu_registers,3277,1,0.214592
spark,150_10,1,10,gpu_registers,3278,1,0.118688
spark,150_10,1,10,gpu_registers,3279,1,0.09024
spark,150_10,1,10,gpu_registers,3280,1,0.072224
spark,150_10,1,10,gpu_registers,3281,1,0.13232
spark,150_10,1,10,gpu_registers,3282,1,0.193312
spark,150_10,1,10,gpu_registers,3283,1,0.171456
spark,150_10,1,10,gpu_registers,3284,1,0.15088
spark,150_10,1,10,gpu_registers,3285,1,0.159232
spark,150_10,1,10,gpu_registers,3286,1,0.220864
spark,150_10,1,10,gpu_registers,3287,1,0.222176
spark,150_10,1,10,gpu_registers,3288,1,0.18448
spark,150_10,1,10,gpu_registers,3289,2,0.12368
spark,150_10,1,10,gpu_registers,3290,2,0.215872
spark,150_10,1,10,gpu_registers,3291,1,0.24032
spark,150_10,1,10,gpu_registers,3292,1,0.199136
spark,150_10,1,10,gpu_registers,3293,2,0.224672
spark,150_10,1,10,gpu_registers,3294,1,0.210528
spark,150_10,1,10,gpu_registers,3295,1,0.120096
spark,150_10,1,10,gpu_registers,3296,1,0.150176
spark,150_10,1,10,gpu_registers,3297,1,0.215328
spark,150_10,1,10,gpu_registers,3298,1,0.16608
spark,150_10,1,10,gpu_registers,3299,1,0.1352
spark,150_10,1,10,gpu_registers,3300,1,0.195104
spark,150_10,1,10,gpu_registers,3301,1,0.225216
spark,150_10,1,10,gpu_registers,3302,1,0.198688
spark,150_10,1,10,gpu_registers,3303,1,0.194688
spark,150_10,1,10,gpu_registers,3304,1,0.174688
spark,150_10,1,10,gpu_registers,3305,1,0.088864
spark,150_10,1,10,gpu_registers,3306,1,0.092608
spark,150_10,1,10,gpu_registers,3307,1,0.07904
spark,150_10,1,10,gpu_registers,3308,1,0.017248
spark,150_10,1,10,gpu_registers,3309,1,0.12592
spark,150_10,1,10,gpu_registers,3310,1,0.168736
spark,150_10,1,10,gpu_registers,3311,1,0.125664
spark,150_10,1,10,gpu_registers,3312,1,0.187904
spark,150_10,1,10,gpu_registers,3313,1,0.112128
spark,150_10,1,10,gpu_registers,3314,1,0.082592
spark,150_10,1,10,gpu_registers,3315,1,0.073984
spark,150_10,1,10,gpu_registers,3316,1,0.119328
spark,150_10,1,10,gpu_registers,3317,1,0.151424
spark,150_10,1,10,gpu_registers,3318,1,0.217248
spark,150_10,1,10,gpu_registers,3319,1,0.200128
spark,150_10,1,10,gpu_registers,3320,1,0.112256
spark,150_10,1,10,gpu_registers,3321,1,0.225184
spark,150_10,1,10,gpu_registers,3322,1,0.19248
spark,150_10,1,10,gpu_registers,3323,1,0.159712
spark,150_10,1,10,gpu_registers,3324,1,0.221216
spark,150_10,1,10,gpu_registers,3325,1,0.137824
spark,150_10,1,10,gpu_registers,3326,1,0.208416
spark,150_10,1,10,gpu_registers,3327,1,0.127232
spark,150_10,1,10,gpu_registers,3328,1,0.089088
spark,150_10,1,10,gpu_registers,3329,1,0.219616
spark,150_10,1,10,gpu_registers,3330,1,0.128384
spark,150_10,1,10,gpu_registers,3331,1,0.034656
spark,150_10,1,10,gpu_registers,3332,1,0.221472
spark,150_10,1,10,gpu_registers,3333,1,0.10624
spark,150_10,1,10,gpu_registers,3334,1,0.169728
spark,150_10,1,10,gpu_registers,3335,1,0.150624
spark,150_10,1,10,gpu_registers,3336,1,0.179392
spark,150_10,1,10,gpu_registers,3337,1,0.224736
spark,150_10,1,10,gpu_registers,3338,1,0.099872
spark,150_10,1,10,gpu_registers,3339,1,0.143872
spark,150_10,1,10,gpu_registers,3340,1,0.152576
spark,150_10,1,10,gpu_registers,3341,1,0.2032
spark,150_10,1,10,gpu_registers,3342,1,0.110144
spark,150_10,1,10,gpu_registers,3343,1,0.205632
spark,150_10,1,10,gpu_registers,3344,1,0.206912
spark,150_10,1,10,gpu_registers,3345,1,0.169184
spark,150_10,1,10,gpu_registers,3346,1,0.182784
spark,150_10,1,10,gpu_registers,3347,1,0.167296
spark,150_10,1,10,gpu_registers,3348,1,0.115904
spark,150_10,1,10,gpu_registers,3349,1,0.224448
spark,150_10,1,10,gpu_registers,3350,1,0.196416
spark,150_10,1,10,gpu_registers,3351,1,0.189056
spark,150_10,1,10,gpu_registers,3352,1,0.157536
spark,150_10,1,10,gpu_registers,3353,1,0.060928
spark,150_10,1,10,gpu_registers,3354,1,0.0952
spark,150_10,1,10,gpu_registers,3355,1,0.136288
spark,150_10,1,10,gpu_registers,3356,1,0.215808
spark,150_10,1,10,gpu_registers,3357,1,0.170048
spark,150_10,1,10,gpu_registers,3358,1,0.232896
spark,150_10,1,10,gpu_registers,3359,1,0.12512
spark,150_10,1,10,gpu_registers,3360,1,0.088992
spark,150_10,1,10,gpu_registers,3361,1,0.142688
spark,150_10,1,10,gpu_registers,3362,1,0.122496
spark,150_10,1,10,gpu_registers,3363,1,0.195776
spark,150_10,1,10,gpu_registers,3364,1,0.22288
spark,150_10,1,10,gpu_registers,3365,1,0.183712
spark,150_10,1,10,gpu_registers,3366,1,0.193792
spark,150_10,1,10,gpu_registers,3367,1,0.234496
spark,150_10,1,10,gpu_registers,3368,1,0.139712
spark,150_10,1,10,gpu_registers,3369,1,0.156864
spark,150_10,1,10,gpu_registers,3370,1,0.20336
spark,150_10,1,10,gpu_registers,3371,1,0.03584
spark,150_10,1,10,gpu_registers,3372,1,0.13648
spark,150_10,1,10,gpu_registers,3373,1,0.166144
spark,150_10,1,10,gpu_registers,3374,1,0.207936
spark,150_10,1,10,gpu_registers,3375,1,0.228608
spark,150_10,1,10,gpu_registers,3376,1,0.119232
spark,150_10,1,10,gpu_registers,3377,1,0.193888
spark,150_10,1,10,gpu_registers,3378,1,0.0728
spark,150_10,1,10,gpu_registers,3379,1,0.10976
spark,150_10,1,10,gpu_registers,3380,1,0.073888
spark,150_10,1,10,gpu_registers,3381,1,0.089376
spark,150_10,1,10,gpu_registers,3382,1,0.088448
spark,150_10,1,10,gpu_registers,3383,1,0.151328
spark,150_10,1,10,gpu_registers,3384,1,0.070112
spark,150_10,1,10,gpu_registers,3385,1,0.230144
spark,150_10,1,10,gpu_registers,3386,1,0.184512
spark,150_10,1,10,gpu_registers,3387,1,0.18656
spark,150_10,1,10,gpu_registers,3388,1,0.158816
spark,150_10,1,10,gpu_registers,3389,1,0.194176
spark,150_10,1,10,gpu_registers,3390,1,0.231744
spark,150_10,1,10,gpu_registers,3391,1,0.103232
spark,150_10,1,10,gpu_registers,3392,1,0.137536
spark,150_10,1,10,gpu_registers,3393,1,0.151232
spark,150_10,1,10,gpu_registers,3394,1,0.215648
spark,150_10,1,10,gpu_registers,3395,1,0.121056
spark,150_10,1,10,gpu_registers,3396,1,0.183392
spark,150_10,1,10,gpu_registers,3397,1,0.198848
spark,150_10,1,10,gpu_registers,3398,2,0.140672
spark,150_10,1,10,gpu_registers,3399,1,0.224928
spark,150_10,1,10,gpu_registers,3400,1,0.202272
spark,150_10,1,10,gpu_registers,3401,1,0.195232
spark,150_10,1,10,gpu_registers,3402,1,0.1208
spark,150_10,1,10,gpu_registers,3403,1,0.0688
spark,150_10,1,10,gpu_registers,3404,1,0.083168
spark,150_10,1,10,gpu_registers,3405,1,0.116224
spark,150_10,1,10,gpu_registers,3406,1,0.209696
spark,150_10,1,10,gpu_registers,3407,1,0.190048
spark,150_10,1,10,gpu_registers,3408,1,0.052608
spark,150_10,1,10,gpu_registers,3409,1,0.077568
spark,150_10,1,10,gpu_registers,3410,1,0.224128
spark,150_10,1,10,gpu_registers,3411,1,0.22592
spark,150_10,1,10,gpu_registers,3412,1,0.20944
spark,150_10,1,10,gpu_registers,3413,1,0.207616
spark,150_10,1,10,gpu_registers,3414,1,0.157408
spark,150_10,1,10,gpu_registers,3415,1,0.089952
spark,150_10,1,10,gpu_registers,3416,1,0.020928
spark,150_10,1,10,gpu_registers,3417,1,0.145344
spark,150_10,1,10,gpu_registers,3418,1,0.147136
spark,150_10,1,10,gpu_registers,3419,1,0.214208
spark,150_10,1,10,gpu_registers,3420,1,0.203168
spark,150_10,1,10,gpu_registers,3421,1,0.115328
spark,150_10,1,10,gpu_registers,3422,1,0.1656
spark,150_10,1,10,gpu_registers,3423,1,0.219936
spark,150_10,1,10,gpu_registers,3424,1,0.12048
spark,150_10,1,10,gpu_registers,3425,1,0.10672
spark,150_10,1,10,gpu_registers,3426,1,0.016416
spark,150_10,1,10,gpu_registers,3427,1,0.14672
spark,150_10,1,10,gpu_registers,3428,1,0.204
spark,150_10,1,10,gpu_registers,3429,1,0.036576
spark,150_10,1,10,gpu_registers,3430,1,0.017888
spark,150_10,1,10,gpu_registers,3431,1,0.05264
spark,150_10,1,10,gpu_registers,3432,1,0.080832
spark,150_10,1,10,gpu_registers,3433,1,0.234976
spark,150_10,1,10,gpu_registers,3434,1,0.220352
spark,150_10,1,10,gpu_registers,3435,1,0.137344
spark,150_10,1,10,gpu_registers,3436,1,0.223392
spark,150_10,1,10,gpu_registers,3437,1,0.180544
spark,150_10,1,10,gpu_registers,3438,1,0.16592
spark,150_10,1,10,gpu_registers,3439,1,0.158912
spark,150_10,1,10,gpu_registers,3440,1,0.090144
spark,150_10,1,10,gpu_registers,3441,1,0.181824
spark,150_10,1,10,gpu_registers,3442,1,0.233376
spark,150_10,1,10,gpu_registers,3443,1,0.13904
spark,150_10,1,10,gpu_registers,3444,1,0.157472
spark,150_10,1,10,gpu_registers,3445,1,0.168288
spark,150_10,1,10,gpu_registers,3446,1,0.196224
spark,150_10,1,10,gpu_registers,3447,1,0.148288
spark,150_10,1,10,gpu_registers,3448,1,0.019168
spark,150_10,1,10,gpu_registers,3449,1,0.020064
spark,150_10,1,10,gpu_registers,3450,1,0.133184
spark,150_10,1,10,gpu_registers,3451,1,0.170816
spark,150_10,1,10,gpu_registers,3452,1,0.090528
spark,150_10,1,10,gpu_registers,3453,1,0.20464
spark,150_10,1,10,gpu_registers,3454,1,0.052384
spark,150_10,1,10,gpu_registers,3455,1,0.035456
spark,150_10,1,10,gpu_registers,3456,1,0.1728
spark,150_10,1,10,gpu_registers,3457,1,0.15488
spark,150_10,1,10,gpu_registers,3458,1,0.2208
spark,150_10,1,10,gpu_registers,3459,1,0.227104
spark,150_10,1,10,gpu_registers,3460,2,0.239328
spark,150_10,1,10,gpu_registers,3461,2,0.210816
spark,150_10,1,10,gpu_registers,3462,1,0.100736
spark,150_10,1,10,gpu_registers,3463,1,0.22352
spark,150_10,1,10,gpu_registers,3464,1,0.142528
spark,150_10,1,10,gpu_registers,3465,1,0.224864
spark,150_10,1,10,gpu_registers,3466,1,0.137024
spark,150_10,1,10,gpu_registers,3467,1,0.163072
spark,150_10,1,10,gpu_registers,3468,1,0.058144
spark,150_10,1,10,gpu_registers,3469,1,0.142528
spark,150_10,1,10,gpu_registers,3470,1,0.155648
spark,150_10,1,10,gpu_registers,3471,1,0.123168
spark,150_10,1,10,gpu_registers,3472,1,0.143328
spark,150_10,1,10,gpu_registers,3473,1,0.14896
spark,150_10,1,10,gpu_registers,3474,1,0.235584
spark,150_10,1,10,gpu_registers,3475,1,0.229184
spark,150_10,1,10,gpu_registers,3476,1,0.098336
spark,150_10,1,10,gpu_registers,3477,1,0.053248
spark,150_10,1,10,gpu_registers,3478,1,0.172704
spark,150_10,1,10,gpu_registers,3479,1,0.110336
spark,150_10,1,10,gpu_registers,3480,1,0.096256
spark,150_10,1,10,gpu_registers,3481,1,0.104864
spark,150_10,1,10,gpu_registers,3482,1,0.20896
spark,150_10,1,10,gpu_registers,3483,1,0.155648
spark,150_10,1,10,gpu_registers,3484,1,0.204736
spark,150_10,1,10,gpu_registers,3485,1,0.192224
spark,150_10,1,10,gpu_registers,3486,1,0.038336
spark,150_10,1,10,gpu_registers,3487,1,0.150368
spark,150_10,1,10,gpu_registers,3488,1,0.069184
spark,150_10,1,10,gpu_registers,3489,1,0.166624
spark,150_10,1,10,gpu_registers,3490,1,0.190752
spark,150_10,1,10,gpu_registers,3491,1,0.188448
spark,150_10,1,10,gpu_registers,3492,1,0.139488
spark,150_10,1,10,gpu_registers,3493,1,0.120512
spark,150_10,1,10,gpu_registers,3494,1,0.229568
spark,150_10,1,10,gpu_registers,3495,1,0.022688
spark,150_10,1,10,gpu_registers,3496,1,0.07424
spark,150_10,1,10,gpu_registers,3497,1,0.213248
spark,150_10,1,10,gpu_registers,3498,1,0.175424
spark,150_10,1,10,gpu_registers,3499,1,0.08064
spark,150_10,1,10,gpu_registers,3500,1,0.185088
spark,150_10,1,10,gpu_registers,3501,1,0.220896
spark,150_10,1,10,gpu_registers,3502,1,0.2064
spark,150_10,1,10,gpu_registers,3503,1,0.150112
spark,150_10,1,10,gpu_registers,3504,1,0.112224
spark,150_10,1,10,gpu_registers,3505,1,0.158112
spark,150_10,1,10,gpu_registers,3506,1,0.099552
spark,150_10,1,10,gpu_registers,3507,1,0.09312
spark,150_10,1,10,gpu_registers,3508,1,0.189312
spark,150_10,1,10,gpu_registers,3509,1,0.112672
spark,150_10,1,10,gpu_registers,3510,1,0.109856
spark,150_10,1,10,gpu_registers,3511,1,0.103008
spark,150_10,1,10,gpu_registers,3512,1,0.149216
spark,150_10,1,10,gpu_registers,3513,1,0.038528
spark,150_10,1,10,gpu_registers,3514,1,0.121632
spark,150_10,1,10,gpu_registers,3515,1,0.051968
spark,150_10,1,10,gpu_registers,3516,1,0.019872
spark,150_10,1,10,gpu_registers,3517,1,0.101248
spark,150_10,1,10,gpu_registers,3518,1,0.210112
spark,150_10,1,10,gpu_registers,3519,1,0.231424
spark,150_10,1,10,gpu_registers,3520,1,0.038112
spark,150_10,1,10,gpu_registers,3521,1,0.234048
spark,150_10,1,10,gpu_registers,3522,1,0.02096
spark,150_10,1,10,gpu_registers,3523,1,0.231072
spark,150_10,1,10,gpu_registers,3524,1,0.229792
spark,150_10,1,10,gpu_registers,3525,1,0.175328
spark,150_10,1,10,gpu_registers,3526,1,0.232288
spark,150_10,1,10,gpu_registers,3527,1,0.180448
spark,150_10,1,10,gpu_registers,3528,1,0.13632
spark,150_10,1,10,gpu_registers,3529,1,0.021248
spark,150_10,1,10,gpu_registers,3530,1,0.175488
spark,150_10,1,10,gpu_registers,3531,1,0.121024
spark,150_10,1,10,gpu_registers,3532,1,0.133632
spark,150_10,1,10,gpu_registers,3533,1,0.122272
spark,150_10,1,10,gpu_registers,3534,1,0.094816
spark,150_10,1,10,gpu_registers,3535,1,0.115904
spark,150_10,1,10,gpu_registers,3536,1,0.22576
spark,150_10,1,10,gpu_registers,3537,1,0.144928
spark,150_10,1,10,gpu_registers,3538,1,0.12896
spark,150_10,1,10,gpu_registers,3539,1,0.157024
spark,150_10,1,10,gpu_registers,3540,1,0.081696
spark,150_10,1,10,gpu_registers,3541,1,0.16208
spark,150_10,1,10,gpu_registers,3542,1,0.235744
spark,150_10,1,10,gpu_registers,3543,1,0.175584
spark,150_10,1,10,gpu_registers,3544,1,0.226272
spark,150_10,1,10,gpu_registers,3545,1,0.214784
spark,150_10,1,10,gpu_registers,3546,1,0.210816
spark,150_10,1,10,gpu_registers,3547,1,0.179488
spark,150_10,1,10,gpu_registers,3548,1,0.224896
spark,150_10,1,10,gpu_registers,3549,1,0.233536
spark,150_10,1,10,gpu_registers,3550,1,0.236736
spark,150_10,1,10,gpu_registers,3551,1,0.034048
spark,150_10,1,10,gpu_registers,3552,1,0.168544
spark,150_10,1,10,gpu_registers,3553,1,0.217824
spark,150_10,1,10,gpu_registers,3554,2,0.22816
spark,150_10,1,10,gpu_registers,3555,2,0.182528
spark,150_10,1,10,gpu_registers,3556,1,0.238304
spark,150_10,1,10,gpu_registers,3557,1,0.168768
spark,150_10,1,10,gpu_registers,3558,1,0.072896
spark,150_10,1,10,gpu_registers,3559,1,0.187008
spark,150_10,1,10,gpu_registers,3560,1,0.116288
spark,150_10,1,10,gpu_registers,3561,1,0.07232
spark,150_10,1,10,gpu_registers,3562,1,0.016576
spark,150_10,1,10,gpu_registers,3563,1,0.189792
spark,150_10,1,10,gpu_registers,3564,1,0.21776
spark,150_10,1,10,gpu_registers,3565,1,0.130816
spark,150_10,1,10,gpu_registers,3566,1,0.200416
spark,150_10,1,10,gpu_registers,3567,1,0.204256
spark,150_10,1,10,gpu_registers,3568,1,0.235296
spark,150_10,1,10,gpu_registers,3569,1,0.04016
spark,150_10,1,10,gpu_registers,3570,1,0.146272
spark,150_10,1,10,gpu_registers,3571,1,0.03488
spark,150_10,1,10,gpu_registers,3572,1,0.101056
spark,150_10,1,10,gpu_registers,3573,1,0.105632
spark,150_10,1,10,gpu_registers,3574,1,0.118752
spark,150_10,1,10,gpu_registers,3575,1,0.089824
spark,150_10,1,10,gpu_registers,3576,1,0.091264
spark,150_10,1,10,gpu_registers,3577,1,0.22576
spark,150_10,1,10,gpu_registers,3578,1,0.153088
spark,150_10,1,10,gpu_registers,3579,1,0.129536
spark,150_10,1,10,gpu_registers,3580,1,0.189696
spark,150_10,1,10,gpu_registers,3581,1,0.148448
spark,150_10,1,10,gpu_registers,3582,1,0.184224
spark,150_10,1,10,gpu_registers,3583,1,0.183104
spark,150_10,1,10,gpu_registers,3584,1,0.127552
spark,150_10,1,10,gpu_registers,3585,1,0.180672
spark,150_10,1,10,gpu_registers,3586,1,0.220832
spark,150_10,1,10,gpu_registers,3587,1,0.235264
spark,150_10,1,10,gpu_registers,3588,1,0.210816
spark,150_10,1,10,gpu_registers,3589,1,0.194784
spark,150_10,1,10,gpu_registers,3590,1,0.155392
spark,150_10,1,10,gpu_registers,3591,1,0.185056
spark,150_10,1,10,gpu_registers,3592,1,0.235328
spark,150_10,1,10,gpu_registers,3593,1,0.182784
spark,150_10,1,10,gpu_registers,3594,1,0.231008
spark,150_10,1,10,gpu_registers,3595,1,0.11136
spark,150_10,1,10,gpu_registers,3596,1,0.225248
spark,150_10,1,10,gpu_registers,3597,1,0.153632
spark,150_10,1,10,gpu_registers,3598,1,0.1688
spark,150_10,1,10,gpu_registers,3599,1,0.189184
spark,150_10,1,10,gpu_registers,3600,1,0.021472
spark,150_10,1,10,gpu_registers,3601,1,0.233888
spark,150_10,1,10,gpu_registers,3602,1,0.19776
spark,150_10,1,10,gpu_registers,3603,1,0.22192
spark,150_10,1,10,gpu_registers,3604,1,0.235072
spark,150_10,1,10,gpu_registers,3605,1,0.135072
spark,150_10,1,10,gpu_registers,3606,1,0.222912
spark,150_10,1,10,gpu_registers,3607,1,0.216288
spark,150_10,1,10,gpu_registers,3608,1,0.094944
spark,150_10,1,10,gpu_registers,3609,1,0.062336
spark,150_10,1,10,gpu_registers,3610,1,0.1288
spark,150_10,1,10,gpu_registers,3611,1,0.165248
spark,150_10,1,10,gpu_registers,3612,1,0.034144
spark,150_10,1,10,gpu_registers,3613,1,0.167648
spark,150_10,1,10,gpu_registers,3614,1,0.140256
spark,150_10,1,10,gpu_registers,3615,1,0.19728
spark,150_10,1,10,gpu_registers,3616,1,0.170976
spark,150_10,1,10,gpu_registers,3617,1,0.160864
spark,150_10,1,10,gpu_registers,3618,1,0.214848
spark,150_10,1,10,gpu_registers,3619,1,0.191552
spark,150_10,1,10,gpu_registers,3620,1,0.232832
spark,150_10,1,10,gpu_registers,3621,1,0.21616
spark,150_10,1,10,gpu_registers,3622,1,0.140672
spark,150_10,1,10,gpu_registers,3623,2,0.182976
spark,150_10,1,10,gpu_registers,3624,1,0.179008
spark,150_10,1,10,gpu_registers,3625,1,0.074496
spark,150_10,1,10,gpu_registers,3626,1,0.041536
spark,150_10,1,10,gpu_registers,3627,1,0.121504
spark,150_10,1,10,gpu_registers,3628,1,0.240416
spark,150_10,1,10,gpu_registers,3629,1,0.070656
spark,150_10,1,10,gpu_registers,3630,1,0.122688
spark,150_10,1,10,gpu_registers,3631,1,0.229792
spark,150_10,1,10,gpu_registers,3632,1,0.202304
spark,150_10,1,10,gpu_registers,3633,1,0.170336
spark,150_10,1,10,gpu_registers,3634,1,0.196672
spark,150_10,1,10,gpu_registers,3635,1,0.153504
spark,150_10,1,10,gpu_registers,3636,1,0.022656
spark,150_10,1,10,gpu_registers,3637,1,0.206048
spark,150_10,1,10,gpu_registers,3638,1,0.223392
spark,150_10,1,10,gpu_registers,3639,1,0.114496
spark,150_10,1,10,gpu_registers,3640,1,0.12912
spark,150_10,1,10,gpu_registers,3641,1,0.185152
spark,150_10,1,10,gpu_registers,3642,1,0.232096
spark,150_10,1,10,gpu_registers,3643,1,0.226048
spark,150_10,1,10,gpu_registers,3644,1,0.08864
spark,150_10,1,10,gpu_registers,3645,1,0.224928
spark,150_10,1,10,gpu_registers,3646,1,0.110656
spark,150_10,1,10,gpu_registers,3647,1,0.036192
spark,150_10,1,10,gpu_registers,3648,1,0.120384
spark,150_10,1,10,gpu_registers,3649,1,0.20224
spark,150_10,1,10,gpu_registers,3650,1,0.083296
spark,150_10,1,10,gpu_registers,3651,1,0.034528
spark,150_10,1,10,gpu_registers,3652,1,0.209824
spark,150_10,1,10,gpu_registers,3653,1,0.19024
spark,150_10,1,10,gpu_registers,3654,1,0.172224
spark,150_10,1,10,gpu_registers,3655,1,0.188128
spark,150_10,1,10,gpu_registers,3656,1,0.229984
spark,150_10,1,10,gpu_registers,3657,1,0.088672
spark,150_10,1,10,gpu_registers,3658,1,0.224128
spark,150_10,1,10,gpu_registers,3659,1,0.174752
spark,150_10,1,10,gpu_registers,3660,1,0.085024
spark,150_10,1,10,gpu_registers,3661,1,0.166976
spark,150_10,1,10,gpu_registers,3662,1,0.174368
spark,150_10,1,10,gpu_registers,3663,1,0.144128
spark,150_10,1,10,gpu_registers,3664,1,0.128864
spark,150_10,1,10,gpu_registers,3665,1,0.094752
spark,150_10,1,10,gpu_registers,3666,1,0.130496
spark,150_10,1,10,gpu_registers,3667,1,0.189248
spark,150_10,1,10,gpu_registers,3668,1,0.132416
spark,150_10,1,10,gpu_registers,3669,1,0.140512
spark,150_10,1,10,gpu_registers,3670,1,0.186464
spark,150_10,1,10,gpu_registers,3671,1,0.177888
spark,150_10,1,10,gpu_registers,3672,1,0.154336
spark,150_10,1,10,gpu_registers,3673,1,0.125248
spark,150_10,1,10,gpu_registers,3674,1,0.163744
spark,150_10,1,10,gpu_registers,3675,1,0.092992
spark,150_10,1,10,gpu_registers,3676,1,0.053472
spark,150_10,1,10,gpu_registers,3677,1,0.08528
spark,150_10,1,10,gpu_registers,3678,1,0.107136
spark,150_10,1,10,gpu_registers,3679,1,0.206752
spark,150_10,1,10,gpu_registers,3680,1,0.184032
spark,150_10,1,10,gpu_registers,3681,1,0.169152
spark,150_10,1,10,gpu_registers,3682,1,0.16464
spark,150_10,1,10,gpu_registers,3683,1,0.194816
spark,150_10,1,10,gpu_registers,3684,1,0.145312
spark,150_10,1,10,gpu_registers,3685,1,0.222656
spark,150_10,1,10,gpu_registers,3686,2,0.228032
spark,150_10,1,10,gpu_registers,3687,1,0.234144
spark,150_10,1,10,gpu_registers,3688,1,0.089728
spark,150_10,1,10,gpu_registers,3689,1,0.173728
spark,150_10,1,10,gpu_registers,3690,1,0.123616
spark,150_10,1,10,gpu_registers,3691,1,0.215488
spark,150_10,1,10,gpu_registers,3692,1,0.224448
spark,150_10,1,10,gpu_registers,3693,1,0.163808
spark,150_10,1,10,gpu_registers,3694,1,0.054112
spark,150_10,1,10,gpu_registers,3695,1,0.088128
spark,150_10,1,10,gpu_registers,3696,1,0.108576
spark,150_10,1,10,gpu_registers,3697,1,0.090848
spark,150_10,1,10,gpu_registers,3698,1,0.117568
spark,150_10,1,10,gpu_registers,3699,1,0.073952
spark,150_10,1,10,gpu_registers,3700,1,0.06992
spark,150_10,1,10,gpu_registers,3701,1,0.134304
spark,150_10,1,10,gpu_registers,3702,1,0.20384
spark,150_10,1,10,gpu_registers,3703,1,0.205568
spark,150_10,1,10,gpu_registers,3704,1,0.071232
spark,150_10,1,10,gpu_registers,3705,1,0.088384
spark,150_10,1,10,gpu_registers,3706,1,0.20368
spark,150_10,1,10,gpu_registers,3707,1,0.017984
spark,150_10,1,10,gpu_registers,3708,1,0.139552
spark,150_10,1,10,gpu_registers,3709,1,0.241312
spark,150_10,1,10,gpu_registers,3710,1,0.221888
spark,150_10,1,10,gpu_registers,3711,1,0.083232
spark,150_10,1,10,gpu_registers,3712,1,0.218656
spark,150_10,1,10,gpu_registers,3713,1,0.07632
spark,150_10,1,10,gpu_registers,3714,1,0.043776
spark,150_10,1,10,gpu_registers,3715,1,0.180192
spark,150_10,1,10,gpu_registers,3716,1,0.093056
spark,150_10,1,10,gpu_registers,3717,1,0.070304
spark,150_10,1,10,gpu_registers,3718,1,0.035008
spark,150_10,1,10,gpu_registers,3719,1,0.146944
spark,150_10,1,10,gpu_registers,3720,1,0.181504
spark,150_10,1,10,gpu_registers,3721,1,0.169696
spark,150_10,1,10,gpu_registers,3722,1,0.209472
spark,150_10,1,10,gpu_registers,3723,1,0.226208
spark,150_10,1,10,gpu_registers,3724,1,0.21344
spark,150_10,1,10,gpu_registers,3725,1,0.19088
spark,150_10,1,10,gpu_registers,3726,1,0.089376
spark,150_10,1,10,gpu_registers,3727,1,0.224288
spark,150_10,1,10,gpu_registers,3728,1,0.200448
spark,150_10,1,10,gpu_registers,3729,1,0.117888
spark,150_10,1,10,gpu_registers,3730,1,0.190016
spark,150_10,1,10,gpu_registers,3731,1,0.2224
spark,150_10,1,10,gpu_registers,3732,1,0.154944
spark,150_10,1,10,gpu_registers,3733,1,0.142688
spark,150_10,1,10,gpu_registers,3734,1,0.161024
spark,150_10,1,10,gpu_registers,3735,1,0.119648
spark,150_10,1,10,gpu_registers,3736,1,0.087904
spark,150_10,1,10,gpu_registers,3737,1,0.054592
spark,150_10,1,10,gpu_registers,3738,1,0.087648
spark,150_10,1,10,gpu_registers,3739,1,0.109312
spark,150_10,1,10,gpu_registers,3740,1,0.133376
spark,150_10,1,10,gpu_registers,3741,1,0.086848
spark,150_10,1,10,gpu_registers,3742,1,0.163584
spark,150_10,1,10,gpu_registers,3743,1,0.230432
spark,150_10,1,12,gpu_merged_req,0,4650,3.541248
spark,150_10,1,12,gpu_merged_req,1,2138,1.722848
spark,150_10,1,12,gpu_merged_req,2,1437,1.199456
spark,150_10,1,12,gpu_merged_req,3,942,0.864512
spark,150_10,1,12,gpu_merged_req,4,625,0.62816
spark,150_10,1,12,gpu_merged_req,5,410,0.469952
spark,150_10,1,12,gpu_merged_req,6,259,0.3288
spark,150_10,1,12,gpu_merged_req,7,157,0.262592
spark,150_10,1,12,gpu_merged_req,8,92,0.24224
spark,150_10,1,12,gpu_merged_req,9,47,0.23392
spark,150_10,1,12,gpu_merged_req,10,28,0.232576
spark,150_10,1,12,gpu_merged_req,11,12,0.229088
spark,150_10,1,12,gpu_merged_req,12,7,0.232704
spark,150_10,1,12,gpu_merged_req,13,4,0.198656
spark,150_10,1,12,gpu_merged_req,14,2,0.178944
spark,150_10,1,12,gpu_merged_req,15,1,0.211808
spark,150_10,1,12,gpu_merged_req,16,1,0.208928
spark,150_10,1,12,gpu_merged_req,17,1,0.217472
spark,150_10,1,12,gpu_merged_req,18,1,0.130112
spark,150_10,1,12,gpu_merged_req,19,1,0.16048
spark,150_10,1,12,gpu_merged_req,20,1,0.202496
spark,150_10,1,12,gpu_merged_req,21,1,0.169184
spark,150_10,1,12,gpu_merged_req,22,1,0.169888
spark,150_10,1,12,gpu_merged_req,23,1,0.231296
spark,150_10,1,12,gpu_merged_req,24,1,0.068064
spark,150_10,1,12,gpu_merged_req,25,1,0.213952
spark,150_10,1,12,gpu_merged_req,26,1,0.121984
spark,150_10,1,12,gpu_merged_req,27,1,0.171424
spark,150_10,1,12,gpu_merged_req,28,1,0.165792
spark,150_10,1,12,gpu_merged_req,29,1,0.221856
spark,150_10,1,12,gpu_merged_req,30,1,0.034656
spark,150_10,1,12,gpu_merged_req,31,1,0.046496
spark,150_10,1,12,gpu_merged_req,32,1,0.210176
spark,150_10,1,12,gpu_merged_req,33,1,0.094912
spark,150_10,1,12,gpu_merged_req,34,1,0.21216
spark,150_10,1,12,gpu_merged_req,35,1,0.133952
spark,150_10,1,12,gpu_merged_req,36,1,0.109888
spark,150_10,1,12,gpu_merged_req,37,1,0.048992
spark,150_10,1,12,gpu_merged_req,38,1,0.136128
spark,150_10,1,12,gpu_merged_req,39,1,0.184576
spark,150_10,1,12,gpu_merged_req,40,1,0.15136
spark,150_10,1,12,gpu_merged_req,41,1,0.212064
spark,150_10,1,12,gpu_merged_req,42,1,0.082304
spark,150_10,1,12,gpu_merged_req,43,1,0.05024
spark,150_10,1,12,gpu_merged_req,44,1,0.051712
spark,150_10,1,12,gpu_merged_req,45,1,0.219552
spark,150_10,1,12,gpu_merged_req,46,1,0.153408
spark,150_10,1,12,gpu_merged_req,47,1,0.186752
spark,150_10,1,12,gpu_merged_req,48,1,0.17136
spark,150_10,1,12,gpu_merged_req,49,1,0.112512
spark,150_10,1,12,gpu_merged_req,50,1,0.058208
spark,150_10,1,12,gpu_merged_req,51,1,0.196192
spark,150_10,1,12,gpu_merged_req,52,1,0.128704
spark,150_10,1,12,gpu_merged_req,53,1,0.193696
spark,150_10,1,12,gpu_merged_req,54,1,0.147008
spark,150_10,1,12,gpu_merged_req,55,1,0.136736
spark,150_10,1,12,gpu_merged_req,56,1,0.19808
spark,150_10,1,12,gpu_merged_req,57,2,0.22624
spark,150_10,1,12,gpu_merged_req,58,1,0.046496
spark,150_10,1,12,gpu_merged_req,59,1,0.199232
spark,150_10,1,12,gpu_merged_req,60,1,0.19712
spark,150_10,1,12,gpu_merged_req,61,1,0.206496
spark,150_10,1,12,gpu_merged_req,62,1,0.207424
spark,150_10,1,12,gpu_merged_req,63,1,0.115936
spark,150_10,1,12,gpu_merged_req,64,1,0.116032
spark,150_10,1,12,gpu_merged_req,65,1,0.133504
spark,150_10,1,12,gpu_merged_req,66,1,0.081056
spark,150_10,1,12,gpu_merged_req,67,1,0.144128
spark,150_10,1,12,gpu_merged_req,68,1,0.203264
spark,150_10,1,12,gpu_merged_req,69,1,0.186272
spark,150_10,1,12,gpu_merged_req,70,2,0.21168
spark,150_10,1,12,gpu_merged_req,71,1,0.130944
spark,150_10,1,12,gpu_merged_req,72,1,0.04944
spark,150_10,1,12,gpu_merged_req,73,1,0.200352
spark,150_10,1,12,gpu_merged_req,74,1,0.081504
spark,150_10,1,12,gpu_merged_req,75,1,0.019552
spark,150_10,1,12,gpu_merged_req,76,1,0.165696
spark,150_10,1,12,gpu_merged_req,77,1,0.178944
spark,150_10,1,12,gpu_merged_req,78,1,0.154272
spark,150_10,1,12,gpu_merged_req,79,1,0.20688
spark,150_10,1,12,gpu_merged_req,80,1,0.10608
spark,150_10,1,12,gpu_merged_req,81,1,0.139776
spark,150_10,1,12,gpu_merged_req,82,1,0.036448
spark,150_10,1,12,gpu_merged_req,83,1,0.229696
spark,150_10,1,12,gpu_merged_req,84,1,0.016736
spark,150_10,1,12,gpu_merged_req,85,1,0.20528
spark,150_10,1,12,gpu_merged_req,86,1,0.161696
spark,150_10,1,12,gpu_merged_req,87,1,0.17104
spark,150_10,1,12,gpu_merged_req,88,1,0.150624
spark,150_10,1,12,gpu_merged_req,89,1,0.230816
spark,150_10,1,12,gpu_merged_req,90,1,0.162496
spark,150_10,1,12,gpu_merged_req,91,1,0.036032
spark,150_10,1,12,gpu_merged_req,92,1,0.050592
spark,150_10,1,12,gpu_merged_req,93,1,0.13872
spark,150_10,1,12,gpu_merged_req,94,1,0.221504
spark,150_10,1,12,gpu_merged_req,95,1,0.076864
spark,150_10,1,12,gpu_merged_req,96,1,0.16192
spark,150_10,1,12,gpu_merged_req,97,1,0.137408
spark,150_10,1,12,gpu_merged_req,98,1,0.21648
spark,150_10,1,12,gpu_merged_req,99,1,0.171808
spark,150_10,1,12,gpu_merged_req,100,1,0.204192
spark,150_10,1,12,gpu_merged_req,101,1,0.20336
spark,150_10,1,12,gpu_merged_req,102,1,0.193344
spark,150_10,1,12,gpu_merged_req,103,1,0.07152
spark,150_10,1,12,gpu_merged_req,104,1,0.164224
spark,150_10,1,12,gpu_merged_req,105,1,0.018656
spark,150_10,1,12,gpu_merged_req,106,1,0.153408
spark,150_10,1,12,gpu_merged_req,107,1,0.2152
spark,150_10,1,12,gpu_merged_req,108,1,0.148032
spark,150_10,1,12,gpu_merged_req,109,1,0.128256
spark,150_10,1,12,gpu_merged_req,110,1,0.163808
spark,150_10,1,12,gpu_merged_req,111,1,0.097824
spark,150_10,1,12,gpu_merged_req,112,1,0.165824
spark,150_10,1,12,gpu_merged_req,113,1,0.077824
spark,150_10,1,12,gpu_merged_req,114,1,0.21616
spark,150_10,1,12,gpu_merged_req,115,1,0.199168
spark,150_10,1,12,gpu_merged_req,116,1,0.048064
spark,150_10,1,12,gpu_merged_req,117,1,0.186496
spark,150_10,1,12,gpu_merged_req,118,1,0.118624
spark,150_10,1,12,gpu_merged_req,119,1,0.064672
spark,150_10,1,12,gpu_merged_req,120,1,0.219968
spark,150_10,1,12,gpu_merged_req,121,1,0.079616
spark,150_10,1,12,gpu_merged_req,122,1,0.045664
spark,150_10,1,12,gpu_merged_req,123,1,0.211424
spark,150_10,1,12,gpu_merged_req,124,1,0.099296
spark,150_10,1,12,gpu_merged_req,125,1,0.197184
spark,150_10,1,12,gpu_merged_req,126,1,0.140768
spark,150_10,1,12,gpu_merged_req,127,1,0.048864
spark,150_10,1,12,gpu_merged_req,128,1,0.15136
spark,150_10,1,12,gpu_merged_req,129,1,0.16976
spark,150_10,1,12,gpu_merged_req,130,1,0.221536
spark,150_10,1,12,gpu_merged_req,131,1,0.208608
spark,150_10,1,12,gpu_merged_req,132,1,0.221344
spark,150_10,1,12,gpu_merged_req,133,1,0.12496
spark,150_10,1,12,gpu_merged_req,134,1,0.144096
spark,150_10,1,12,gpu_merged_req,135,1,0.209408
spark,150_10,1,12,gpu_merged_req,136,1,0.175296
spark,150_10,1,12,gpu_merged_req,137,1,0.151648
spark,150_10,1,12,gpu_merged_req,138,1,0.217216
spark,150_10,1,12,gpu_merged_req,139,1,0.228864
spark,150_10,1,12,gpu_merged_req,140,1,0.116864
spark,150_10,1,12,gpu_merged_req,141,1,0.212512
spark,150_10,1,12,gpu_merged_req,142,1,0.07616
spark,150_10,1,12,gpu_merged_req,143,1,0.1216
spark,150_10,1,12,gpu_merged_req,144,1,0.208864
spark,150_10,1,12,gpu_merged_req,145,1,0.206592
spark,150_10,1,12,gpu_merged_req,146,1,0.035328
spark,150_10,1,12,gpu_merged_req,147,1,0.144384
spark,150_10,1,12,gpu_merged_req,148,1,0.182336
spark,150_10,1,12,gpu_merged_req,149,1,0.063008
spark,150_10,1,12,gpu_merged_req,150,1,0.18816
spark,150_10,1,12,gpu_merged_req,151,1,0.210784
spark,150_10,1,12,gpu_merged_req,152,1,0.099168
spark,150_10,1,12,gpu_merged_req,153,1,0.065344
spark,150_10,1,12,gpu_merged_req,154,1,0.193632
spark,150_10,1,12,gpu_merged_req,155,1,0.202112
spark,150_10,1,12,gpu_merged_req,156,1,0.088256
spark,150_10,1,12,gpu_merged_req,157,1,0.233952
spark,150_10,1,12,gpu_merged_req,158,1,0.07648
spark,150_10,1,12,gpu_merged_req,159,1,0.150176
spark,150_10,1,12,gpu_merged_req,160,1,0.210816
spark,150_10,1,12,gpu_merged_req,161,2,0.228832
spark,150_10,1,12,gpu_merged_req,162,2,0.21152
spark,150_10,1,12,gpu_merged_req,163,1,0.157088
spark,150_10,1,12,gpu_merged_req,164,1,0.203552
spark,150_10,1,12,gpu_merged_req,165,1,0.1376
spark,150_10,1,12,gpu_merged_req,166,1,0.053952
spark,150_10,1,12,gpu_merged_req,167,1,0.162464
spark,150_10,1,12,gpu_merged_req,168,1,0.176512
spark,150_10,1,12,gpu_merged_req,169,1,0.229472
spark,150_10,1,12,gpu_merged_req,170,1,0.225792
spark,150_10,1,12,gpu_merged_req,171,1,0.228224
spark,150_10,1,12,gpu_merged_req,172,1,0.21344
spark,150_10,1,12,gpu_merged_req,173,1,0.222048
spark,150_10,1,12,gpu_merged_req,174,1,0.208768
spark,150_10,1,12,gpu_merged_req,175,1,0.113344
spark,150_10,1,12,gpu_merged_req,176,1,0.031328
spark,150_10,1,12,gpu_merged_req,177,1,0.208448
spark,150_10,1,12,gpu_merged_req,178,1,0.175776
spark,150_10,1,12,gpu_merged_req,179,1,0.20432
spark,150_10,1,12,gpu_merged_req,180,1,0.1968
spark,150_10,1,12,gpu_merged_req,181,1,0.205856
spark,150_10,1,12,gpu_merged_req,182,1,0.147392
spark,150_10,1,12,gpu_merged_req,183,1,0.23024
spark,150_10,1,12,gpu_merged_req,184,1,0.120864
spark,150_10,1,12,gpu_merged_req,185,1,0.153504
spark,150_10,1,12,gpu_merged_req,186,1,0.204896
spark,150_10,1,12,gpu_merged_req,187,1,0.06272
spark,150_10,1,12,gpu_merged_req,188,1,0.188864
spark,150_10,1,12,gpu_merged_req,189,1,0.187488
spark,150_10,1,12,gpu_merged_req,190,1,0.087904
spark,150_10,1,12,gpu_merged_req,191,1,0.05264
spark,150_10,1,12,gpu_merged_req,192,1,0.174592
spark,150_10,1,12,gpu_merged_req,193,1,0.125472
spark,150_10,1,12,gpu_merged_req,194,1,0.133728
spark,150_10,1,12,gpu_merged_req,195,1,0.03296
spark,150_10,1,12,gpu_merged_req,196,1,0.212384
spark,150_10,1,12,gpu_merged_req,197,1,0.232832
spark,150_10,1,12,gpu_merged_req,198,1,0.124576
spark,150_10,1,12,gpu_merged_req,199,1,0.201088
spark,150_10,1,12,gpu_merged_req,200,1,0.150016
spark,150_10,1,12,gpu_merged_req,201,1,0.224032
spark,150_10,1,12,gpu_merged_req,202,1,0.170784
spark,150_10,1,12,gpu_merged_req,203,1,0.133792
spark,150_10,1,12,gpu_merged_req,204,1,0.125216
spark,150_10,1,12,gpu_merged_req,205,1,0.233856
spark,150_10,1,12,gpu_merged_req,206,1,0.20512
spark,150_10,1,12,gpu_merged_req,207,1,0.047104
spark,150_10,1,12,gpu_merged_req,208,1,0.154816
spark,150_10,1,12,gpu_merged_req,209,1,0.212832
spark,150_10,1,12,gpu_merged_req,210,1,0.197888
spark,150_10,1,12,gpu_merged_req,211,1,0.157504
spark,150_10,1,12,gpu_merged_req,212,1,0.230528
spark,150_10,1,12,gpu_merged_req,213,1,0.196992
spark,150_10,1,12,gpu_merged_req,214,1,0.184224
spark,150_10,1,12,gpu_merged_req,215,1,0.048416
spark,150_10,1,12,gpu_merged_req,216,1,0.181632
spark,150_10,1,12,gpu_merged_req,217,1,0.116832
spark,150_10,1,12,gpu_merged_req,218,1,0.118048
spark,150_10,1,12,gpu_merged_req,219,1,0.095328
spark,150_10,1,12,gpu_merged_req,220,1,0.115872
spark,150_10,1,12,gpu_merged_req,221,1,0.171264
spark,150_10,1,12,gpu_merged_req,222,1,0.226464
spark,150_10,1,12,gpu_merged_req,223,1,0.08448
spark,150_10,1,12,gpu_merged_req,224,1,0.019392
spark,150_10,1,12,gpu_merged_req,225,1,0.107232
spark,150_10,1,12,gpu_merged_req,226,1,0.06736
spark,150_10,1,12,gpu_merged_req,227,1,0.017696
spark,150_10,1,12,gpu_merged_req,228,1,0.140384
spark,150_10,1,12,gpu_merged_req,229,1,0.021024
spark,150_10,1,12,gpu_merged_req,230,1,0.096992
spark,150_10,1,12,gpu_merged_req,231,1,0.145056
spark,150_10,1,12,gpu_merged_req,232,1,0.145952
spark,150_10,1,12,gpu_merged_req,233,1,0.037536
spark,150_10,1,12,gpu_merged_req,234,1,0.178752
spark,150_10,1,12,gpu_merged_req,235,1,0.174272
spark,150_10,1,12,gpu_merged_req,236,2,0.167648
spark,150_10,1,12,gpu_merged_req,237,1,0.109472
spark,150_10,1,12,gpu_merged_req,238,1,0.221632
spark,150_10,1,12,gpu_merged_req,239,1,0.225472
spark,150_10,1,12,gpu_merged_req,240,1,0.064512
spark,150_10,1,12,gpu_merged_req,241,1,0.067968
spark,150_10,1,12,gpu_merged_req,242,1,0.152512
spark,150_10,1,12,gpu_merged_req,243,1,0.103904
spark,150_10,1,12,gpu_merged_req,244,1,0.204736
spark,150_10,1,12,gpu_merged_req,245,1,0.140704
spark,150_10,1,12,gpu_merged_req,246,1,0.225376
spark,150_10,1,12,gpu_merged_req,247,1,0.223296
spark,150_10,1,12,gpu_merged_req,248,1,0.171136
spark,150_10,1,12,gpu_merged_req,249,1,0.210592
spark,150_10,1,12,gpu_merged_req,250,1,0.226528
spark,150_10,1,12,gpu_merged_req,251,1,0.195872
spark,150_10,1,12,gpu_merged_req,252,1,0.161888
spark,150_10,1,12,gpu_merged_req,253,1,0.100608
spark,150_10,1,12,gpu_merged_req,254,1,0.218272
spark,150_10,1,12,gpu_merged_req,255,1,0.177728
spark,150_10,1,12,gpu_merged_req,256,1,0.152352
spark,150_10,1,12,gpu_merged_req,257,1,0.220928
spark,150_10,1,12,gpu_merged_req,258,1,0.175232
spark,150_10,1,12,gpu_merged_req,259,1,0.17744
spark,150_10,1,12,gpu_merged_req,260,1,0.18288
spark,150_10,1,12,gpu_merged_req,261,1,0.139008
spark,150_10,1,12,gpu_merged_req,262,1,0.219936
spark,150_10,1,12,gpu_merged_req,263,1,0.162336
spark,150_10,1,12,gpu_merged_req,264,1,0.035744
spark,150_10,1,12,gpu_merged_req,265,1,0.179776
spark,150_10,1,12,gpu_merged_req,266,1,0.226752
spark,150_10,1,12,gpu_merged_req,267,1,0.101376
spark,150_10,1,12,gpu_merged_req,268,1,0.172672
spark,150_10,1,12,gpu_merged_req,269,1,0.140672
spark,150_10,1,12,gpu_merged_req,270,1,0.16384
spark,150_10,1,12,gpu_merged_req,271,1,0.126752
spark,150_10,1,12,gpu_merged_req,272,1,0.22096
spark,150_10,1,12,gpu_merged_req,273,1,0.105888
spark,150_10,1,12,gpu_merged_req,274,1,0.128544
spark,150_10,1,12,gpu_merged_req,275,1,0.144896
spark,150_10,1,12,gpu_merged_req,276,1,0.161216
spark,150_10,1,12,gpu_merged_req,277,1,0.180768
spark,150_10,1,12,gpu_merged_req,278,1,0.168256
spark,150_10,1,12,gpu_merged_req,279,1,0.230944
spark,150_10,1,12,gpu_merged_req,280,1,0.215808
spark,150_10,1,12,gpu_merged_req,281,1,0.078976
spark,150_10,1,12,gpu_merged_req,282,1,0.090208
spark,150_10,1,12,gpu_merged_req,283,1,0.20208
spark,150_10,1,12,gpu_merged_req,284,1,0.051168
spark,150_10,1,12,gpu_merged_req,285,1,0.021728
spark,150_10,1,12,gpu_merged_req,286,1,0.06224
spark,150_10,1,12,gpu_merged_req,287,1,0.22912
spark,150_10,1,12,gpu_merged_req,288,1,0.078208
spark,150_10,1,12,gpu_merged_req,289,1,0.155744
spark,150_10,1,12,gpu_merged_req,290,1,0.128704
spark,150_10,1,12,gpu_merged_req,291,1,0.127616
spark,150_10,1,12,gpu_merged_req,292,1,0.076768
spark,150_10,1,12,gpu_merged_req,293,1,0.194784
spark,150_10,1,12,gpu_merged_req,294,1,0.124352
spark,150_10,1,12,gpu_merged_req,295,1,0.139008
spark,150_10,1,12,gpu_merged_req,296,1,0.19792
spark,150_10,1,12,gpu_merged_req,297,1,0.095904
spark,150_10,1,12,gpu_merged_req,298,1,0.051008
spark,150_10,1,12,gpu_merged_req,299,1,0.139104
spark,150_10,1,12,gpu_merged_req,300,1,0.198944
spark,150_10,1,12,gpu_merged_req,301,1,0.089344
spark,150_10,1,12,gpu_merged_req,302,1,0.068768
spark,150_10,1,12,gpu_merged_req,303,1,0.198912
spark,150_10,1,12,gpu_merged_req,304,1,0.15552
spark,150_10,1,12,gpu_merged_req,305,1,0.126464
spark,150_10,1,12,gpu_merged_req,306,1,0.068
spark,150_10,1,12,gpu_merged_req,307,1,0.063456
spark,150_10,1,12,gpu_merged_req,308,1,0.225568
spark,150_10,1,12,gpu_merged_req,309,1,0.193664
spark,150_10,1,12,gpu_merged_req,310,1,0.048608
spark,150_10,1,12,gpu_merged_req,311,1,0.18496
spark,150_10,1,12,gpu_merged_req,312,1,0.018816
spark,150_10,1,12,gpu_merged_req,313,1,0.085344
spark,150_10,1,12,gpu_merged_req,314,1,0.0896
spark,150_10,1,12,gpu_merged_req,315,1,0.163488
spark,150_10,1,12,gpu_merged_req,316,1,0.024032
spark,150_10,1,12,gpu_merged_req,317,1,0.130144
spark,150_10,1,12,gpu_merged_req,318,1,0.124672
spark,150_10,1,12,gpu_merged_req,319,1,0.200192
spark,150_10,1,12,gpu_merged_req,320,1,0.134688
spark,150_10,1,12,gpu_merged_req,321,1,0.036416
spark,150_10,1,12,gpu_merged_req,322,1,0.119232
spark,150_10,1,12,gpu_merged_req,323,1,0.174432
spark,150_10,1,12,gpu_merged_req,324,1,0.08896
spark,150_10,1,12,gpu_merged_req,325,1,0.178272
spark,150_10,1,12,gpu_merged_req,326,1,0.03776
spark,150_10,1,12,gpu_merged_req,327,1,0.21104
spark,150_10,1,12,gpu_merged_req,328,1,0.142272
spark,150_10,1,12,gpu_merged_req,329,1,0.212352
spark,150_10,1,12,gpu_merged_req,330,1,0.088704
spark,150_10,1,12,gpu_merged_req,331,1,0.193056
spark,150_10,1,12,gpu_merged_req,332,1,0.061664
spark,150_10,1,12,gpu_merged_req,333,1,0.020544
spark,150_10,1,12,gpu_merged_req,334,1,0.047232
spark,150_10,1,12,gpu_merged_req,335,1,0.104704
spark,150_10,1,12,gpu_merged_req,336,1,0.106912
spark,150_10,1,12,gpu_merged_req,337,1,0.118752
spark,150_10,1,12,gpu_merged_req,338,1,0.180256
spark,150_10,1,12,gpu_merged_req,339,1,0.175776
spark,150_10,1,12,gpu_merged_req,340,1,0.124832
spark,150_10,1,12,gpu_merged_req,341,1,0.11808
spark,150_10,1,12,gpu_merged_req,342,1,0.061792
spark,150_10,1,12,gpu_merged_req,343,1,0.13376
spark,150_10,1,12,gpu_merged_req,344,1,0.226656
spark,150_10,1,12,gpu_merged_req,345,1,0.153216
spark,150_10,1,12,gpu_merged_req,346,1,0.180576
spark,150_10,1,12,gpu_merged_req,347,1,0.13824
spark,150_10,1,12,gpu_merged_req,348,1,0.104864
spark,150_10,1,12,gpu_merged_req,349,1,0.219232
spark,150_10,1,12,gpu_merged_req,350,1,0.14352
spark,150_10,1,12,gpu_merged_req,351,1,0.139328
spark,150_10,1,12,gpu_merged_req,352,1,0.202048
spark,150_10,1,12,gpu_merged_req,353,1,0.198272
spark,150_10,1,12,gpu_merged_req,354,1,0.112992
spark,150_10,1,12,gpu_merged_req,355,1,0.047392
spark,150_10,1,12,gpu_merged_req,356,1,0.159296
spark,150_10,1,12,gpu_merged_req,357,1,0.095936
spark,150_10,1,12,gpu_merged_req,358,1,0.219456
spark,150_10,1,12,gpu_merged_req,359,1,0.142528
spark,150_10,1,12,gpu_merged_req,360,1,0.202656
spark,150_10,1,12,gpu_merged_req,361,1,0.228384
spark,150_10,1,12,gpu_merged_req,362,1,0.194208
spark,150_10,1,12,gpu_merged_req,363,1,0.21232
spark,150_10,1,12,gpu_merged_req,364,1,0.205888
spark,150_10,1,12,gpu_merged_req,365,1,0.129056
spark,150_10,1,12,gpu_merged_req,366,1,0.067168
spark,150_10,1,12,gpu_merged_req,367,1,0.091872
spark,150_10,1,12,gpu_merged_req,368,1,0.13488
spark,150_10,1,12,gpu_merged_req,369,1,0.14896
spark,150_10,1,12,gpu_merged_req,370,1,0.147104
spark,150_10,1,12,gpu_merged_req,371,1,0.221952
spark,150_10,1,12,gpu_merged_req,372,1,0.160128
spark,150_10,1,12,gpu_merged_req,373,1,0.179776
spark,150_10,1,12,gpu_merged_req,374,1,0.178944
spark,150_10,1,12,gpu_merged_req,375,1,0.2056
spark,150_10,1,12,gpu_merged_req,376,1,0.12864
spark,150_10,1,12,gpu_merged_req,377,1,0.065856
spark,150_10,1,12,gpu_merged_req,378,1,0.136384
spark,150_10,1,12,gpu_merged_req,379,1,0.01792
spark,150_10,1,12,gpu_merged_req,380,1,0.154688
spark,150_10,1,12,gpu_merged_req,381,1,0.078432
spark,150_10,1,12,gpu_merged_req,382,1,0.144544
spark,150_10,1,12,gpu_merged_req,383,1,0.178368
spark,150_10,1,12,gpu_merged_req,384,1,0.206208
spark,150_10,1,12,gpu_merged_req,385,1,0.134368
spark,150_10,1,12,gpu_merged_req,386,1,0.143104
spark,150_10,1,12,gpu_merged_req,387,1,0.15552
spark,150_10,1,12,gpu_merged_req,388,1,0.206144
spark,150_10,1,12,gpu_merged_req,389,1,0.213792
spark,150_10,1,12,gpu_merged_req,390,1,0.123232
spark,150_10,1,12,gpu_merged_req,391,1,0.175168
spark,150_10,1,12,gpu_merged_req,392,1,0.20928
spark,150_10,1,12,gpu_merged_req,393,1,0.150016
spark,150_10,1,12,gpu_merged_req,394,1,0.017824
spark,150_10,1,12,gpu_merged_req,395,1,0.129248
spark,150_10,1,12,gpu_merged_req,396,1,0.229344
spark,150_10,1,12,gpu_merged_req,397,1,0.190656
spark,150_10,1,12,gpu_merged_req,398,1,0.105888
spark,150_10,1,12,gpu_merged_req,399,1,0.064064
spark,150_10,1,12,gpu_merged_req,400,1,0.191616
spark,150_10,1,12,gpu_merged_req,401,1,0.21264
spark,150_10,1,12,gpu_merged_req,402,1,0.13344
spark,150_10,1,12,gpu_merged_req,403,1,0.062752
spark,150_10,1,12,gpu_merged_req,404,1,0.168256
spark,150_10,1,12,gpu_merged_req,405,1,0.197152
spark,150_10,1,12,gpu_merged_req,406,1,0.220128
spark,150_10,1,12,gpu_merged_req,407,1,0.137952
spark,150_10,1,12,gpu_merged_req,408,1,0.01616
spark,150_10,1,12,gpu_merged_req,409,1,0.098912
spark,150_10,1,12,gpu_merged_req,410,1,0.07792
spark,150_10,1,12,gpu_merged_req,411,1,0.162176
spark,150_10,1,12,gpu_merged_req,412,1,0.082976
spark,150_10,1,12,gpu_merged_req,413,1,0.198464
spark,150_10,1,12,gpu_merged_req,414,1,0.066208
spark,150_10,1,12,gpu_merged_req,415,1,0.22272
spark,150_10,1,12,gpu_merged_req,416,1,0.077632
spark,150_10,1,12,gpu_merged_req,417,1,0.213216
spark,150_10,1,12,gpu_merged_req,418,1,0.19632
spark,150_10,1,12,gpu_merged_req,419,1,0.2112
spark,150_10,1,12,gpu_merged_req,420,1,0.196384
spark,150_10,1,12,gpu_merged_req,421,2,0.183104
spark,150_10,1,12,gpu_merged_req,422,2,0.210816
spark,150_10,1,12,gpu_merged_req,423,1,0.165632
spark,150_10,1,12,gpu_merged_req,424,1,0.169728
spark,150_10,1,12,gpu_merged_req,425,1,0.227328
spark,150_10,1,12,gpu_merged_req,426,1,0.095904
spark,150_10,1,12,gpu_merged_req,427,1,0.229408
spark,150_10,1,12,gpu_merged_req,428,1,0.144064
spark,150_10,1,12,gpu_merged_req,429,1,0.168064
spark,150_10,1,12,gpu_merged_req,430,1,0.215552
spark,150_10,1,12,gpu_merged_req,431,1,0.226976
spark,150_10,1,12,gpu_merged_req,432,1,0.19232
spark,150_10,1,12,gpu_merged_req,433,1,0.2024
spark,150_10,1,12,gpu_merged_req,434,1,0.183456
spark,150_10,1,12,gpu_merged_req,435,1,0.215552
spark,150_10,1,12,gpu_merged_req,436,1,0.179488
spark,150_10,1,12,gpu_merged_req,437,1,0.215232
spark,150_10,1,12,gpu_merged_req,438,1,0.12368
spark,150_10,1,12,gpu_merged_req,439,1,0.168288
spark,150_10,1,12,gpu_merged_req,440,1,0.172576
spark,150_10,1,12,gpu_merged_req,441,1,0.061152
spark,150_10,1,12,gpu_merged_req,442,1,0.048832
spark,150_10,1,12,gpu_merged_req,443,1,0.055712
spark,150_10,1,12,gpu_merged_req,444,1,0.19056
spark,150_10,1,12,gpu_merged_req,445,1,0.156
spark,150_10,1,12,gpu_merged_req,446,1,0.121984
spark,150_10,1,12,gpu_merged_req,447,1,0.123168
spark,150_10,1,12,gpu_merged_req,448,1,0.113344
spark,150_10,1,12,gpu_merged_req,449,1,0.203136
spark,150_10,1,12,gpu_merged_req,450,1,0.22112
spark,150_10,1,12,gpu_merged_req,451,1,0.032192
spark,150_10,1,12,gpu_merged_req,452,1,0.087392
spark,150_10,1,12,gpu_merged_req,453,1,0.162016
spark,150_10,1,12,gpu_merged_req,454,1,0.033408
spark,150_10,1,12,gpu_merged_req,455,1,0.019968
spark,150_10,1,12,gpu_merged_req,456,1,0.2048
spark,150_10,1,12,gpu_merged_req,457,1,0.224096
spark,150_10,1,12,gpu_merged_req,458,1,0.228256
spark,150_10,1,12,gpu_merged_req,459,1,0.03248
spark,150_10,1,12,gpu_merged_req,460,1,0.19088
spark,150_10,1,12,gpu_merged_req,461,1,0.082656
spark,150_10,1,12,gpu_merged_req,462,1,0.173888
spark,150_10,1,12,gpu_merged_req,463,1,0.177472
spark,150_10,1,12,gpu_merged_req,464,1,0.209728
spark,150_10,1,12,gpu_merged_req,465,1,0.2048
spark,150_10,1,12,gpu_merged_req,466,1,0.04752
spark,150_10,1,12,gpu_merged_req,467,1,0.087616
spark,150_10,1,12,gpu_merged_req,468,1,0.152704
spark,150_10,1,12,gpu_merged_req,469,1,0.11968
spark,150_10,1,12,gpu_merged_req,470,1,0.193344
spark,150_10,1,12,gpu_merged_req,471,1,0.168032
spark,150_10,1,12,gpu_merged_req,472,1,0.200416
spark,150_10,1,12,gpu_merged_req,473,1,0.124896
spark,150_10,1,12,gpu_merged_req,474,1,0.063776
spark,150_10,1,12,gpu_merged_req,475,1,0.138336
spark,150_10,1,12,gpu_merged_req,476,1,0.116672
spark,150_10,1,12,gpu_merged_req,477,1,0.159488
spark,150_10,1,12,gpu_merged_req,478,1,0.107648
spark,150_10,1,12,gpu_merged_req,479,1,0.036032
spark,150_10,1,12,gpu_merged_req,480,1,0.085472
spark,150_10,1,12,gpu_merged_req,481,1,0.161088
spark,150_10,1,12,gpu_merged_req,482,1,0.211808
spark,150_10,1,12,gpu_merged_req,483,2,0.188096
spark,150_10,1,12,gpu_merged_req,484,1,0.208
spark,150_10,1,12,gpu_merged_req,485,1,0.08416
spark,150_10,1,12,gpu_merged_req,486,1,0.080736
spark,150_10,1,12,gpu_merged_req,487,1,0.213056
spark,150_10,1,12,gpu_merged_req,488,1,0.200224
spark,150_10,1,12,gpu_merged_req,489,1,0.171584
spark,150_10,1,12,gpu_merged_req,490,1,0.030816
spark,150_10,1,12,gpu_merged_req,491,1,0.075872
spark,150_10,1,12,gpu_merged_req,492,1,0.176096
spark,150_10,1,12,gpu_merged_req,493,1,0.188704
spark,150_10,1,12,gpu_merged_req,494,1,0.094688
spark,150_10,1,12,gpu_merged_req,495,1,0.018944
spark,150_10,1,12,gpu_merged_req,496,1,0.1296
spark,150_10,1,12,gpu_merged_req,497,1,0.129152
spark,150_10,1,12,gpu_merged_req,498,1,0.049728
spark,150_10,1,12,gpu_merged_req,499,1,0.11392
spark,150_10,1,12,gpu_merged_req,500,1,0.136896
spark,150_10,1,12,gpu_merged_req,501,1,0.22192
spark,150_10,1,12,gpu_merged_req,502,1,0.21824
spark,150_10,1,12,gpu_merged_req,503,2,0.219328
spark,150_10,1,12,gpu_merged_req,504,1,0.22032
spark,150_10,1,12,gpu_merged_req,505,1,0.22736
spark,150_10,1,12,gpu_merged_req,506,1,0.202208
spark,150_10,1,12,gpu_merged_req,507,1,0.133184
spark,150_10,1,12,gpu_merged_req,508,1,0.159168
spark,150_10,1,12,gpu_merged_req,509,1,0.158912
spark,150_10,1,12,gpu_merged_req,510,1,0.229344
spark,150_10,1,12,gpu_merged_req,511,1,0.130592
spark,150_10,1,12,gpu_merged_req,512,1,0.162016
spark,150_10,1,12,gpu_merged_req,513,1,0.097504
spark,150_10,1,12,gpu_merged_req,514,1,0.147072
spark,150_10,1,12,gpu_merged_req,515,1,0.124928
spark,150_10,1,12,gpu_merged_req,516,1,0.12256
spark,150_10,1,12,gpu_merged_req,517,1,0.161504
spark,150_10,1,12,gpu_merged_req,518,1,0.158112
spark,150_10,1,12,gpu_merged_req,519,1,0.204
spark,150_10,1,12,gpu_merged_req,520,1,0.205216
spark,150_10,1,12,gpu_merged_req,521,1,0.060928
spark,150_10,1,12,gpu_merged_req,522,1,0.229504
spark,150_10,1,12,gpu_merged_req,523,1,0.167264
spark,150_10,1,12,gpu_merged_req,524,1,0.192608
spark,150_10,1,12,gpu_merged_req,525,1,0.153632
spark,150_10,1,12,gpu_merged_req,526,1,0.19456
spark,150_10,1,12,gpu_merged_req,527,1,0.228128
spark,150_10,1,12,gpu_merged_req,528,1,0.11664
spark,150_10,1,12,gpu_merged_req,529,1,0.02
spark,150_10,1,12,gpu_merged_req,530,1,0.174688
spark,150_10,1,12,gpu_merged_req,531,1,0.15328
spark,150_10,1,12,gpu_merged_req,532,1,0.096928
spark,150_10,1,12,gpu_merged_req,533,1,0.032
spark,150_10,1,12,gpu_merged_req,534,1,0.04768
spark,150_10,1,12,gpu_merged_req,535,1,0.140672
spark,150_10,1,12,gpu_merged_req,536,1,0.126016
spark,150_10,1,12,gpu_merged_req,537,1,0.158208
spark,150_10,1,12,gpu_merged_req,538,1,0.219584
spark,150_10,1,12,gpu_merged_req,539,1,0.046496
spark,150_10,1,12,gpu_merged_req,540,1,0.135328
spark,150_10,1,12,gpu_merged_req,541,1,0.088256
spark,150_10,1,12,gpu_merged_req,542,1,0.123136
spark,150_10,1,12,gpu_merged_req,543,1,0.019936
spark,150_10,1,12,gpu_merged_req,544,1,0.18
spark,150_10,1,12,gpu_merged_req,545,1,0.08096
spark,150_10,1,12,gpu_merged_req,546,1,0.131168
spark,150_10,1,12,gpu_merged_req,547,1,0.206048
spark,150_10,1,12,gpu_merged_req,548,1,0.147552
spark,150_10,1,12,gpu_merged_req,549,1,0.230432
spark,150_10,1,12,gpu_merged_req,550,2,0.173248
spark,150_10,1,12,gpu_merged_req,551,2,0.22976
spark,150_10,1,12,gpu_merged_req,552,1,0.214016
spark,150_10,1,12,gpu_merged_req,553,1,0.121632
spark,150_10,1,12,gpu_merged_req,554,1,0.022624
spark,150_10,1,12,gpu_merged_req,555,1,0.210432
spark,150_10,1,12,gpu_merged_req,556,1,0.0208
spark,150_10,1,12,gpu_merged_req,557,1,0.081248
spark,150_10,1,12,gpu_merged_req,558,1,0.143264
spark,150_10,1,12,gpu_merged_req,559,1,0.203232
spark,150_10,1,12,gpu_merged_req,560,1,0.175904
spark,150_10,1,12,gpu_merged_req,561,2,0.182464
spark,150_10,1,12,gpu_merged_req,562,1,0.22976
spark,150_10,1,12,gpu_merged_req,563,1,0.151264
spark,150_10,1,12,gpu_merged_req,564,1,0.115392
spark,150_10,1,12,gpu_merged_req,565,1,0.218656
spark,150_10,1,12,gpu_merged_req,566,1,0.221664
spark,150_10,1,12,gpu_merged_req,567,1,0.196736
spark,150_10,1,12,gpu_merged_req,568,1,0.088448
spark,150_10,1,12,gpu_merged_req,569,1,0.187616
spark,150_10,1,12,gpu_merged_req,570,1,0.192288
spark,150_10,1,12,gpu_merged_req,571,1,0.224416
spark,150_10,1,12,gpu_merged_req,572,2,0.22208
spark,150_10,1,12,gpu_merged_req,573,1,0.221888
spark,150_10,1,12,gpu_merged_req,574,1,0.215136
spark,150_10,1,12,gpu_merged_req,575,1,0.123488
spark,150_10,1,12,gpu_merged_req,576,1,0.215072
spark,150_10,1,12,gpu_merged_req,577,1,0.217984
spark,150_10,1,12,gpu_merged_req,578,1,0.020608
spark,150_10,1,12,gpu_merged_req,579,1,0.13936
spark,150_10,1,12,gpu_merged_req,580,1,0.139392
spark,150_10,1,12,gpu_merged_req,581,1,0.152672
spark,150_10,1,12,gpu_merged_req,582,1,0.201952
spark,150_10,1,12,gpu_merged_req,583,1,0.112256
spark,150_10,1,12,gpu_merged_req,584,1,0.19296
spark,150_10,1,12,gpu_merged_req,585,1,0.164896
spark,150_10,1,12,gpu_merged_req,586,1,0.193664
spark,150_10,1,12,gpu_merged_req,587,1,0.216288
spark,150_10,1,12,gpu_merged_req,588,1,0.17552
spark,150_10,1,12,gpu_merged_req,589,1,0.052096
spark,150_10,1,12,gpu_merged_req,590,1,0.149792
spark,150_10,1,12,gpu_merged_req,591,1,0.2096
spark,150_10,1,12,gpu_merged_req,592,1,0.045376
spark,150_10,1,12,gpu_merged_req,593,1,0.108416
spark,150_10,1,12,gpu_merged_req,594,1,0.219392
spark,150_10,1,12,gpu_merged_req,595,1,0.109888
spark,150_10,1,12,gpu_merged_req,596,1,0.20896
spark,150_10,1,12,gpu_merged_req,597,1,0.208672
spark,150_10,1,12,gpu_merged_req,598,1,0.06336
spark,150_10,1,12,gpu_merged_req,599,1,0.117568
spark,150_10,1,12,gpu_merged_req,600,1,0.134368
spark,150_10,1,12,gpu_merged_req,601,1,0.223488
spark,150_10,1,12,gpu_merged_req,602,1,0.126688
spark,150_10,1,12,gpu_merged_req,603,1,0.200864
spark,150_10,1,12,gpu_merged_req,604,1,0.121216
spark,150_10,1,12,gpu_merged_req,605,1,0.086496
spark,150_10,1,12,gpu_merged_req,606,1,0.22048
spark,150_10,1,12,gpu_merged_req,607,1,0.2008
spark,150_10,1,12,gpu_merged_req,608,1,0.200384
spark,150_10,1,12,gpu_merged_req,609,1,0.113088
spark,150_10,1,12,gpu_merged_req,610,1,0.03232
spark,150_10,1,12,gpu_merged_req,611,1,0.151776
spark,150_10,1,12,gpu_merged_req,612,1,0.093984
spark,150_10,1,12,gpu_merged_req,613,1,0.118784
spark,150_10,1,12,gpu_merged_req,614,1,0.124064
spark,150_10,1,12,gpu_merged_req,615,1,0.14064
spark,150_10,1,12,gpu_merged_req,616,1,0.149632
spark,150_10,1,12,gpu_merged_req,617,1,0.219456
spark,150_10,1,12,gpu_merged_req,618,1,0.09216
spark,150_10,1,12,gpu_merged_req,619,1,0.032608
spark,150_10,1,12,gpu_merged_req,620,1,0.204256
spark,150_10,1,12,gpu_merged_req,621,1,0.12752
spark,150_10,1,12,gpu_merged_req,622,1,0.230368
spark,150_10,1,12,gpu_merged_req,623,1,0.088192
spark,150_10,1,12,gpu_merged_req,624,1,0.09536
spark,150_10,1,12,gpu_merged_req,625,1,0.119968
spark,150_10,1,12,gpu_merged_req,626,1,0.118048
spark,150_10,1,12,gpu_merged_req,627,1,0.221024
spark,150_10,1,12,gpu_merged_req,628,1,0.186688
spark,150_10,1,12,gpu_merged_req,629,1,0.169984
spark,150_10,1,12,gpu_merged_req,630,1,0.23056
spark,150_10,1,12,gpu_merged_req,631,1,0.077984
spark,150_10,1,12,gpu_merged_req,632,1,0.118112
spark,150_10,1,12,gpu_merged_req,633,1,0.156416
spark,150_10,1,12,gpu_merged_req,634,1,0.214144
spark,150_10,1,12,gpu_merged_req,635,1,0.113344
spark,150_10,1,12,gpu_merged_req,636,1,0.063488
spark,150_10,1,12,gpu_merged_req,637,1,0.108032
spark,150_10,1,12,gpu_merged_req,638,1,0.209568
spark,150_10,1,12,gpu_merged_req,639,1,0.19072
spark,150_10,1,12,gpu_merged_req,640,1,0.1816
spark,150_10,1,12,gpu_merged_req,641,1,0.226016
spark,150_10,1,12,gpu_merged_req,642,1,0.03168
spark,150_10,1,12,gpu_merged_req,643,1,0.049312
spark,150_10,1,12,gpu_merged_req,644,1,0.21824
spark,150_10,1,12,gpu_merged_req,645,1,0.03632
spark,150_10,1,12,gpu_merged_req,646,1,0.200096
spark,150_10,1,12,gpu_merged_req,647,1,0.18016
spark,150_10,1,12,gpu_merged_req,648,1,0.219008
spark,150_10,1,12,gpu_merged_req,649,1,0.172992
spark,150_10,1,12,gpu_merged_req,650,1,0.222848
spark,150_10,1,12,gpu_merged_req,651,1,0.197344
spark,150_10,1,12,gpu_merged_req,652,1,0.216064
spark,150_10,1,12,gpu_merged_req,653,1,0.067232
spark,150_10,1,12,gpu_merged_req,654,1,0.135104
spark,150_10,1,12,gpu_merged_req,655,1,0.179968
spark,150_10,1,12,gpu_merged_req,656,1,0.145984
spark,150_10,1,12,gpu_merged_req,657,1,0.092928
spark,150_10,1,12,gpu_merged_req,658,1,0.215168
spark,150_10,1,12,gpu_merged_req,659,1,0.227904
spark,150_10,1,12,gpu_merged_req,660,1,0.203328
spark,150_10,1,12,gpu_merged_req,661,1,0.178144
spark,150_10,1,12,gpu_merged_req,662,1,0.1368
spark,150_10,1,12,gpu_merged_req,663,1,0.181856
spark,150_10,1,12,gpu_merged_req,664,1,0.076192
spark,150_10,1,12,gpu_merged_req,665,1,0.201472
spark,150_10,1,12,gpu_merged_req,666,1,0.1784
spark,150_10,1,12,gpu_merged_req,667,1,0.19248
spark,150_10,1,12,gpu_merged_req,668,1,0.157696
spark,150_10,1,12,gpu_merged_req,669,1,0.11008
spark,150_10,1,12,gpu_merged_req,670,1,0.209504
spark,150_10,1,12,gpu_merged_req,671,1,0.219808
spark,150_10,1,12,gpu_merged_req,672,1,0.212544
spark,150_10,1,12,gpu_merged_req,673,2,0.224256
spark,150_10,1,12,gpu_merged_req,674,2,0.216352
spark,150_10,1,12,gpu_merged_req,675,1,0.230112
spark,150_10,1,12,gpu_merged_req,676,1,0.193024
spark,150_10,1,12,gpu_merged_req,677,1,0.112096
spark,150_10,1,12,gpu_merged_req,678,1,0.229984
spark,150_10,1,12,gpu_merged_req,679,1,0.22864
spark,150_10,1,12,gpu_merged_req,680,1,0.2248
spark,150_10,1,12,gpu_merged_req,681,1,0.208096
spark,150_10,1,12,gpu_merged_req,682,1,0.214528
spark,150_10,1,12,gpu_merged_req,683,1,0.197632
spark,150_10,1,12,gpu_merged_req,684,1,0.227776
spark,150_10,1,12,gpu_merged_req,685,1,0.224224
spark,150_10,1,12,gpu_merged_req,686,1,0.151552
spark,150_10,1,12,gpu_merged_req,687,1,0.168288
spark,150_10,1,12,gpu_merged_req,688,1,0.078208
spark,150_10,1,12,gpu_merged_req,689,1,0.127712
spark,150_10,1,12,gpu_merged_req,690,1,0.14896
spark,150_10,1,12,gpu_merged_req,691,1,0.15472
spark,150_10,1,12,gpu_merged_req,692,1,0.097632
spark,150_10,1,12,gpu_merged_req,693,1,0.06464
spark,150_10,1,12,gpu_merged_req,694,1,0.035488
spark,150_10,1,12,gpu_merged_req,695,1,0.14496
spark,150_10,1,12,gpu_merged_req,696,1,0.181536
spark,150_10,1,12,gpu_merged_req,697,1,0.154464
spark,150_10,1,12,gpu_merged_req,698,1,0.16912
spark,150_10,1,12,gpu_merged_req,699,1,0.212864
spark,150_10,1,12,gpu_merged_req,700,1,0.182656
spark,150_10,1,12,gpu_merged_req,701,1,0.1128
spark,150_10,1,12,gpu_merged_req,702,1,0.111104
spark,150_10,1,12,gpu_merged_req,703,1,0.20352
spark,150_10,1,12,gpu_merged_req,704,1,0.107616
spark,150_10,1,12,gpu_merged_req,705,1,0.200224
spark,150_10,1,12,gpu_merged_req,706,1,0.214848
spark,150_10,1,12,gpu_merged_req,707,1,0.134816
spark,150_10,1,12,gpu_merged_req,708,1,0.172704
spark,150_10,1,12,gpu_merged_req,709,1,0.210496
spark,150_10,1,12,gpu_merged_req,710,1,0.017184
spark,150_10,1,12,gpu_merged_req,711,1,0.051456
spark,150_10,1,12,gpu_merged_req,712,1,0.086048
spark,150_10,1,12,gpu_merged_req,713,1,0.14688
spark,150_10,1,12,gpu_merged_req,714,1,0.0656
spark,150_10,1,12,gpu_merged_req,715,1,0.153696
spark,150_10,1,12,gpu_merged_req,716,1,0.144736
spark,150_10,1,12,gpu_merged_req,717,1,0.08272
spark,150_10,1,12,gpu_merged_req,718,1,0.152992
spark,150_10,1,12,gpu_merged_req,719,1,0.160512
spark,150_10,1,12,gpu_merged_req,720,1,0.170464
spark,150_10,1,12,gpu_merged_req,721,1,0.090528
spark,150_10,1,12,gpu_merged_req,722,1,0.223808
spark,150_10,1,12,gpu_merged_req,723,1,0.142688
spark,150_10,1,12,gpu_merged_req,724,1,0.226272
spark,150_10,1,12,gpu_merged_req,725,1,0.048128
spark,150_10,1,12,gpu_merged_req,726,1,0.100384
spark,150_10,1,12,gpu_merged_req,727,1,0.186752
spark,150_10,1,12,gpu_merged_req,728,1,0.078976
spark,150_10,1,12,gpu_merged_req,729,1,0.188448
spark,150_10,1,12,gpu_merged_req,730,1,0.220832
spark,150_10,1,12,gpu_merged_req,731,1,0.153536
spark,150_10,1,12,gpu_merged_req,732,1,0.108096
spark,150_10,1,12,gpu_merged_req,733,1,0.154784
spark,150_10,1,12,gpu_merged_req,734,1,0.133984
spark,150_10,1,12,gpu_merged_req,735,1,0.163872
spark,150_10,1,12,gpu_merged_req,736,1,0.205984
spark,150_10,1,12,gpu_merged_req,737,1,0.139744
spark,150_10,1,12,gpu_merged_req,738,1,0.222368
spark,150_10,1,12,gpu_merged_req,739,1,0.22096
spark,150_10,1,12,gpu_merged_req,740,1,0.145248
spark,150_10,1,12,gpu_merged_req,741,1,0.195904
spark,150_10,1,12,gpu_merged_req,742,1,0.229824
spark,150_10,1,12,gpu_merged_req,743,1,0.186944
spark,150_10,1,12,gpu_merged_req,744,1,0.10224
spark,150_10,1,12,gpu_merged_req,745,1,0.093056
spark,150_10,1,12,gpu_merged_req,746,1,0.065952
spark,150_10,1,12,gpu_merged_req,747,1,0.05136
spark,150_10,1,12,gpu_merged_req,748,1,0.131936
spark,150_10,1,12,gpu_merged_req,749,1,0.061568
spark,150_10,1,12,gpu_merged_req,750,1,0.171744
spark,150_10,1,12,gpu_merged_req,751,1,0.090112
spark,150_10,1,12,gpu_merged_req,752,1,0.171968
spark,150_10,1,12,gpu_merged_req,753,1,0.224096
spark,150_10,1,12,gpu_merged_req,754,1,0.231488
spark,150_10,1,12,gpu_merged_req,755,1,0.216256
spark,150_10,1,12,gpu_merged_req,756,1,0.064928
spark,150_10,1,12,gpu_merged_req,757,1,0.079104
spark,150_10,1,12,gpu_merged_req,758,1,0.12672
spark,150_10,1,12,gpu_merged_req,759,1,0.197952
spark,150_10,1,12,gpu_merged_req,760,1,0.123744
spark,150_10,1,12,gpu_merged_req,761,1,0.09136
spark,150_10,1,12,gpu_merged_req,762,1,0.138496
spark,150_10,1,12,gpu_merged_req,763,1,0.1288
spark,150_10,1,12,gpu_merged_req,764,1,0.035968
spark,150_10,1,12,gpu_merged_req,765,1,0.201216
spark,150_10,1,12,gpu_merged_req,766,1,0.222464
spark,150_10,1,12,gpu_merged_req,767,1,0.219552
spark,150_10,1,12,gpu_merged_req,768,1,0.227008
spark,150_10,1,12,gpu_merged_req,769,2,0.201376
spark,150_10,1,12,gpu_merged_req,770,2,0.20832
spark,150_10,1,12,gpu_merged_req,771,1,0.20784
spark,150_10,1,12,gpu_merged_req,772,1,0.156192
spark,150_10,1,12,gpu_merged_req,773,1,0.186496
spark,150_10,1,12,gpu_merged_req,774,1,0.06416
spark,150_10,1,12,gpu_merged_req,775,1,0.07968
spark,150_10,1,12,gpu_merged_req,776,1,0.106368
spark,150_10,1,12,gpu_merged_req,777,1,0.175904
spark,150_10,1,12,gpu_merged_req,778,1,0.196672
spark,150_10,1,12,gpu_merged_req,779,1,0.18176
spark,150_10,1,12,gpu_merged_req,780,1,0.10464
spark,150_10,1,12,gpu_merged_req,781,1,0.146176
spark,150_10,1,12,gpu_merged_req,782,1,0.076224
spark,150_10,1,12,gpu_merged_req,783,1,0.205856
spark,150_10,1,12,gpu_merged_req,784,1,0.206656
spark,150_10,1,12,gpu_merged_req,785,1,0.111744
spark,150_10,1,12,gpu_merged_req,786,1,0.098144
spark,150_10,1,12,gpu_merged_req,787,1,0.168064
spark,150_10,1,12,gpu_merged_req,788,2,0.22576
spark,150_10,1,12,gpu_merged_req,789,1,0.185632
spark,150_10,1,12,gpu_merged_req,790,1,0.062848
spark,150_10,1,12,gpu_merged_req,791,1,0.197056
spark,150_10,1,12,gpu_merged_req,792,1,0.203392
spark,150_10,1,12,gpu_merged_req,793,1,0.216576
spark,150_10,1,12,gpu_merged_req,794,1,0.2152
spark,150_10,1,12,gpu_merged_req,795,1,0.17728
spark,150_10,1,12,gpu_merged_req,796,1,0.150176
spark,150_10,1,12,gpu_merged_req,797,1,0.200128
spark,150_10,1,12,gpu_merged_req,798,1,0.186816
spark,150_10,1,12,gpu_merged_req,799,1,0.204736
spark,150_10,1,12,gpu_merged_req,800,1,0.183424
spark,150_10,1,12,gpu_merged_req,801,1,0.182816
spark,150_10,1,12,gpu_merged_req,802,1,0.130208
spark,150_10,1,12,gpu_merged_req,803,1,0.223296
spark,150_10,1,12,gpu_merged_req,804,1,0.17168
spark,150_10,1,12,gpu_merged_req,805,1,0.22112
spark,150_10,1,12,gpu_merged_req,806,1,0.226656
spark,150_10,1,12,gpu_merged_req,807,1,0.150368
spark,150_10,1,12,gpu_merged_req,808,1,0.200032
spark,150_10,1,12,gpu_merged_req,809,1,0.2072
spark,150_10,1,12,gpu_merged_req,810,1,0.169312
spark,150_10,1,12,gpu_merged_req,811,1,0.11488
spark,150_10,1,12,gpu_merged_req,812,1,0.160512
spark,150_10,1,12,gpu_merged_req,813,1,0.06736
spark,150_10,1,12,gpu_merged_req,814,1,0.147328
spark,150_10,1,12,gpu_merged_req,815,1,0.222688
spark,150_10,1,12,gpu_merged_req,816,1,0.186208
spark,150_10,1,12,gpu_merged_req,817,1,0.158208
spark,150_10,1,12,gpu_merged_req,818,1,0.219328
spark,150_10,1,12,gpu_merged_req,819,1,0.050816
spark,150_10,1,12,gpu_merged_req,820,1,0.079072
spark,150_10,1,12,gpu_merged_req,821,1,0.195296
spark,150_10,1,12,gpu_merged_req,822,1,0.119968
spark,150_10,1,12,gpu_merged_req,823,1,0.192064
spark,150_10,1,12,gpu_merged_req,824,1,0.21344
spark,150_10,1,12,gpu_merged_req,825,1,0.22176
spark,150_10,1,12,gpu_merged_req,826,1,0.12496
spark,150_10,1,12,gpu_merged_req,827,1,0.22144
spark,150_10,1,12,gpu_merged_req,828,1,0.051072
spark,150_10,1,12,gpu_merged_req,829,1,0.078336
spark,150_10,1,12,gpu_merged_req,830,1,0.06704
spark,150_10,1,12,gpu_merged_req,831,1,0.10816
spark,150_10,1,12,gpu_merged_req,832,1,0.139872
spark,150_10,1,12,gpu_merged_req,833,1,0.21152
spark,150_10,1,12,gpu_merged_req,834,1,0.091328
spark,150_10,1,12,gpu_merged_req,835,1,0.1624
spark,150_10,1,12,gpu_merged_req,836,1,0.130752
spark,150_10,1,12,gpu_merged_req,837,1,0.20688
spark,150_10,1,12,gpu_merged_req,838,1,0.215328
spark,150_10,1,12,gpu_merged_req,839,1,0.22528
spark,150_10,1,12,gpu_merged_req,840,1,0.173472
spark,150_10,1,12,gpu_merged_req,841,1,0.064896
spark,150_10,1,12,gpu_merged_req,842,1,0.196896
spark,150_10,1,12,gpu_merged_req,843,1,0.196064
spark,150_10,1,12,gpu_merged_req,844,1,0.228896
spark,150_10,1,12,gpu_merged_req,845,1,0.230944
spark,150_10,1,12,gpu_merged_req,846,1,0.21184
spark,150_10,1,12,gpu_merged_req,847,1,0.221696
spark,150_10,1,12,gpu_merged_req,848,1,0.207296
spark,150_10,1,12,gpu_merged_req,849,1,0.099648
spark,150_10,1,12,gpu_merged_req,850,1,0.14256
spark,150_10,1,12,gpu_merged_req,851,1,0.14784
spark,150_10,1,12,gpu_merged_req,852,1,0.02
spark,150_10,1,12,gpu_merged_req,853,1,0.1288
spark,150_10,1,12,gpu_merged_req,854,1,0.030368
spark,150_10,1,12,gpu_merged_req,855,1,0.089984
spark,150_10,1,12,gpu_merged_req,856,1,0.206336
spark,150_10,1,12,gpu_merged_req,857,1,0.227424
spark,150_10,1,12,gpu_merged_req,858,1,0.182144
spark,150_10,1,12,gpu_merged_req,859,1,0.180448
spark,150_10,1,12,gpu_merged_req,860,1,0.146144
spark,150_10,1,12,gpu_merged_req,861,1,0.123776
spark,150_10,1,12,gpu_merged_req,862,1,0.109184
spark,150_10,1,12,gpu_merged_req,863,1,0.21392
spark,150_10,1,12,gpu_merged_req,864,1,0.090048
spark,150_10,1,12,gpu_merged_req,865,1,0.107776
spark,150_10,1,12,gpu_merged_req,866,1,0.176672
spark,150_10,1,12,gpu_merged_req,867,1,0.17776
spark,150_10,1,12,gpu_merged_req,868,1,0.138624
spark,150_10,1,12,gpu_merged_req,869,1,0.208288
spark,150_10,1,12,gpu_merged_req,870,1,0.224704
spark,150_10,1,12,gpu_merged_req,871,1,0.053664
spark,150_10,1,12,gpu_merged_req,872,1,0.103424
spark,150_10,1,12,gpu_merged_req,873,1,0.175584
spark,150_10,1,12,gpu_merged_req,874,1,0.193216
spark,150_10,1,12,gpu_merged_req,875,1,0.172608
spark,150_10,1,12,gpu_merged_req,876,1,0.22512
spark,150_10,1,12,gpu_merged_req,877,1,0.212448
spark,150_10,1,12,gpu_merged_req,878,1,0.182016
spark,150_10,1,12,gpu_merged_req,879,1,0.163776
spark,150_10,1,12,gpu_merged_req,880,1,0.118592
spark,150_10,1,12,gpu_merged_req,881,1,0.121632
spark,150_10,1,12,gpu_merged_req,882,1,0.14768
spark,150_10,1,12,gpu_merged_req,883,1,0.07648
spark,150_10,1,12,gpu_merged_req,884,1,0.218624
spark,150_10,1,12,gpu_merged_req,885,1,0.187648
spark,150_10,1,12,gpu_merged_req,886,1,0.154848
spark,150_10,1,12,gpu_merged_req,887,2,0.21152
spark,150_10,1,12,gpu_merged_req,888,2,0.160896
spark,150_10,1,12,gpu_merged_req,889,1,0.192928
spark,150_10,1,12,gpu_merged_req,890,1,0.050016
spark,150_10,1,12,gpu_merged_req,891,1,0.093952
spark,150_10,1,12,gpu_merged_req,892,1,0.17344
spark,150_10,1,12,gpu_merged_req,893,1,0.129568
spark,150_10,1,12,gpu_merged_req,894,1,0.117888
spark,150_10,1,12,gpu_merged_req,895,1,0.205728
spark,150_10,1,12,gpu_merged_req,896,1,0.046528
spark,150_10,1,12,gpu_merged_req,897,1,0.075936
spark,150_10,1,12,gpu_merged_req,898,1,0.158624
spark,150_10,1,12,gpu_merged_req,899,1,0.225216
spark,150_10,1,12,gpu_merged_req,900,2,0.184
spark,150_10,1,12,gpu_merged_req,901,2,0.184992
spark,150_10,1,12,gpu_merged_req,902,1,0.213216
spark,150_10,1,12,gpu_merged_req,903,1,0.219872
spark,150_10,1,12,gpu_merged_req,904,1,0.125024
spark,150_10,1,12,gpu_merged_req,905,1,0.195712
spark,150_10,1,12,gpu_merged_req,906,1,0.03424
spark,150_10,1,12,gpu_merged_req,907,1,0.127072
spark,150_10,1,12,gpu_merged_req,908,1,0.106304
spark,150_10,1,12,gpu_merged_req,909,1,0.05312
spark,150_10,1,12,gpu_merged_req,910,1,0.047136
spark,150_10,1,12,gpu_merged_req,911,1,0.142464
spark,150_10,1,12,gpu_merged_req,912,1,0.193632
spark,150_10,1,12,gpu_merged_req,913,1,0.211264
spark,150_10,1,12,gpu_merged_req,914,1,0.147136
spark,150_10,1,12,gpu_merged_req,915,1,0.198304
spark,150_10,1,12,gpu_merged_req,916,1,0.082816
spark,150_10,1,12,gpu_merged_req,917,1,0.03552
spark,150_10,1,12,gpu_merged_req,918,1,0.119744
spark,150_10,1,12,gpu_merged_req,919,1,0.180608
spark,150_10,1,12,gpu_merged_req,920,1,0.199936
spark,150_10,1,12,gpu_merged_req,921,1,0.21856
spark,150_10,1,12,gpu_merged_req,922,1,0.223584
spark,150_10,1,12,gpu_merged_req,923,1,0.082336
spark,150_10,1,12,gpu_merged_req,924,1,0.188128
spark,150_10,1,12,gpu_merged_req,925,1,0.200896
spark,150_10,1,12,gpu_merged_req,926,1,0.08
spark,150_10,1,12,gpu_merged_req,927,1,0.125408
spark,150_10,1,12,gpu_merged_req,928,1,0.066528
spark,150_10,1,12,gpu_merged_req,929,1,0.024992
spark,150_10,1,12,gpu_merged_req,930,1,0.203936
spark,150_10,1,12,gpu_merged_req,931,1,0.129888
spark,150_10,1,12,gpu_merged_req,932,1,0.190848
spark,150_10,1,12,gpu_merged_req,933,1,0.019264
spark,150_10,1,12,gpu_merged_req,934,1,0.1128
spark,150_10,1,12,gpu_merged_req,935,1,0.12848
spark,150_10,1,12,gpu_merged_req,936,1,0.077344
spark,150_10,1,12,gpu_merged_req,937,1,0.192064
spark,150_10,1,12,gpu_merged_req,938,1,0.128928
spark,150_10,1,12,gpu_merged_req,939,1,0.075648
spark,150_10,1,12,gpu_merged_req,940,1,0.15376
spark,150_10,1,12,gpu_merged_req,941,2,0.223424
spark,150_10,1,12,gpu_merged_req,942,2,0.21472
spark,150_10,1,12,gpu_merged_req,943,1,0.23104
spark,150_10,1,12,gpu_merged_req,944,1,0.166816
spark,150_10,1,12,gpu_merged_req,945,1,0.166752
spark,150_10,1,12,gpu_merged_req,946,1,0.082208
spark,150_10,1,12,gpu_merged_req,947,1,0.099456
spark,150_10,1,12,gpu_merged_req,948,1,0.118496
spark,150_10,1,12,gpu_merged_req,949,1,0.219744
spark,150_10,1,12,gpu_merged_req,950,1,0.156704
spark,150_10,1,12,gpu_merged_req,951,1,0.146816
spark,150_10,1,12,gpu_merged_req,952,1,0.165312
spark,150_10,1,12,gpu_merged_req,953,1,0.107872
spark,150_10,1,12,gpu_merged_req,954,1,0.034848
spark,150_10,1,12,gpu_merged_req,955,1,0.225312
spark,150_10,1,12,gpu_merged_req,956,1,0.14256
spark,150_10,1,12,gpu_merged_req,957,1,0.063968
spark,150_10,1,12,gpu_merged_req,958,1,0.205952
spark,150_10,1,12,gpu_merged_req,959,1,0.091552
spark,150_10,1,12,gpu_merged_req,960,1,0.20416
spark,150_10,1,12,gpu_merged_req,961,1,0.231296
spark,150_10,1,12,gpu_merged_req,962,1,0.168416
spark,150_10,1,12,gpu_merged_req,963,1,0.124864
spark,150_10,1,12,gpu_merged_req,964,1,0.111808
spark,150_10,1,12,gpu_merged_req,965,1,0.12256
spark,150_10,1,12,gpu_merged_req,966,1,0.224
spark,150_10,1,12,gpu_merged_req,967,1,0.018784
spark,150_10,1,12,gpu_merged_req,968,1,0.120128
spark,150_10,1,12,gpu_merged_req,969,1,0.120928
spark,150_10,1,12,gpu_merged_req,970,1,0.126656
spark,150_10,1,12,gpu_merged_req,971,1,0.076384
spark,150_10,1,12,gpu_merged_req,972,1,0.03472
spark,150_10,1,12,gpu_merged_req,973,1,0.148672
spark,150_10,1,12,gpu_merged_req,974,1,0.159232
spark,150_10,1,12,gpu_merged_req,975,2,0.168288
spark,150_10,1,12,gpu_merged_req,976,1,0.197056
spark,150_10,1,12,gpu_merged_req,977,1,0.10816
spark,150_10,1,12,gpu_merged_req,978,1,0.223968
spark,150_10,1,12,gpu_merged_req,979,1,0.208608
spark,150_10,1,12,gpu_merged_req,980,1,0.066432
spark,150_10,1,12,gpu_merged_req,981,1,0.076896
spark,150_10,1,12,gpu_merged_req,982,1,0.10352
spark,150_10,1,12,gpu_merged_req,983,1,0.222336
spark,150_10,1,12,gpu_merged_req,984,1,0.10496
spark,150_10,1,12,gpu_merged_req,985,1,0.14752
spark,150_10,1,12,gpu_merged_req,986,1,0.090688
spark,150_10,1,12,gpu_merged_req,987,1,0.063712
spark,150_10,1,12,gpu_merged_req,988,1,0.164992
spark,150_10,1,12,gpu_merged_req,989,1,0.103552
spark,150_10,1,12,gpu_merged_req,990,1,0.223136
spark,150_10,1,12,gpu_merged_req,991,1,0.217888
spark,150_10,1,12,gpu_merged_req,992,1,0.1304
spark,150_10,1,12,gpu_merged_req,993,1,0.08208
spark,150_10,1,12,gpu_merged_req,994,1,0.222432
spark,150_10,1,12,gpu_merged_req,995,1,0.125696
spark,150_10,1,12,gpu_merged_req,996,1,0.173472
spark,150_10,1,12,gpu_merged_req,997,1,0.15696
spark,150_10,1,12,gpu_merged_req,998,1,0.226432
spark,150_10,1,12,gpu_merged_req,999,1,0.021312
spark,150_10,1,12,gpu_merged_req,1000,1,0.194336
spark,150_10,1,12,gpu_merged_req,1001,1,0.04768
spark,150_10,1,12,gpu_merged_req,1002,1,0.208896
spark,150_10,1,12,gpu_merged_req,1003,1,0.111264
spark,150_10,1,12,gpu_merged_req,1004,1,0.047648
spark,150_10,1,12,gpu_merged_req,1005,1,0.03904
spark,150_10,1,12,gpu_merged_req,1006,1,0.093536
spark,150_10,1,12,gpu_merged_req,1007,1,0.083648
spark,150_10,1,12,gpu_merged_req,1008,1,0.168128
spark,150_10,1,12,gpu_merged_req,1009,1,0.126496
spark,150_10,1,12,gpu_merged_req,1010,1,0.221376
spark,150_10,1,12,gpu_merged_req,1011,1,0.18832
spark,150_10,1,12,gpu_merged_req,1012,1,0.15248
spark,150_10,1,12,gpu_merged_req,1013,1,0.111264
spark,150_10,1,12,gpu_merged_req,1014,1,0.065344
spark,150_10,1,12,gpu_merged_req,1015,1,0.06432
spark,150_10,1,12,gpu_merged_req,1016,1,0.07984
spark,150_10,1,12,gpu_merged_req,1017,1,0.134496
spark,150_10,1,12,gpu_merged_req,1018,1,0.017632
spark,150_10,1,12,gpu_merged_req,1019,1,0.164064
spark,150_10,1,12,gpu_merged_req,1020,1,0.223936
spark,150_10,1,12,gpu_merged_req,1021,1,0.109824
spark,150_10,1,12,gpu_merged_req,1022,1,0.15552
spark,150_10,1,12,gpu_merged_req,1023,1,0.095936
spark,150_10,1,12,gpu_merged_req,1024,1,0.15472
spark,150_10,1,12,gpu_merged_req,1025,1,0.167776
spark,150_10,1,12,gpu_merged_req,1026,1,0.021824
spark,150_10,1,12,gpu_merged_req,1027,1,0.062816
spark,150_10,1,12,gpu_merged_req,1028,1,0.182144
spark,150_10,1,12,gpu_merged_req,1029,1,0.034624
spark,150_10,1,12,gpu_merged_req,1030,1,0.09584
spark,150_10,1,12,gpu_merged_req,1031,1,0.203424
spark,150_10,1,12,gpu_merged_req,1032,1,0.182944
spark,150_10,1,12,gpu_merged_req,1033,1,0.188672
spark,150_10,1,12,gpu_merged_req,1034,1,0.142432
spark,150_10,1,12,gpu_merged_req,1035,1,0.01776
spark,150_10,1,12,gpu_merged_req,1036,1,0.18896
spark,150_10,1,12,gpu_merged_req,1037,1,0.04704
spark,150_10,1,12,gpu_merged_req,1038,1,0.110304
spark,150_10,1,12,gpu_merged_req,1039,1,0.18576
spark,150_10,1,12,gpu_merged_req,1040,1,0.163776
spark,150_10,1,12,gpu_merged_req,1041,1,0.135424
spark,150_10,1,12,gpu_merged_req,1042,1,0.048704
spark,150_10,1,12,gpu_merged_req,1043,1,0.130464
spark,150_10,1,12,gpu_merged_req,1044,1,0.11056
spark,150_10,1,12,gpu_merged_req,1045,1,0.153792
spark,150_10,1,12,gpu_merged_req,1046,1,0.102208
spark,150_10,1,12,gpu_merged_req,1047,1,0.219104
spark,150_10,1,12,gpu_merged_req,1048,1,0.210752
spark,150_10,1,12,gpu_merged_req,1049,1,0.218656
spark,150_10,1,12,gpu_merged_req,1050,1,0.019776
spark,150_10,1,12,gpu_merged_req,1051,1,0.15296
spark,150_10,1,12,gpu_merged_req,1052,1,0.225344
spark,150_10,1,12,gpu_merged_req,1053,1,0.118464
spark,150_10,1,12,gpu_merged_req,1054,1,0.163968
spark,150_10,1,12,gpu_merged_req,1055,1,0.1664
spark,150_10,1,12,gpu_merged_req,1056,1,0.07616
spark,150_10,1,12,gpu_merged_req,1057,1,0.185856
spark,150_10,1,12,gpu_merged_req,1058,1,0.065472
spark,150_10,1,12,gpu_merged_req,1059,1,0.06704
spark,150_10,1,12,gpu_merged_req,1060,1,0.06304
spark,150_10,1,12,gpu_merged_req,1061,1,0.135648
spark,150_10,1,12,gpu_merged_req,1062,1,0.173888
spark,150_10,1,12,gpu_merged_req,1063,1,0.076544
spark,150_10,1,12,gpu_merged_req,1064,1,0.114016
spark,150_10,1,12,gpu_merged_req,1065,1,0.180768
spark,150_10,1,12,gpu_merged_req,1066,1,0.049536
spark,150_10,1,12,gpu_merged_req,1067,1,0.18
spark,150_10,1,12,gpu_merged_req,1068,1,0.120832
spark,150_10,1,12,gpu_merged_req,1069,1,0.176256
spark,150_10,1,12,gpu_merged_req,1070,1,0.158752
spark,150_10,1,12,gpu_merged_req,1071,1,0.225472
spark,150_10,1,12,gpu_merged_req,1072,1,0.193952
spark,150_10,1,12,gpu_merged_req,1073,2,0.21216
spark,150_10,1,12,gpu_merged_req,1074,1,0.140064
spark,150_10,1,12,gpu_merged_req,1075,1,0.215232
spark,150_10,1,12,gpu_merged_req,1076,1,0.230656
spark,150_10,1,12,gpu_merged_req,1077,1,0.215808
spark,150_10,1,12,gpu_merged_req,1078,1,0.226976
spark,150_10,1,12,gpu_merged_req,1079,1,0.225504
spark,150_10,1,12,gpu_merged_req,1080,1,0.127424
spark,150_10,1,12,gpu_merged_req,1081,1,0.221696
spark,150_10,1,12,gpu_merged_req,1082,1,0.031232
spark,150_10,1,12,gpu_merged_req,1083,1,0.060768
spark,150_10,1,12,gpu_merged_req,1084,1,0.101824
spark,150_10,1,12,gpu_merged_req,1085,1,0.153824
spark,150_10,1,12,gpu_merged_req,1086,1,0.195552
spark,150_10,1,12,gpu_merged_req,1087,1,0.157216
spark,150_10,1,12,gpu_merged_req,1088,1,0.153696
spark,150_10,1,12,gpu_merged_req,1089,1,0.16272
spark,150_10,1,12,gpu_merged_req,1090,1,0.030976
spark,150_10,1,12,gpu_merged_req,1091,1,0.226816
spark,150_10,1,12,gpu_merged_req,1092,1,0.208672
spark,150_10,1,12,gpu_merged_req,1093,1,0.214336
spark,150_10,1,12,gpu_merged_req,1094,1,0.146528
spark,150_10,1,12,gpu_merged_req,1095,1,0.034624
spark,150_10,1,12,gpu_merged_req,1096,1,0.0984
spark,150_10,1,12,gpu_merged_req,1097,1,0.123712
spark,150_10,1,12,gpu_merged_req,1098,1,0.108896
spark,150_10,1,12,gpu_merged_req,1099,1,0.225088
spark,150_10,1,12,gpu_merged_req,1100,1,0.12112
spark,150_10,1,12,gpu_merged_req,1101,1,0.196896
spark,150_10,1,12,gpu_merged_req,1102,1,0.160576
spark,150_10,1,12,gpu_merged_req,1103,1,0.199168
spark,150_10,1,12,gpu_merged_req,1104,1,0.149728
spark,150_10,1,12,gpu_merged_req,1105,1,0.122016
spark,150_10,1,12,gpu_merged_req,1106,1,0.037792
spark,150_10,1,12,gpu_merged_req,1107,1,0.124064
spark,150_10,1,12,gpu_merged_req,1108,1,0.183552
spark,150_10,1,12,gpu_merged_req,1109,1,0.096512
spark,150_10,1,12,gpu_merged_req,1110,1,0.216544
spark,150_10,1,12,gpu_merged_req,1111,1,0.111136
spark,150_10,1,12,gpu_merged_req,1112,1,0.216672
spark,150_10,1,12,gpu_merged_req,1113,1,0.21616
spark,150_10,1,12,gpu_merged_req,1114,1,0.153472
spark,150_10,1,12,gpu_merged_req,1115,1,0.142528
spark,150_10,1,12,gpu_merged_req,1116,1,0.203616
spark,150_10,1,12,gpu_merged_req,1117,1,0.163712
spark,150_10,1,12,gpu_merged_req,1118,1,0.137184
spark,150_10,1,12,gpu_merged_req,1119,1,0.084864
spark,150_10,1,12,gpu_merged_req,1120,1,0.03328
spark,150_10,1,12,gpu_merged_req,1121,1,0.1512
spark,150_10,1,12,gpu_merged_req,1122,1,0.21264
spark,150_10,1,12,gpu_merged_req,1123,1,0.184608
spark,150_10,1,12,gpu_merged_req,1124,1,0.09056
spark,150_10,1,12,gpu_merged_req,1125,1,0.09296
spark,150_10,1,12,gpu_merged_req,1126,1,0.030976
spark,150_10,1,12,gpu_merged_req,1127,1,0.125696
spark,150_10,1,12,gpu_merged_req,1128,1,0.217344
spark,150_10,1,12,gpu_merged_req,1129,1,0.185184
spark,150_10,1,12,gpu_merged_req,1130,1,0.163328
spark,150_10,1,12,gpu_merged_req,1131,1,0.101504
spark,150_10,1,12,gpu_merged_req,1132,1,0.065312
spark,150_10,1,12,gpu_merged_req,1133,1,0.135584
spark,150_10,1,12,gpu_merged_req,1134,1,0.133184
spark,150_10,1,12,gpu_merged_req,1135,1,0.149248
spark,150_10,1,12,gpu_merged_req,1136,1,0.109504
spark,150_10,1,12,gpu_merged_req,1137,1,0.195744
spark,150_10,1,12,gpu_merged_req,1138,2,0.198784
spark,150_10,1,12,gpu_merged_req,1139,1,0.18752
spark,150_10,1,12,gpu_merged_req,1140,1,0.196192
spark,150_10,1,12,gpu_merged_req,1141,1,0.21344
spark,150_10,1,12,gpu_merged_req,1142,1,0.098016
spark,150_10,1,12,gpu_merged_req,1143,1,0.131808
spark,150_10,1,12,gpu_merged_req,1144,1,0.11104
spark,150_10,1,12,gpu_merged_req,1145,1,0.159136
spark,150_10,1,12,gpu_merged_req,1146,1,0.108
spark,150_10,1,12,gpu_merged_req,1147,1,0.089792
spark,150_10,1,12,gpu_merged_req,1148,1,0.089216
spark,150_10,1,12,gpu_merged_req,1149,1,0.110144
spark,150_10,1,12,gpu_merged_req,1150,1,0.219584
spark,150_10,1,12,gpu_merged_req,1151,1,0.097824
spark,150_10,1,12,gpu_merged_req,1152,1,0.187776
spark,150_10,1,12,gpu_merged_req,1153,1,0.195072
spark,150_10,1,12,gpu_merged_req,1154,1,0.2176
spark,150_10,1,12,gpu_merged_req,1155,1,0.16384
spark,150_10,1,12,gpu_merged_req,1156,1,0.137216
spark,150_10,1,12,gpu_merged_req,1157,1,0.033408
spark,150_10,1,12,gpu_merged_req,1158,1,0.17584
spark,150_10,1,12,gpu_merged_req,1159,1,0.128992
spark,150_10,1,12,gpu_merged_req,1160,1,0.104352
spark,150_10,1,12,gpu_merged_req,1161,1,0.223808
spark,150_10,1,12,gpu_merged_req,1162,1,0.175296
spark,150_10,1,12,gpu_merged_req,1163,1,0.223712
spark,150_10,1,12,gpu_merged_req,1164,1,0.08752
spark,150_10,1,12,gpu_merged_req,1165,1,0.226848
spark,150_10,1,12,gpu_merged_req,1166,1,0.15472
spark,150_10,1,12,gpu_merged_req,1167,1,0.020416
spark,150_10,1,12,gpu_merged_req,1168,1,0.114688
spark,150_10,1,12,gpu_merged_req,1169,1,0.162368
spark,150_10,1,12,gpu_merged_req,1170,1,0.06112
spark,150_10,1,12,gpu_merged_req,1171,1,0.183904
spark,150_10,1,12,gpu_merged_req,1172,1,0.10464
spark,150_10,1,12,gpu_merged_req,1173,1,0.156
spark,150_10,1,12,gpu_merged_req,1174,1,0.096832
spark,150_10,1,12,gpu_merged_req,1175,1,0.171008
spark,150_10,1,12,gpu_merged_req,1176,1,0.19632
spark,150_10,1,12,gpu_merged_req,1177,1,0.087968
spark,150_10,1,12,gpu_merged_req,1178,1,0.214912
spark,150_10,1,12,gpu_merged_req,1179,1,0.118944
spark,150_10,1,12,gpu_merged_req,1180,1,0.020704
spark,150_10,1,12,gpu_merged_req,1181,1,0.02016
spark,150_10,1,12,gpu_merged_req,1182,1,0.166752
spark,150_10,1,12,gpu_merged_req,1183,1,0.214592
spark,150_10,1,12,gpu_merged_req,1184,1,0.203296
spark,150_10,1,12,gpu_merged_req,1185,1,0.076896
spark,150_10,1,12,gpu_merged_req,1186,1,0.188096
spark,150_10,1,12,gpu_merged_req,1187,1,0.170016
spark,150_10,1,12,gpu_merged_req,1188,1,0.157632
spark,150_10,1,12,gpu_merged_req,1189,1,0.178592
spark,150_10,1,12,gpu_merged_req,1190,1,0.145824
spark,150_10,1,12,gpu_merged_req,1191,1,0.153024
spark,150_10,1,12,gpu_merged_req,1192,1,0.130368
spark,150_10,1,12,gpu_merged_req,1193,1,0.193664
spark,150_10,1,12,gpu_merged_req,1194,1,0.161024
spark,150_10,1,12,gpu_merged_req,1195,1,0.214784
spark,150_10,1,12,gpu_merged_req,1196,1,0.22464
spark,150_10,1,12,gpu_merged_req,1197,1,0.141504
spark,150_10,1,12,gpu_merged_req,1198,1,0.187552
spark,150_10,1,12,gpu_merged_req,1199,1,0.17104
spark,150_10,1,12,gpu_merged_req,1200,1,0.221792
spark,150_10,1,12,gpu_merged_req,1201,1,0.198688
spark,150_10,1,12,gpu_merged_req,1202,1,0.171936
spark,150_10,1,12,gpu_merged_req,1203,1,0.085952
spark,150_10,1,12,gpu_merged_req,1204,1,0.064768
spark,150_10,1,12,gpu_merged_req,1205,1,0.133024
spark,150_10,1,12,gpu_merged_req,1206,1,0.159872
spark,150_10,1,12,gpu_merged_req,1207,1,0.198784
spark,150_10,1,12,gpu_merged_req,1208,1,0.13632
spark,150_10,1,12,gpu_merged_req,1209,1,0.064384
spark,150_10,1,12,gpu_merged_req,1210,1,0.218592
spark,150_10,1,12,gpu_merged_req,1211,1,0.201216
spark,150_10,1,12,gpu_merged_req,1212,1,0.152544
spark,150_10,1,12,gpu_merged_req,1213,1,0.126912
spark,150_10,1,12,gpu_merged_req,1214,1,0.199168
spark,150_10,1,12,gpu_merged_req,1215,1,0.135264
spark,150_10,1,12,gpu_merged_req,1216,1,0.202656
spark,150_10,1,12,gpu_merged_req,1217,1,0.131488
spark,150_10,1,12,gpu_merged_req,1218,1,0.226144
spark,150_10,1,12,gpu_merged_req,1219,1,0.14752
spark,150_10,1,12,gpu_merged_req,1220,1,0.160896
spark,150_10,1,12,gpu_merged_req,1221,1,0.168384
spark,150_10,1,12,gpu_merged_req,1222,1,0.223776
spark,150_10,1,12,gpu_merged_req,1223,1,0.082976
spark,150_10,1,12,gpu_merged_req,1224,1,0.047648
spark,150_10,1,12,gpu_merged_req,1225,1,0.146688
spark,150_10,1,12,gpu_merged_req,1226,1,0.18544
spark,150_10,1,12,gpu_merged_req,1227,1,0.191712
spark,150_10,1,12,gpu_merged_req,1228,2,0.223648
spark,150_10,1,12,gpu_merged_req,1229,2,0.183968
spark,150_10,1,12,gpu_merged_req,1230,1,0.19376
spark,150_10,1,12,gpu_merged_req,1231,1,0.229568
spark,150_10,1,12,gpu_merged_req,1232,1,0.155072
spark,150_10,1,12,gpu_merged_req,1233,1,0.10224
spark,150_10,1,12,gpu_merged_req,1234,1,0.121216
spark,150_10,1,12,gpu_merged_req,1235,1,0.052352
spark,150_10,1,12,gpu_merged_req,1236,1,0.101984
spark,150_10,1,12,gpu_merged_req,1237,1,0.089184
spark,150_10,1,12,gpu_merged_req,1238,1,0.14608
spark,150_10,1,12,gpu_merged_req,1239,1,0.117856
spark,150_10,1,12,gpu_merged_req,1240,1,0.047904
spark,150_10,1,12,gpu_merged_req,1241,1,0.078592
spark,150_10,1,12,gpu_merged_req,1242,1,0.162784
spark,150_10,1,12,gpu_merged_req,1243,1,0.190112
spark,150_10,1,12,gpu_merged_req,1244,1,0.216288
spark,150_10,1,12,gpu_merged_req,1245,1,0.15984
spark,150_10,1,12,gpu_merged_req,1246,1,0.204832
spark,150_10,1,12,gpu_merged_req,1247,1,0.135328
spark,150_10,1,12,gpu_merged_req,1248,1,0.214144
spark,150_10,1,12,gpu_merged_req,1249,1,0.112928
spark,150_10,1,12,gpu_merged_req,1250,1,0.162656
spark,150_10,1,12,gpu_merged_req,1251,1,0.228064
spark,150_10,1,12,gpu_merged_req,1252,1,0.08976
spark,150_10,1,12,gpu_merged_req,1253,1,0.222368
spark,150_10,1,12,gpu_merged_req,1254,1,0.172928
spark,150_10,1,12,gpu_merged_req,1255,1,0.126592
spark,150_10,1,12,gpu_merged_req,1256,1,0.212928
spark,150_10,1,12,gpu_merged_req,1257,1,0.159264
spark,150_10,1,12,gpu_merged_req,1258,1,0.224448
spark,150_10,1,12,gpu_merged_req,1259,1,0.22384
spark,150_10,1,12,gpu_merged_req,1260,1,0.208992
spark,150_10,1,12,gpu_merged_req,1261,1,0.13744
spark,150_10,1,12,gpu_merged_req,1262,1,0.124704
spark,150_10,1,12,gpu_merged_req,1263,1,0.127232
spark,150_10,1,12,gpu_merged_req,1264,1,0.193504
spark,150_10,1,12,gpu_merged_req,1265,1,0.031232
spark,150_10,1,12,gpu_merged_req,1266,1,0.064672
spark,150_10,1,12,gpu_merged_req,1267,1,0.222016
spark,150_10,1,12,gpu_merged_req,1268,1,0.097376
spark,150_10,1,12,gpu_merged_req,1269,1,0.111936
spark,150_10,1,12,gpu_merged_req,1270,1,0.20144
spark,150_10,1,12,gpu_merged_req,1271,1,0.124736
spark,150_10,1,12,gpu_merged_req,1272,1,0.173856
spark,150_10,1,12,gpu_merged_req,1273,1,0.10672
spark,150_10,1,12,gpu_merged_req,1274,1,0.181216
spark,150_10,1,12,gpu_merged_req,1275,1,0.220288
spark,150_10,1,12,gpu_merged_req,1276,1,0.189184
spark,150_10,1,12,gpu_merged_req,1277,2,0.200864
spark,150_10,1,12,gpu_merged_req,1278,2,0.185408
spark,150_10,1,12,gpu_merged_req,1279,2,0.22512
spark,150_10,1,12,gpu_merged_req,1280,2,0.215904
spark,150_10,1,12,gpu_merged_req,1281,1,0.21696
spark,150_10,1,12,gpu_merged_req,1282,1,0.223712
spark,150_10,1,12,gpu_merged_req,1283,1,0.081056
spark,150_10,1,12,gpu_merged_req,1284,1,0.1024
spark,150_10,1,12,gpu_merged_req,1285,1,0.138976
spark,150_10,1,12,gpu_merged_req,1286,1,0.131584
spark,150_10,1,12,gpu_merged_req,1287,1,0.217312
spark,150_10,1,12,gpu_merged_req,1288,1,0.12592
spark,150_10,1,12,gpu_merged_req,1289,1,0.21104
spark,150_10,1,12,gpu_merged_req,1290,1,0.04832
spark,150_10,1,12,gpu_merged_req,1291,1,0.128672
spark,150_10,1,12,gpu_merged_req,1292,1,0.033952
spark,150_10,1,12,gpu_merged_req,1293,1,0.032864
spark,150_10,1,12,gpu_merged_req,1294,1,0.046912
spark,150_10,1,12,gpu_merged_req,1295,1,0.17728
spark,150_10,1,12,gpu_merged_req,1296,1,0.15536
spark,150_10,1,12,gpu_merged_req,1297,1,0.048256
spark,150_10,1,12,gpu_merged_req,1298,1,0.168032
spark,150_10,1,12,gpu_merged_req,1299,1,0.172032
spark,150_10,1,12,gpu_merged_req,1300,1,0.17408
spark,150_10,1,12,gpu_merged_req,1301,1,0.152448
spark,150_10,1,12,gpu_merged_req,1302,1,0.075392
spark,150_10,1,12,gpu_merged_req,1303,1,0.218208
spark,150_10,1,12,gpu_merged_req,1304,1,0.196128
spark,150_10,1,12,gpu_merged_req,1305,1,0.13056
spark,150_10,1,12,gpu_merged_req,1306,1,0.137056
spark,150_10,1,12,gpu_merged_req,1307,1,0.09248
spark,150_10,1,12,gpu_merged_req,1308,1,0.129344
spark,150_10,1,12,gpu_merged_req,1309,1,0.065824
spark,150_10,1,12,gpu_merged_req,1310,1,0.047936
spark,150_10,1,12,gpu_merged_req,1311,1,0.205376
spark,150_10,1,12,gpu_merged_req,1312,1,0.22512
spark,150_10,1,12,gpu_merged_req,1313,1,0.205472
spark,150_10,1,12,gpu_merged_req,1314,2,0.160288
spark,150_10,1,12,gpu_merged_req,1315,1,0.19072
spark,150_10,1,12,gpu_merged_req,1316,1,0.152736
spark,150_10,1,12,gpu_merged_req,1317,1,0.175552
spark,150_10,1,12,gpu_merged_req,1318,1,0.217536
spark,150_10,1,12,gpu_merged_req,1319,1,0.14064
spark,150_10,1,12,gpu_merged_req,1320,1,0.17456
spark,150_10,1,12,gpu_merged_req,1321,1,0.124384
spark,150_10,1,12,gpu_merged_req,1322,1,0.167264
spark,150_10,1,12,gpu_merged_req,1323,1,0.1832
spark,150_10,1,12,gpu_merged_req,1324,1,0.189984
spark,150_10,1,12,gpu_merged_req,1325,1,0.130592
spark,150_10,1,12,gpu_merged_req,1326,1,0.09248
spark,150_10,1,12,gpu_merged_req,1327,1,0.153664
spark,150_10,1,12,gpu_merged_req,1328,1,0.20544
spark,150_10,1,12,gpu_merged_req,1329,1,0.104832
spark,150_10,1,12,gpu_merged_req,1330,1,0.180064
spark,150_10,1,12,gpu_merged_req,1331,1,0.20272
spark,150_10,1,12,gpu_merged_req,1332,1,0.186848
spark,150_10,1,12,gpu_merged_req,1333,1,0.08496
spark,150_10,1,12,gpu_merged_req,1334,1,0.067936
spark,150_10,1,12,gpu_merged_req,1335,1,0.167008
spark,150_10,1,12,gpu_merged_req,1336,1,0.062272
spark,150_10,1,12,gpu_merged_req,1337,1,0.06752
spark,150_10,1,12,gpu_merged_req,1338,1,0.21616
spark,150_10,1,12,gpu_merged_req,1339,1,0.034112
spark,150_10,1,12,gpu_merged_req,1340,1,0.126656
spark,150_10,1,12,gpu_merged_req,1341,1,0.049728
spark,150_10,1,12,gpu_merged_req,1342,1,0.181824
spark,150_10,1,12,gpu_merged_req,1343,1,0.159136
spark,150_10,1,12,gpu_merged_req,1344,1,0.125472
spark,150_10,1,12,gpu_merged_req,1345,1,0.096224
spark,150_10,1,12,gpu_merged_req,1346,1,0.05088
spark,150_10,1,12,gpu_merged_req,1347,1,0.150944
spark,150_10,1,12,gpu_merged_req,1348,1,0.181952
spark,150_10,1,12,gpu_merged_req,1349,1,0.23056
spark,150_10,1,12,gpu_merged_req,1350,1,0.121984
spark,150_10,1,12,gpu_merged_req,1351,1,0.17376
spark,150_10,1,12,gpu_merged_req,1352,1,0.224992
spark,150_10,1,12,gpu_merged_req,1353,1,0.169824
spark,150_10,1,12,gpu_merged_req,1354,1,0.148704
spark,150_10,1,12,gpu_merged_req,1355,1,0.037376
spark,150_10,1,12,gpu_merged_req,1356,1,0.104896
spark,150_10,1,12,gpu_merged_req,1357,1,0.173536
spark,150_10,1,12,gpu_merged_req,1358,1,0.12512
spark,150_10,1,12,gpu_merged_req,1359,1,0.210688
spark,150_10,1,12,gpu_merged_req,1360,1,0.187424
spark,150_10,1,12,gpu_merged_req,1361,1,0.108352
spark,150_10,1,12,gpu_merged_req,1362,1,0.09584
spark,150_10,1,12,gpu_merged_req,1363,1,0.21968
spark,150_10,1,12,gpu_merged_req,1364,1,0.137568
spark,150_10,1,12,gpu_merged_req,1365,1,0.134784
spark,150_10,1,12,gpu_merged_req,1366,1,0.208832
spark,150_10,1,12,gpu_merged_req,1367,1,0.191296
spark,150_10,1,12,gpu_merged_req,1368,1,0.142304
spark,150_10,1,12,gpu_merged_req,1369,1,0.215264
spark,150_10,1,12,gpu_merged_req,1370,1,0.16064
spark,150_10,1,12,gpu_merged_req,1371,1,0.087904
spark,150_10,1,12,gpu_merged_req,1372,1,0.066496
spark,150_10,1,12,gpu_merged_req,1373,1,0.176928
spark,150_10,1,12,gpu_merged_req,1374,1,0.17456
spark,150_10,1,12,gpu_merged_req,1375,1,0.11328
spark,150_10,1,12,gpu_merged_req,1376,1,0.156544
spark,150_10,1,12,gpu_merged_req,1377,1,0.113792
spark,150_10,1,12,gpu_merged_req,1378,1,0.224192
spark,150_10,1,12,gpu_merged_req,1379,1,0.155776
spark,150_10,1,12,gpu_merged_req,1380,1,0.110784
spark,150_10,1,12,gpu_merged_req,1381,1,0.080096
spark,150_10,1,12,gpu_merged_req,1382,1,0.137216
spark,150_10,1,12,gpu_merged_req,1383,1,0.092896
spark,150_10,1,12,gpu_merged_req,1384,1,0.186752
spark,150_10,1,12,gpu_merged_req,1385,1,0.212064
spark,150_10,1,12,gpu_merged_req,1386,1,0.227744
spark,150_10,1,12,gpu_merged_req,1387,1,0.065952
spark,150_10,1,12,gpu_merged_req,1388,1,0.14848
spark,150_10,1,12,gpu_merged_req,1389,1,0.07936
spark,150_10,1,12,gpu_merged_req,1390,1,0.226528
spark,150_10,1,12,gpu_merged_req,1391,1,0.04064
spark,150_10,1,12,gpu_merged_req,1392,1,0.093088
spark,150_10,1,12,gpu_merged_req,1393,1,0.150208
spark,150_10,1,12,gpu_merged_req,1394,1,0.106816
spark,150_10,1,12,gpu_merged_req,1395,1,0.194816
spark,150_10,1,12,gpu_merged_req,1396,1,0.223776
spark,150_10,1,12,gpu_merged_req,1397,1,0.215584
spark,150_10,1,12,gpu_merged_req,1398,1,0.111072
spark,150_10,1,12,gpu_merged_req,1399,1,0.219136
spark,150_10,1,12,gpu_merged_req,1400,1,0.166848
spark,150_10,1,12,gpu_merged_req,1401,1,0.214464
spark,150_10,1,12,gpu_merged_req,1402,1,0.213024
spark,150_10,1,12,gpu_merged_req,1403,1,0.188736
spark,150_10,1,12,gpu_merged_req,1404,1,0.203168
spark,150_10,1,12,gpu_merged_req,1405,1,0.18592
spark,150_10,1,12,gpu_merged_req,1406,1,0.095072
spark,150_10,1,12,gpu_merged_req,1407,1,0.051712
spark,150_10,1,12,gpu_merged_req,1408,1,0.189792
spark,150_10,1,12,gpu_merged_req,1409,1,0.182368
spark,150_10,1,12,gpu_merged_req,1410,1,0.077888
spark,150_10,1,12,gpu_merged_req,1411,1,0.167424
spark,150_10,1,12,gpu_merged_req,1412,1,0.198016
spark,150_10,1,12,gpu_merged_req,1413,1,0.230528
spark,150_10,1,12,gpu_merged_req,1414,1,0.094016
spark,150_10,1,12,gpu_merged_req,1415,1,0.219104
spark,150_10,1,12,gpu_merged_req,1416,1,0.080352
spark,150_10,1,12,gpu_merged_req,1417,1,0.108128
spark,150_10,1,12,gpu_merged_req,1418,1,0.154816
spark,150_10,1,12,gpu_merged_req,1419,1,0.228064
spark,150_10,1,12,gpu_merged_req,1420,1,0.221952
spark,150_10,1,12,gpu_merged_req,1421,1,0.1992
spark,150_10,1,12,gpu_merged_req,1422,1,0.12832
spark,150_10,1,12,gpu_merged_req,1423,1,0.184352
spark,150_10,1,12,gpu_merged_req,1424,1,0.019456
spark,150_10,1,12,gpu_merged_req,1425,1,0.018336
spark,150_10,1,12,gpu_merged_req,1426,1,0.192512
spark,150_10,1,12,gpu_merged_req,1427,1,0.129536
spark,150_10,1,12,gpu_merged_req,1428,1,0.215104
spark,150_10,1,12,gpu_merged_req,1429,1,0.188032
spark,150_10,1,12,gpu_merged_req,1430,1,0.227456
spark,150_10,1,12,gpu_merged_req,1431,1,0.164448
spark,150_10,1,12,gpu_merged_req,1432,1,0.187104
spark,150_10,1,12,gpu_merged_req,1433,1,0.140416
spark,150_10,1,12,gpu_merged_req,1434,1,0.182496
spark,150_10,1,12,gpu_merged_req,1435,1,0.112928
spark,150_10,1,12,gpu_merged_req,1436,1,0.181696
spark,150_10,1,12,gpu_merged_req,1437,2,0.219872
spark,150_10,1,12,gpu_merged_req,1438,2,0.208352
spark,150_10,1,12,gpu_merged_req,1439,2,0.218048
spark,150_10,1,12,gpu_merged_req,1440,2,0.205696
spark,150_10,1,12,gpu_merged_req,1441,2,0.221568
spark,150_10,1,12,gpu_merged_req,1442,2,0.20448
spark,150_10,1,12,gpu_merged_req,1443,1,0.21824
spark,150_10,1,12,gpu_merged_req,1444,1,0.188768
spark,150_10,1,12,gpu_merged_req,1445,1,0.077472
spark,150_10,1,12,gpu_merged_req,1446,1,0.198144
spark,150_10,1,12,gpu_merged_req,1447,1,0.130208
spark,150_10,1,12,gpu_merged_req,1448,1,0.23328
spark,150_10,1,12,gpu_merged_req,1449,1,0.031904
spark,150_10,1,12,gpu_merged_req,1450,1,0.163232
spark,150_10,1,12,gpu_merged_req,1451,1,0.151136
spark,150_10,1,12,gpu_merged_req,1452,1,0.173408
spark,150_10,1,12,gpu_merged_req,1453,1,0.129952
spark,150_10,1,12,gpu_merged_req,1454,1,0.140832
spark,150_10,1,12,gpu_merged_req,1455,1,0.229344
spark,150_10,1,12,gpu_merged_req,1456,1,0.211392
spark,150_10,1,12,gpu_merged_req,1457,1,0.196224
spark,150_10,1,12,gpu_merged_req,1458,1,0.131456
spark,150_10,1,12,gpu_merged_req,1459,1,0.202688
spark,150_10,1,12,gpu_merged_req,1460,1,0.031648
spark,150_10,1,12,gpu_merged_req,1461,1,0.218208
spark,150_10,1,12,gpu_merged_req,1462,1,0.22368
spark,150_10,1,12,gpu_merged_req,1463,1,0.203136
spark,150_10,1,12,gpu_merged_req,1464,1,0.220768
spark,150_10,1,12,gpu_merged_req,1465,1,0.1104
spark,150_10,1,12,gpu_merged_req,1466,1,0.200768
spark,150_10,1,12,gpu_merged_req,1467,1,0.184032
spark,150_10,1,12,gpu_merged_req,1468,1,0.123936
spark,150_10,1,12,gpu_merged_req,1469,1,0.214784
spark,150_10,1,12,gpu_merged_req,1470,1,0.226944
spark,150_10,1,12,gpu_merged_req,1471,1,0.22928
spark,150_10,1,12,gpu_merged_req,1472,1,0.090656
spark,150_10,1,12,gpu_merged_req,1473,1,0.176
spark,150_10,1,12,gpu_merged_req,1474,1,0.158144
spark,150_10,1,12,gpu_merged_req,1475,1,0.150624
spark,150_10,1,12,gpu_merged_req,1476,1,0.22128
spark,150_10,1,12,gpu_merged_req,1477,1,0.12608
spark,150_10,1,12,gpu_merged_req,1478,1,0.084512
spark,150_10,1,12,gpu_merged_req,1479,1,0.194816
spark,150_10,1,12,gpu_merged_req,1480,1,0.155744
spark,150_10,1,12,gpu_merged_req,1481,1,0.158208
spark,150_10,1,12,gpu_merged_req,1482,1,0.090976
spark,150_10,1,12,gpu_merged_req,1483,1,0.022688
spark,150_10,1,12,gpu_merged_req,1484,1,0.048928
spark,150_10,1,12,gpu_merged_req,1485,1,0.06304
spark,150_10,1,12,gpu_merged_req,1486,1,0.170656
spark,150_10,1,12,gpu_merged_req,1487,1,0.168192
spark,150_10,1,12,gpu_merged_req,1488,2,0.20256
spark,150_10,1,12,gpu_merged_req,1489,1,0.193792
spark,150_10,1,12,gpu_merged_req,1490,1,0.162048
spark,150_10,1,12,gpu_merged_req,1491,1,0.194176
spark,150_10,1,12,gpu_merged_req,1492,1,0.187584
spark,150_10,1,12,gpu_merged_req,1493,1,0.111168
spark,150_10,1,12,gpu_merged_req,1494,1,0.152608
spark,150_10,1,12,gpu_merged_req,1495,1,0.051456
spark,150_10,1,12,gpu_merged_req,1496,1,0.117856
spark,150_10,1,12,gpu_merged_req,1497,1,0.139456
spark,150_10,1,12,gpu_merged_req,1498,1,0.204416
spark,150_10,1,12,gpu_merged_req,1499,1,0.115072
spark,150_10,1,12,gpu_merged_req,1500,1,0.177088
spark,150_10,1,12,gpu_merged_req,1501,1,0.083456
spark,150_10,1,12,gpu_merged_req,1502,1,0.050048
spark,150_10,1,12,gpu_merged_req,1503,1,0.149248
spark,150_10,1,12,gpu_merged_req,1504,1,0.100768
spark,150_10,1,12,gpu_merged_req,1505,1,0.068064
spark,150_10,1,12,gpu_merged_req,1506,1,0.177408
spark,150_10,1,12,gpu_merged_req,1507,1,0.202336
spark,150_10,1,12,gpu_merged_req,1508,1,0.226048
spark,150_10,1,12,gpu_merged_req,1509,1,0.20432
spark,150_10,1,12,gpu_merged_req,1510,1,0.22496
spark,150_10,1,12,gpu_merged_req,1511,1,0.18288
spark,150_10,1,12,gpu_merged_req,1512,1,0.036384
spark,150_10,1,12,gpu_merged_req,1513,1,0.107008
spark,150_10,1,12,gpu_merged_req,1514,1,0.178976
spark,150_10,1,12,gpu_merged_req,1515,1,0.06688
spark,150_10,1,12,gpu_merged_req,1516,1,0.198496
spark,150_10,1,12,gpu_merged_req,1517,1,0.167968
spark,150_10,1,12,gpu_merged_req,1518,1,0.06576
spark,150_10,1,12,gpu_merged_req,1519,1,0.14528
spark,150_10,1,12,gpu_merged_req,1520,1,0.22912
spark,150_10,1,12,gpu_merged_req,1521,1,0.187744
spark,150_10,1,12,gpu_merged_req,1522,1,0.229984
spark,150_10,1,12,gpu_merged_req,1523,1,0.195552
spark,150_10,1,12,gpu_merged_req,1524,1,0.097472
spark,150_10,1,12,gpu_merged_req,1525,1,0.147264
spark,150_10,1,12,gpu_merged_req,1526,1,0.227456
spark,150_10,1,12,gpu_merged_req,1527,1,0.222272
spark,150_10,1,12,gpu_merged_req,1528,1,0.230304
spark,150_10,1,12,gpu_merged_req,1529,1,0.119648
spark,150_10,1,12,gpu_merged_req,1530,1,0.178496
spark,150_10,1,12,gpu_merged_req,1531,1,0.116416
spark,150_10,1,12,gpu_merged_req,1532,1,0.124928
spark,150_10,1,12,gpu_merged_req,1533,1,0.135392
spark,150_10,1,12,gpu_merged_req,1534,1,0.186496
spark,150_10,1,12,gpu_merged_req,1535,1,0.064832
spark,150_10,1,12,gpu_merged_req,1536,1,0.179104
spark,150_10,1,12,gpu_merged_req,1537,1,0.180096
spark,150_10,1,12,gpu_merged_req,1538,1,0.158464
spark,150_10,1,12,gpu_merged_req,1539,1,0.016096
spark,150_10,1,12,gpu_merged_req,1540,1,0.20848
spark,150_10,1,12,gpu_merged_req,1541,1,0.079232
spark,150_10,1,12,gpu_merged_req,1542,1,0.032128
spark,150_10,1,12,gpu_merged_req,1543,1,0.231488
spark,150_10,1,12,gpu_merged_req,1544,1,0.203968
spark,150_10,1,12,gpu_merged_req,1545,1,0.175616
spark,150_10,1,12,gpu_merged_req,1546,1,0.208512
spark,150_10,1,12,gpu_merged_req,1547,1,0.17216
spark,150_10,1,12,gpu_merged_req,1548,1,0.204768
spark,150_10,1,12,gpu_merged_req,1549,1,0.152992
spark,150_10,1,12,gpu_merged_req,1550,1,0.22272
spark,150_10,1,12,gpu_merged_req,1551,1,0.173472
spark,150_10,1,12,gpu_merged_req,1552,1,0.210336
spark,150_10,1,12,gpu_merged_req,1553,1,0.200576
spark,150_10,1,12,gpu_merged_req,1554,1,0.181344
spark,150_10,1,12,gpu_merged_req,1555,1,0.179488
spark,150_10,1,12,gpu_merged_req,1556,1,0.21824
spark,150_10,1,12,gpu_merged_req,1557,1,0.067552
spark,150_10,1,12,gpu_merged_req,1558,1,0.145088
spark,150_10,1,12,gpu_merged_req,1559,1,0.208512
spark,150_10,1,12,gpu_merged_req,1560,1,0.07616
spark,150_10,1,12,gpu_merged_req,1561,1,0.207232
spark,150_10,1,12,gpu_merged_req,1562,1,0.10048
spark,150_10,1,12,gpu_merged_req,1563,1,0.01664
spark,150_10,1,12,gpu_merged_req,1564,1,0.179968
spark,150_10,1,12,gpu_merged_req,1565,1,0.13248
spark,150_10,1,12,gpu_merged_req,1566,1,0.06544
spark,150_10,1,12,gpu_merged_req,1567,1,0.035456
spark,150_10,1,12,gpu_merged_req,1568,1,0.215296
spark,150_10,1,12,gpu_merged_req,1569,1,0.05456
spark,150_10,1,12,gpu_merged_req,1570,1,0.174048
spark,150_10,1,12,gpu_merged_req,1571,1,0.173312
spark,150_10,1,12,gpu_merged_req,1572,1,0.14224
spark,150_10,1,12,gpu_merged_req,1573,2,0.1984
spark,150_10,1,12,gpu_merged_req,1574,1,0.116288
spark,150_10,1,12,gpu_merged_req,1575,1,0.115968
spark,150_10,1,12,gpu_merged_req,1576,1,0.171328
spark,150_10,1,12,gpu_merged_req,1577,1,0.151072
spark,150_10,1,12,gpu_merged_req,1578,1,0.224096
spark,150_10,1,12,gpu_merged_req,1579,1,0.066656
spark,150_10,1,12,gpu_merged_req,1580,1,0.189664
spark,150_10,1,12,gpu_merged_req,1581,1,0.151744
spark,150_10,1,12,gpu_merged_req,1582,1,0.217824
spark,150_10,1,12,gpu_merged_req,1583,1,0.062208
spark,150_10,1,12,gpu_merged_req,1584,1,0.097536
spark,150_10,1,12,gpu_merged_req,1585,1,0.182816
spark,150_10,1,12,gpu_merged_req,1586,1,0.189888
spark,150_10,1,12,gpu_merged_req,1587,1,0.202464
spark,150_10,1,12,gpu_merged_req,1588,1,0.202336
spark,150_10,1,12,gpu_merged_req,1589,1,0.181152
spark,150_10,1,12,gpu_merged_req,1590,1,0.097024
spark,150_10,1,12,gpu_merged_req,1591,1,0.159712
spark,150_10,1,12,gpu_merged_req,1592,1,0.134944
spark,150_10,1,12,gpu_merged_req,1593,1,0.125056
spark,150_10,1,12,gpu_merged_req,1594,1,0.124576
spark,150_10,1,12,gpu_merged_req,1595,1,0.208832
spark,150_10,1,12,gpu_merged_req,1596,1,0.208
spark,150_10,1,12,gpu_merged_req,1597,1,0.170336
spark,150_10,1,12,gpu_merged_req,1598,1,0.191584
spark,150_10,1,12,gpu_merged_req,1599,1,0.052256
spark,150_10,1,12,gpu_merged_req,1600,1,0.016736
spark,150_10,1,12,gpu_merged_req,1601,1,0.128224
spark,150_10,1,12,gpu_merged_req,1602,1,0.197504
spark,150_10,1,12,gpu_merged_req,1603,1,0.191136
spark,150_10,1,12,gpu_merged_req,1604,1,0.218432
spark,150_10,1,12,gpu_merged_req,1605,1,0.079648
spark,150_10,1,12,gpu_merged_req,1606,1,0.016864
spark,150_10,1,12,gpu_merged_req,1607,1,0.033952
spark,150_10,1,12,gpu_merged_req,1608,1,0.220608
spark,150_10,1,12,gpu_merged_req,1609,1,0.100288
spark,150_10,1,12,gpu_merged_req,1610,1,0.22816
spark,150_10,1,12,gpu_merged_req,1611,1,0.204
spark,150_10,1,12,gpu_merged_req,1612,1,0.200832
spark,150_10,1,12,gpu_merged_req,1613,1,0.215872
spark,150_10,1,12,gpu_merged_req,1614,1,0.230784
spark,150_10,1,12,gpu_merged_req,1615,1,0.155904
spark,150_10,1,12,gpu_merged_req,1616,1,0.067712
spark,150_10,1,12,gpu_merged_req,1617,1,0.117472
spark,150_10,1,12,gpu_merged_req,1618,1,0.192896
spark,150_10,1,12,gpu_merged_req,1619,1,0.146976
spark,150_10,1,12,gpu_merged_req,1620,1,0.199424
spark,150_10,1,12,gpu_merged_req,1621,1,0.142816
spark,150_10,1,12,gpu_merged_req,1622,1,0.03632
spark,150_10,1,12,gpu_merged_req,1623,1,0.05136
spark,150_10,1,12,gpu_merged_req,1624,1,0.025856
spark,150_10,1,12,gpu_merged_req,1625,1,0.017952
spark,150_10,1,12,gpu_merged_req,1626,1,0.164384
spark,150_10,1,12,gpu_merged_req,1627,1,0.166592
spark,150_10,1,12,gpu_merged_req,1628,1,0.133952
spark,150_10,1,12,gpu_merged_req,1629,1,0.213408
spark,150_10,1,12,gpu_merged_req,1630,1,0.201888
spark,150_10,1,12,gpu_merged_req,1631,1,0.23232
spark,150_10,1,12,gpu_merged_req,1632,1,0.22256
spark,150_10,1,12,gpu_merged_req,1633,1,0.190816
spark,150_10,1,12,gpu_merged_req,1634,1,0.079232
spark,150_10,1,12,gpu_merged_req,1635,1,0.034592
spark,150_10,1,12,gpu_merged_req,1636,1,0.216928
spark,150_10,1,12,gpu_merged_req,1637,1,0.063552
spark,150_10,1,12,gpu_merged_req,1638,1,0.184256
spark,150_10,1,12,gpu_merged_req,1639,1,0.078528
spark,150_10,1,12,gpu_merged_req,1640,1,0.150496
spark,150_10,1,12,gpu_merged_req,1641,1,0.18656
spark,150_10,1,12,gpu_merged_req,1642,1,0.06288
spark,150_10,1,12,gpu_merged_req,1643,1,0.204224
spark,150_10,1,12,gpu_merged_req,1644,1,0.217696
spark,150_10,1,12,gpu_merged_req,1645,1,0.107584
spark,150_10,1,12,gpu_merged_req,1646,1,0.0872
spark,150_10,1,12,gpu_merged_req,1647,1,0.163968
spark,150_10,1,12,gpu_merged_req,1648,1,0.230368
spark,150_10,1,12,gpu_merged_req,1649,1,0.197152
spark,150_10,1,12,gpu_merged_req,1650,1,0.088288
spark,150_10,1,12,gpu_merged_req,1651,1,0.202656
spark,150_10,1,12,gpu_merged_req,1652,1,0.12432
spark,150_10,1,12,gpu_merged_req,1653,1,0.100512
spark,150_10,1,12,gpu_merged_req,1654,1,0.0816
spark,150_10,1,12,gpu_merged_req,1655,1,0.155168
spark,150_10,1,12,gpu_merged_req,1656,1,0.167808
spark,150_10,1,12,gpu_merged_req,1657,1,0.118976
spark,150_10,1,12,gpu_merged_req,1658,1,0.208992
spark,150_10,1,12,gpu_merged_req,1659,1,0.202848
spark,150_10,1,12,gpu_merged_req,1660,1,0.17728
spark,150_10,1,12,gpu_merged_req,1661,1,0.125056
spark,150_10,1,12,gpu_merged_req,1662,1,0.169088
spark,150_10,1,12,gpu_merged_req,1663,1,0.050368
spark,150_10,1,12,gpu_merged_req,1664,1,0.206784
spark,150_10,1,12,gpu_merged_req,1665,1,0.22736
spark,150_10,1,12,gpu_merged_req,1666,1,0.089856
spark,150_10,1,12,gpu_merged_req,1667,1,0.187008
spark,150_10,1,12,gpu_merged_req,1668,1,0.207904
spark,150_10,1,12,gpu_merged_req,1669,2,0.198592
spark,150_10,1,12,gpu_merged_req,1670,2,0.205792
spark,150_10,1,12,gpu_merged_req,1671,2,0.162176
spark,150_10,1,12,gpu_merged_req,1672,1,0.189664
spark,150_10,1,12,gpu_merged_req,1673,1,0.021184
spark,150_10,1,12,gpu_merged_req,1674,1,0.228256
spark,150_10,1,12,gpu_merged_req,1675,1,0.117344
spark,150_10,1,12,gpu_merged_req,1676,1,0.119968
spark,150_10,1,12,gpu_merged_req,1677,1,0.226016
spark,150_10,1,12,gpu_merged_req,1678,1,0.19568
spark,150_10,1,12,gpu_merged_req,1679,1,0.0328
spark,150_10,1,12,gpu_merged_req,1680,1,0.133728
spark,150_10,1,12,gpu_merged_req,1681,1,0.147008
spark,150_10,1,12,gpu_merged_req,1682,1,0.066336
spark,150_10,1,12,gpu_merged_req,1683,1,0.065216
spark,150_10,1,12,gpu_merged_req,1684,1,0.060992
spark,150_10,1,12,gpu_merged_req,1685,1,0.137056
spark,150_10,1,12,gpu_merged_req,1686,1,0.1616
spark,150_10,1,12,gpu_merged_req,1687,1,0.186688
spark,150_10,1,12,gpu_merged_req,1688,1,0.229984
spark,150_10,1,12,gpu_merged_req,1689,1,0.198816
spark,150_10,1,12,gpu_merged_req,1690,1,0.208704
spark,150_10,1,12,gpu_merged_req,1691,1,0.152704
spark,150_10,1,12,gpu_merged_req,1692,1,0.208256
spark,150_10,1,12,gpu_merged_req,1693,1,0.210272
spark,150_10,1,12,gpu_merged_req,1694,1,0.047456
spark,150_10,1,12,gpu_merged_req,1695,1,0.194944
spark,150_10,1,12,gpu_merged_req,1696,1,0.198656
spark,150_10,1,12,gpu_merged_req,1697,1,0.165888
spark,150_10,1,12,gpu_merged_req,1698,1,0.208448
spark,150_10,1,12,gpu_merged_req,1699,1,0.120896
spark,150_10,1,12,gpu_merged_req,1700,1,0.048896
spark,150_10,1,12,gpu_merged_req,1701,1,0.030528
spark,150_10,1,12,gpu_merged_req,1702,1,0.21552
spark,150_10,1,12,gpu_merged_req,1703,1,0.10464
spark,150_10,1,12,gpu_merged_req,1704,1,0.14144
spark,150_10,1,12,gpu_merged_req,1705,1,0.155744
spark,150_10,1,12,gpu_merged_req,1706,2,0.1984
spark,150_10,1,12,gpu_merged_req,1707,1,0.188576
spark,150_10,1,12,gpu_merged_req,1708,1,0.16192
spark,150_10,1,12,gpu_merged_req,1709,1,0.22384
spark,150_10,1,12,gpu_merged_req,1710,1,0.122432
spark,150_10,1,12,gpu_merged_req,1711,1,0.083808
spark,150_10,1,12,gpu_merged_req,1712,1,0.085312
spark,150_10,1,12,gpu_merged_req,1713,1,0.216512
spark,150_10,1,12,gpu_merged_req,1714,1,0.135744
spark,150_10,1,12,gpu_merged_req,1715,1,0.087872
spark,150_10,1,12,gpu_merged_req,1716,1,0.207104
spark,150_10,1,12,gpu_merged_req,1717,1,0.189824
spark,150_10,1,12,gpu_merged_req,1718,1,0.182752
spark,150_10,1,12,gpu_merged_req,1719,2,0.202336
spark,150_10,1,12,gpu_merged_req,1720,1,0.221056
spark,150_10,1,12,gpu_merged_req,1721,1,0.215648
spark,150_10,1,12,gpu_merged_req,1722,1,0.186816
spark,150_10,1,12,gpu_merged_req,1723,1,0.16464
spark,150_10,1,12,gpu_merged_req,1724,1,0.171136
spark,150_10,1,12,gpu_merged_req,1725,1,0.023232
spark,150_10,1,12,gpu_merged_req,1726,1,0.231584
spark,150_10,1,12,gpu_merged_req,1727,1,0.065344
spark,150_10,1,12,gpu_merged_req,1728,1,0.194656
spark,150_10,1,12,gpu_merged_req,1729,1,0.220832
spark,150_10,1,12,gpu_merged_req,1730,1,0.201056
spark,150_10,1,12,gpu_merged_req,1731,1,0.227808
spark,150_10,1,12,gpu_merged_req,1732,1,0.077824
spark,150_10,1,12,gpu_merged_req,1733,1,0.100608
spark,150_10,1,12,gpu_merged_req,1734,1,0.175808
spark,150_10,1,12,gpu_merged_req,1735,1,0.208736
spark,150_10,1,12,gpu_merged_req,1736,1,0.047104
spark,150_10,1,12,gpu_merged_req,1737,1,0.19792
spark,150_10,1,12,gpu_merged_req,1738,1,0.066336
spark,150_10,1,12,gpu_merged_req,1739,1,0.192448
spark,150_10,1,12,gpu_merged_req,1740,1,0.22848
spark,150_10,1,12,gpu_merged_req,1741,1,0.202048
spark,150_10,1,12,gpu_merged_req,1742,1,0.089216
spark,150_10,1,12,gpu_merged_req,1743,1,0.188224
spark,150_10,1,12,gpu_merged_req,1744,1,0.095488
spark,150_10,1,12,gpu_merged_req,1745,1,0.093664
spark,150_10,1,12,gpu_merged_req,1746,1,0.06336
spark,150_10,1,12,gpu_merged_req,1747,1,0.076
spark,150_10,1,12,gpu_merged_req,1748,1,0.21232
spark,150_10,1,12,gpu_merged_req,1749,1,0.100736
spark,150_10,1,12,gpu_merged_req,1750,1,0.177856
spark,150_10,1,12,gpu_merged_req,1751,1,0.109728
spark,150_10,1,12,gpu_merged_req,1752,1,0.13472
spark,150_10,1,12,gpu_merged_req,1753,1,0.095456
spark,150_10,1,12,gpu_merged_req,1754,1,0.150688
spark,150_10,1,12,gpu_merged_req,1755,1,0.1904
spark,150_10,1,12,gpu_merged_req,1756,1,0.229216
spark,150_10,1,12,gpu_merged_req,1757,1,0.157024
spark,150_10,1,12,gpu_merged_req,1758,1,0.128064
spark,150_10,1,12,gpu_merged_req,1759,1,0.164416
spark,150_10,1,12,gpu_merged_req,1760,1,0.1288
spark,150_10,1,12,gpu_merged_req,1761,1,0.064736
spark,150_10,1,12,gpu_merged_req,1762,1,0.216928
spark,150_10,1,12,gpu_merged_req,1763,1,0.160032
spark,150_10,1,12,gpu_merged_req,1764,1,0.210048
spark,150_10,1,12,gpu_merged_req,1765,1,0.116928
spark,150_10,1,12,gpu_merged_req,1766,1,0.226464
spark,150_10,1,12,gpu_merged_req,1767,1,0.121312
spark,150_10,1,12,gpu_merged_req,1768,1,0.170688
spark,150_10,1,12,gpu_merged_req,1769,1,0.176416
spark,150_10,1,12,gpu_merged_req,1770,1,0.187488
spark,150_10,1,12,gpu_merged_req,1771,1,0.182112
spark,150_10,1,12,gpu_merged_req,1772,1,0.130144
spark,150_10,1,12,gpu_merged_req,1773,1,0.180096
spark,150_10,1,12,gpu_merged_req,1774,1,0.128544
spark,150_10,1,12,gpu_merged_req,1775,1,0.087264
spark,150_10,1,12,gpu_merged_req,1776,1,0.190048
spark,150_10,1,12,gpu_merged_req,1777,1,0.124064
spark,150_10,1,12,gpu_merged_req,1778,1,0.133184
spark,150_10,1,12,gpu_merged_req,1779,1,0.076896
spark,150_10,1,12,gpu_merged_req,1780,1,0.10464
spark,150_10,1,12,gpu_merged_req,1781,1,0.217696
spark,150_10,1,12,gpu_merged_req,1782,1,0.213696
spark,150_10,1,12,gpu_merged_req,1783,1,0.215456
spark,150_10,1,12,gpu_merged_req,1784,1,0.178336
spark,150_10,1,12,gpu_merged_req,1785,1,0.146592
spark,150_10,1,12,gpu_merged_req,1786,1,0.079328
spark,150_10,1,12,gpu_merged_req,1787,1,0.110688
spark,150_10,1,12,gpu_merged_req,1788,1,0.1032
spark,150_10,1,12,gpu_merged_req,1789,1,0.20768
spark,150_10,1,12,gpu_merged_req,1790,1,0.13888
spark,150_10,1,12,gpu_merged_req,1791,2,0.201504
spark,150_10,1,12,gpu_merged_req,1792,2,0.20592
spark,150_10,1,12,gpu_merged_req,1793,1,0.220864
spark,150_10,1,12,gpu_merged_req,1794,1,0.141184
spark,150_10,1,12,gpu_merged_req,1795,1,0.200608
spark,150_10,1,12,gpu_merged_req,1796,1,0.15648
spark,150_10,1,12,gpu_merged_req,1797,1,0.092704
spark,150_10,1,12,gpu_merged_req,1798,1,0.096864
spark,150_10,1,12,gpu_merged_req,1799,1,0.22064
spark,150_10,1,12,gpu_merged_req,1800,1,0.15456
spark,150_10,1,12,gpu_merged_req,1801,1,0.2176
spark,150_10,1,12,gpu_merged_req,1802,1,0.18064
spark,150_10,1,12,gpu_merged_req,1803,1,0.151424
spark,150_10,1,12,gpu_merged_req,1804,1,0.019584
spark,150_10,1,12,gpu_merged_req,1805,1,0.20656
spark,150_10,1,12,gpu_merged_req,1806,1,0.221792
spark,150_10,1,12,gpu_merged_req,1807,1,0.141792
spark,150_10,1,12,gpu_merged_req,1808,1,0.132992
spark,150_10,1,12,gpu_merged_req,1809,1,0.169984
spark,150_10,1,12,gpu_merged_req,1810,1,0.171136
spark,150_10,1,12,gpu_merged_req,1811,1,0.12064
spark,150_10,1,12,gpu_merged_req,1812,1,0.229952
spark,150_10,1,12,gpu_merged_req,1813,1,0.217664
spark,150_10,1,12,gpu_merged_req,1814,1,0.204896
spark,150_10,1,12,gpu_merged_req,1815,1,0.09216
spark,150_10,1,12,gpu_merged_req,1816,1,0.171296
spark,150_10,1,12,gpu_merged_req,1817,1,0.160576
spark,150_10,1,12,gpu_merged_req,1818,1,0.187136
spark,150_10,1,12,gpu_merged_req,1819,1,0.176544
spark,150_10,1,12,gpu_merged_req,1820,1,0.080672
spark,150_10,1,12,gpu_merged_req,1821,1,0.082624
spark,150_10,1,12,gpu_merged_req,1822,1,0.200704
spark,150_10,1,12,gpu_merged_req,1823,1,0.022688
spark,150_10,1,12,gpu_merged_req,1824,1,0.130368
spark,150_10,1,12,gpu_merged_req,1825,1,0.157824
spark,150_10,1,12,gpu_merged_req,1826,1,0.180704
spark,150_10,1,12,gpu_merged_req,1827,1,0.177856
spark,150_10,1,12,gpu_merged_req,1828,1,0.18224
spark,150_10,1,12,gpu_merged_req,1829,1,0.119936
spark,150_10,1,12,gpu_merged_req,1830,1,0.173824
spark,150_10,1,12,gpu_merged_req,1831,1,0.227392
spark,150_10,1,12,gpu_merged_req,1832,1,0.081536
spark,150_10,1,12,gpu_merged_req,1833,1,0.08288
spark,150_10,1,12,gpu_merged_req,1834,1,0.15008
spark,150_10,1,12,gpu_merged_req,1835,1,0.097248
spark,150_10,1,12,gpu_merged_req,1836,1,0.177664
spark,150_10,1,12,gpu_merged_req,1837,1,0.111712
spark,150_10,1,12,gpu_merged_req,1838,1,0.231648
spark,150_10,1,12,gpu_merged_req,1839,1,0.04768
spark,150_10,1,12,gpu_merged_req,1840,1,0.199712
spark,150_10,1,12,gpu_merged_req,1841,1,0.067296
spark,150_10,1,12,gpu_merged_req,1842,1,0.078624
spark,150_10,1,12,gpu_merged_req,1843,1,0.021696
spark,150_10,1,12,gpu_merged_req,1844,1,0.076032
spark,150_10,1,12,gpu_merged_req,1845,1,0.200128
spark,150_10,1,12,gpu_merged_req,1846,1,0.179648
spark,150_10,1,12,gpu_merged_req,1847,1,0.153696
spark,150_10,1,12,gpu_merged_req,1848,1,0.20192
spark,150_10,1,12,gpu_merged_req,1849,1,0.051424
spark,150_10,1,12,gpu_merged_req,1850,1,0.184736
spark,150_10,1,12,gpu_merged_req,1851,1,0.167904
spark,150_10,1,12,gpu_merged_req,1852,1,0.06496
spark,150_10,1,12,gpu_merged_req,1853,1,0.195232
spark,150_10,1,12,gpu_merged_req,1854,1,0.132864
spark,150_10,1,12,gpu_merged_req,1855,1,0.01808
spark,150_10,1,12,gpu_merged_req,1856,1,0.117888
spark,150_10,1,12,gpu_merged_req,1857,1,0.08656
spark,150_10,1,12,gpu_merged_req,1858,1,0.077472
spark,150_10,1,12,gpu_merged_req,1859,1,0.180736
spark,150_10,1,12,gpu_merged_req,1860,1,0.146528
spark,150_10,1,12,gpu_merged_req,1861,1,0.089504
spark,150_10,1,12,gpu_merged_req,1862,1,0.096768
spark,150_10,1,12,gpu_merged_req,1863,1,0.221248
spark,150_10,1,12,gpu_merged_req,1864,1,0.14016
spark,150_10,1,12,gpu_merged_req,1865,1,0.225408
spark,150_10,1,12,gpu_merged_req,1866,1,0.133088
spark,150_10,1,12,gpu_merged_req,1867,1,0.077056
spark,150_10,1,12,gpu_merged_req,1868,1,0.220192
spark,150_10,1,12,gpu_merged_req,1869,1,0.076384
spark,150_10,1,12,gpu_merged_req,1870,1,0.223616
spark,150_10,1,12,gpu_merged_req,1871,2,0.229376
spark,150_10,1,12,gpu_merged_req,1872,2,0.22512
spark,150_10,1,12,gpu_merged_req,1873,2,0.187104
spark,150_10,1,12,gpu_merged_req,1874,1,0.185536
spark,150_10,1,12,gpu_merged_req,1875,1,0.151456
spark,150_10,1,12,gpu_merged_req,1876,1,0.220672
spark,150_10,1,12,gpu_merged_req,1877,1,0.08544
spark,150_10,1,12,gpu_merged_req,1878,1,0.164192
spark,150_10,1,12,gpu_merged_req,1879,1,0.218272
spark,150_10,1,12,gpu_merged_req,1880,1,0.104288
spark,150_10,1,12,gpu_merged_req,1881,1,0.119936
spark,150_10,1,12,gpu_merged_req,1882,1,0.134816
spark,150_10,1,12,gpu_merged_req,1883,1,0.159712
spark,150_10,1,12,gpu_merged_req,1884,1,0.21024
spark,150_10,1,12,gpu_merged_req,1885,1,0.14496
spark,150_10,1,12,gpu_merged_req,1886,1,0.153984
spark,150_10,1,12,gpu_merged_req,1887,1,0.115296
spark,150_10,1,12,gpu_merged_req,1888,1,0.03104
spark,150_10,1,12,gpu_merged_req,1889,1,0.137664
spark,150_10,1,12,gpu_merged_req,1890,1,0.133056
spark,150_10,1,12,gpu_merged_req,1891,1,0.034624
spark,150_10,1,12,gpu_merged_req,1892,1,0.064256
spark,150_10,1,12,gpu_merged_req,1893,1,0.219072
spark,150_10,1,12,gpu_merged_req,1894,1,0.119296
spark,150_10,1,12,gpu_merged_req,1895,1,0.131936
spark,150_10,1,12,gpu_merged_req,1896,1,0.14224
spark,150_10,1,12,gpu_merged_req,1897,1,0.147424
spark,150_10,1,12,gpu_merged_req,1898,1,0.189504
spark,150_10,1,12,gpu_merged_req,1899,1,0.208448
spark,150_10,1,12,gpu_merged_req,1900,1,0.127904
spark,150_10,1,12,gpu_merged_req,1901,1,0.204256
spark,150_10,1,12,gpu_merged_req,1902,1,0.231616
spark,150_10,1,12,gpu_merged_req,1903,1,0.103552
spark,150_10,1,12,gpu_merged_req,1904,1,0.216224
spark,150_10,1,12,gpu_merged_req,1905,1,0.222208
spark,150_10,1,12,gpu_merged_req,1906,1,0.062496
spark,150_10,1,12,gpu_merged_req,1907,1,0.06352
spark,150_10,1,12,gpu_merged_req,1908,1,0.090624
spark,150_10,1,12,gpu_merged_req,1909,1,0.18688
spark,150_10,1,12,gpu_merged_req,1910,1,0.034432
spark,150_10,1,12,gpu_merged_req,1911,1,0.149376
spark,150_10,1,12,gpu_merged_req,1912,1,0.020192
spark,150_10,1,12,gpu_merged_req,1913,1,0.046784
spark,150_10,1,12,gpu_merged_req,1914,1,0.102656
spark,150_10,1,12,gpu_merged_req,1915,1,0.181504
spark,150_10,1,12,gpu_merged_req,1916,1,0.202944
spark,150_10,1,12,gpu_merged_req,1917,1,0.082304
spark,150_10,1,12,gpu_merged_req,1918,1,0.140768
spark,150_10,1,12,gpu_merged_req,1919,1,0.134976
spark,150_10,1,12,gpu_merged_req,1920,1,0.113024
spark,150_10,1,12,gpu_merged_req,1921,1,0.020608
spark,150_10,1,12,gpu_merged_req,1922,1,0.16176
spark,150_10,1,12,gpu_merged_req,1923,1,0.200288
spark,150_10,1,12,gpu_merged_req,1924,1,0.093312
spark,150_10,1,12,gpu_merged_req,1925,1,0.206112
spark,150_10,1,12,gpu_merged_req,1926,1,0.178912
spark,150_10,1,12,gpu_merged_req,1927,1,0.135872
spark,150_10,1,12,gpu_merged_req,1928,1,0.04752
spark,150_10,1,12,gpu_merged_req,1929,1,0.155296
spark,150_10,1,12,gpu_merged_req,1930,1,0.110336
spark,150_10,1,12,gpu_merged_req,1931,1,0.076096
spark,150_10,1,12,gpu_merged_req,1932,1,0.217984
spark,150_10,1,12,gpu_merged_req,1933,1,0.200896
spark,150_10,1,12,gpu_merged_req,1934,1,0.110176
spark,150_10,1,12,gpu_merged_req,1935,1,0.22032
spark,150_10,1,12,gpu_merged_req,1936,1,0.169792
spark,150_10,1,12,gpu_merged_req,1937,1,0.165888
spark,150_10,1,12,gpu_merged_req,1938,1,0.122976
spark,150_10,1,12,gpu_merged_req,1939,1,0.062272
spark,150_10,1,12,gpu_merged_req,1940,1,0.21168
spark,150_10,1,12,gpu_merged_req,1941,1,0.104544
spark,150_10,1,12,gpu_merged_req,1942,1,0.068192
spark,150_10,1,12,gpu_merged_req,1943,1,0.169088
spark,150_10,1,12,gpu_merged_req,1944,1,0.211328
spark,150_10,1,12,gpu_merged_req,1945,1,0.227136
spark,150_10,1,12,gpu_merged_req,1946,1,0.21984
spark,150_10,1,12,gpu_merged_req,1947,1,0.102208
spark,150_10,1,12,gpu_merged_req,1948,1,0.179616
spark,150_10,1,12,gpu_merged_req,1949,1,0.18784
spark,150_10,1,12,gpu_merged_req,1950,1,0.163936
spark,150_10,1,12,gpu_merged_req,1951,1,0.198176
spark,150_10,1,12,gpu_merged_req,1952,1,0.209888
spark,150_10,1,12,gpu_merged_req,1953,1,0.06816
spark,150_10,1,12,gpu_merged_req,1954,1,0.163936
spark,150_10,1,12,gpu_merged_req,1955,1,0.016704
spark,150_10,1,12,gpu_merged_req,1956,1,0.219584
spark,150_10,1,12,gpu_merged_req,1957,1,0.174688
spark,150_10,1,12,gpu_merged_req,1958,1,0.15408
spark,150_10,1,12,gpu_merged_req,1959,1,0.076128
spark,150_10,1,12,gpu_merged_req,1960,1,0.191744
spark,150_10,1,12,gpu_merged_req,1961,1,0.169376
spark,150_10,1,12,gpu_merged_req,1962,1,0.153824
spark,150_10,1,12,gpu_merged_req,1963,1,0.23136
spark,150_10,1,12,gpu_merged_req,1964,1,0.0496
spark,150_10,1,12,gpu_merged_req,1965,1,0.123296
spark,150_10,1,12,gpu_merged_req,1966,1,0.226816
spark,150_10,1,12,gpu_merged_req,1967,1,0.222912
spark,150_10,1,12,gpu_merged_req,1968,1,0.049504
spark,150_10,1,12,gpu_merged_req,1969,1,0.07968
spark,150_10,1,12,gpu_merged_req,1970,1,0.095328
spark,150_10,1,12,gpu_merged_req,1971,1,0.019104
spark,150_10,1,12,gpu_merged_req,1972,1,0.118816
spark,150_10,1,12,gpu_merged_req,1973,1,0.100544
spark,150_10,1,12,gpu_merged_req,1974,1,0.1368
spark,150_10,1,12,gpu_merged_req,1975,1,0.022592
spark,150_10,1,12,gpu_merged_req,1976,1,0.120096
spark,150_10,1,12,gpu_merged_req,1977,1,0.0824
spark,150_10,1,12,gpu_merged_req,1978,1,0.226016
spark,150_10,1,12,gpu_merged_req,1979,1,0.230144
spark,150_10,1,12,gpu_merged_req,1980,1,0.079392
spark,150_10,1,12,gpu_merged_req,1981,1,0.066528
spark,150_10,1,12,gpu_merged_req,1982,1,0.222944
spark,150_10,1,12,gpu_merged_req,1983,1,0.209408
spark,150_10,1,12,gpu_merged_req,1984,1,0.115936
spark,150_10,1,12,gpu_merged_req,1985,1,0.129792
spark,150_10,1,12,gpu_merged_req,1986,1,0.113792
spark,150_10,1,12,gpu_merged_req,1987,1,0.141056
spark,150_10,1,12,gpu_merged_req,1988,1,0.217184
spark,150_10,1,12,gpu_merged_req,1989,1,0.21584
spark,150_10,1,12,gpu_merged_req,1990,1,0.199104
spark,150_10,1,12,gpu_merged_req,1991,1,0.124256
spark,150_10,1,12,gpu_merged_req,1992,1,0.116352
spark,150_10,1,12,gpu_merged_req,1993,1,0.183392
spark,150_10,1,12,gpu_merged_req,1994,1,0.190656
spark,150_10,1,12,gpu_merged_req,1995,2,0.202912
spark,150_10,1,12,gpu_merged_req,1996,2,0.22064
spark,150_10,1,12,gpu_merged_req,1997,2,0.143808
spark,150_10,1,12,gpu_merged_req,1998,1,0.060544
spark,150_10,1,12,gpu_merged_req,1999,1,0.169824
spark,150_10,1,12,gpu_merged_req,2000,1,0.19776
spark,150_10,1,12,gpu_merged_req,2001,1,0.051552
spark,150_10,1,12,gpu_merged_req,2002,1,0.198304
spark,150_10,1,12,gpu_merged_req,2003,1,0.050432
spark,150_10,1,12,gpu_merged_req,2004,1,0.225824
spark,150_10,1,12,gpu_merged_req,2005,1,0.14064
spark,150_10,1,12,gpu_merged_req,2006,1,0.183168
spark,150_10,1,12,gpu_merged_req,2007,1,0.125184
spark,150_10,1,12,gpu_merged_req,2008,1,0.20672
spark,150_10,1,12,gpu_merged_req,2009,1,0.22992
spark,150_10,1,12,gpu_merged_req,2010,1,0.180512
spark,150_10,1,12,gpu_merged_req,2011,1,0.175296
spark,150_10,1,12,gpu_merged_req,2012,1,0.198112
spark,150_10,1,12,gpu_merged_req,2013,1,0.185472
spark,150_10,1,12,gpu_merged_req,2014,1,0.134656
spark,150_10,1,12,gpu_merged_req,2015,1,0.10032
spark,150_10,1,12,gpu_merged_req,2016,1,0.063168
spark,150_10,1,12,gpu_merged_req,2017,1,0.127872
spark,150_10,1,12,gpu_merged_req,2018,1,0.133408
spark,150_10,1,12,gpu_merged_req,2019,1,0.163648
spark,150_10,1,12,gpu_merged_req,2020,1,0.150976
spark,150_10,1,12,gpu_merged_req,2021,1,0.13232
spark,150_10,1,12,gpu_merged_req,2022,1,0.180768
spark,150_10,1,12,gpu_merged_req,2023,1,0.22128
spark,150_10,1,12,gpu_merged_req,2024,1,0.022912
spark,150_10,1,12,gpu_merged_req,2025,1,0.13648
spark,150_10,1,12,gpu_merged_req,2026,1,0.03888
spark,150_10,1,12,gpu_merged_req,2027,1,0.14304
spark,150_10,1,12,gpu_merged_req,2028,1,0.11248
spark,150_10,1,12,gpu_merged_req,2029,1,0.16144
spark,150_10,1,12,gpu_merged_req,2030,1,0.213504
spark,150_10,1,12,gpu_merged_req,2031,1,0.031872
spark,150_10,1,12,gpu_merged_req,2032,1,0.222624
spark,150_10,1,12,gpu_merged_req,2033,1,0.030816
spark,150_10,1,12,gpu_merged_req,2034,1,0.227168
spark,150_10,1,12,gpu_merged_req,2035,1,0.175456
spark,150_10,1,12,gpu_merged_req,2036,1,0.098272
spark,150_10,1,12,gpu_merged_req,2037,1,0.217344
spark,150_10,1,12,gpu_merged_req,2038,1,0.152416
spark,150_10,1,12,gpu_merged_req,2039,1,0.1864
spark,150_10,1,12,gpu_merged_req,2040,1,0.226592
spark,150_10,1,12,gpu_merged_req,2041,1,0.128512
spark,150_10,1,12,gpu_merged_req,2042,1,0.126624
spark,150_10,1,12,gpu_merged_req,2043,1,0.175424
spark,150_10,1,12,gpu_merged_req,2044,1,0.201984
spark,150_10,1,12,gpu_merged_req,2045,1,0.138496
spark,150_10,1,12,gpu_merged_req,2046,1,0.062976
spark,150_10,1,12,gpu_merged_req,2047,1,0.067104
spark,150_10,1,12,gpu_merged_req,2048,1,0.09008
spark,150_10,1,12,gpu_merged_req,2049,1,0.122912
spark,150_10,1,12,gpu_merged_req,2050,1,0.017568
spark,150_10,1,12,gpu_merged_req,2051,1,0.062912
spark,150_10,1,12,gpu_merged_req,2052,1,0.033408
spark,150_10,1,12,gpu_merged_req,2053,1,0.109024
spark,150_10,1,12,gpu_merged_req,2054,1,0.143424
spark,150_10,1,12,gpu_merged_req,2055,1,0.089984
spark,150_10,1,12,gpu_merged_req,2056,1,0.113344
spark,150_10,1,12,gpu_merged_req,2057,1,0.032512
spark,150_10,1,12,gpu_merged_req,2058,1,0.112288
spark,150_10,1,12,gpu_merged_req,2059,1,0.10736
spark,150_10,1,12,gpu_merged_req,2060,1,0.225344
spark,150_10,1,12,gpu_merged_req,2061,1,0.079424
spark,150_10,1,12,gpu_merged_req,2062,1,0.063712
spark,150_10,1,12,gpu_merged_req,2063,1,0.164288
spark,150_10,1,12,gpu_merged_req,2064,1,0.18048
spark,150_10,1,12,gpu_merged_req,2065,1,0.180256
spark,150_10,1,12,gpu_merged_req,2066,1,0.19792
spark,150_10,1,12,gpu_merged_req,2067,1,0.14544
spark,150_10,1,12,gpu_merged_req,2068,1,0.051744
spark,150_10,1,12,gpu_merged_req,2069,1,0.22304
spark,150_10,1,12,gpu_merged_req,2070,1,0.17632
spark,150_10,1,12,gpu_merged_req,2071,1,0.202592
spark,150_10,1,12,gpu_merged_req,2072,1,0.205248
spark,150_10,1,12,gpu_merged_req,2073,2,0.179648
spark,150_10,1,12,gpu_merged_req,2074,2,0.22896
spark,150_10,1,12,gpu_merged_req,2075,2,0.183584
spark,150_10,1,12,gpu_merged_req,2076,1,0.209504
spark,150_10,1,12,gpu_merged_req,2077,1,0.21712
spark,150_10,1,12,gpu_merged_req,2078,1,0.18432
spark,150_10,1,12,gpu_merged_req,2079,1,0.210208
spark,150_10,1,12,gpu_merged_req,2080,1,0.068096
spark,150_10,1,12,gpu_merged_req,2081,1,0.118944
spark,150_10,1,12,gpu_merged_req,2082,1,0.092736
spark,150_10,1,12,gpu_merged_req,2083,1,0.096864
spark,150_10,1,12,gpu_merged_req,2084,1,0.170368
spark,150_10,1,12,gpu_merged_req,2085,1,0.171488
spark,150_10,1,12,gpu_merged_req,2086,1,0.18496
spark,150_10,1,12,gpu_merged_req,2087,1,0.120832
spark,150_10,1,12,gpu_merged_req,2088,1,0.065376
spark,150_10,1,12,gpu_merged_req,2089,1,0.16512
spark,150_10,1,12,gpu_merged_req,2090,1,0.04912
spark,150_10,1,12,gpu_merged_req,2091,1,0.018464
spark,150_10,1,12,gpu_merged_req,2092,1,0.196224
spark,150_10,1,12,gpu_merged_req,2093,1,0.032864
spark,150_10,1,12,gpu_merged_req,2094,1,0.033376
spark,150_10,1,12,gpu_merged_req,2095,1,0.15488
spark,150_10,1,12,gpu_merged_req,2096,1,0.197888
spark,150_10,1,12,gpu_merged_req,2097,1,0.062112
spark,150_10,1,12,gpu_merged_req,2098,1,0.225984
spark,150_10,1,12,gpu_merged_req,2099,1,0.225408
spark,150_10,1,12,gpu_merged_req,2100,1,0.21824
spark,150_10,1,12,gpu_merged_req,2101,2,0.191072
spark,150_10,1,12,gpu_merged_req,2102,1,0.114112
spark,150_10,1,12,gpu_merged_req,2103,1,0.104608
spark,150_10,1,12,gpu_merged_req,2104,1,0.10336
spark,150_10,1,12,gpu_merged_req,2105,1,0.095904
spark,150_10,1,12,gpu_merged_req,2106,1,0.193472
spark,150_10,1,12,gpu_merged_req,2107,1,0.08016
spark,150_10,1,12,gpu_merged_req,2108,1,0.16672
spark,150_10,1,12,gpu_merged_req,2109,1,0.218528
spark,150_10,1,12,gpu_merged_req,2110,1,0.185376
spark,150_10,1,12,gpu_merged_req,2111,1,0.150016
spark,150_10,1,12,gpu_merged_req,2112,1,0.125472
spark,150_10,1,12,gpu_merged_req,2113,1,0.201056
spark,150_10,1,12,gpu_merged_req,2114,1,0.218688
spark,150_10,1,12,gpu_merged_req,2115,1,0.1568
spark,150_10,1,12,gpu_merged_req,2116,1,0.164128
spark,150_10,1,12,gpu_merged_req,2117,1,0.101408
spark,150_10,1,12,gpu_merged_req,2118,1,0.2216
spark,150_10,1,12,gpu_merged_req,2119,1,0.195936
spark,150_10,1,12,gpu_merged_req,2120,2,0.229152
spark,150_10,1,12,gpu_merged_req,2121,1,0.174912
spark,150_10,1,12,gpu_merged_req,2122,1,0.194912
spark,150_10,1,12,gpu_merged_req,2123,1,0.108384
spark,150_10,1,12,gpu_merged_req,2124,1,0.149792
spark,150_10,1,12,gpu_merged_req,2125,1,0.141088
spark,150_10,1,12,gpu_merged_req,2126,1,0.127424
spark,150_10,1,12,gpu_merged_req,2127,1,0.112832
spark,150_10,1,12,gpu_merged_req,2128,1,0.193472
spark,150_10,1,12,gpu_merged_req,2129,1,0.1928
spark,150_10,1,12,gpu_merged_req,2130,1,0.18368
spark,150_10,1,12,gpu_merged_req,2131,1,0.137344
spark,150_10,1,12,gpu_merged_req,2132,1,0.163328
spark,150_10,1,12,gpu_merged_req,2133,1,0.077408
spark,150_10,1,12,gpu_merged_req,2134,1,0.08736
spark,150_10,1,12,gpu_merged_req,2135,1,0.046944
spark,150_10,1,12,gpu_merged_req,2136,1,0.166112
spark,150_10,1,12,gpu_merged_req,2137,1,0.13024
spark,150_10,1,12,gpu_merged_req,2138,1,0.092608
spark,150_10,1,12,gpu_merged_req,2139,1,0.162624
spark,150_10,1,12,gpu_merged_req,2140,1,0.21264
spark,150_10,1,12,gpu_merged_req,2141,1,0.203104
spark,150_10,1,12,gpu_merged_req,2142,1,0.084896
spark,150_10,1,12,gpu_merged_req,2143,1,0.120032
spark,150_10,1,12,gpu_merged_req,2144,1,0.223872
spark,150_10,1,12,gpu_merged_req,2145,1,0.077664
spark,150_10,1,12,gpu_merged_req,2146,1,0.219264
spark,150_10,1,12,gpu_merged_req,2147,1,0.200224
spark,150_10,1,12,gpu_merged_req,2148,1,0.168064
spark,150_10,1,12,gpu_merged_req,2149,1,0.07648
spark,150_10,1,12,gpu_merged_req,2150,1,0.130016
spark,150_10,1,12,gpu_merged_req,2151,1,0.198432
spark,150_10,1,12,gpu_merged_req,2152,1,0.109216
spark,150_10,1,12,gpu_merged_req,2153,1,0.138624
spark,150_10,1,12,gpu_merged_req,2154,1,0.114464
spark,150_10,1,12,gpu_merged_req,2155,1,0.184512
spark,150_10,1,12,gpu_merged_req,2156,1,0.048192
spark,150_10,1,12,gpu_merged_req,2157,1,0.227424
spark,150_10,1,12,gpu_merged_req,2158,1,0.18544
spark,150_10,1,12,gpu_merged_req,2159,1,0.155936
spark,150_10,1,12,gpu_merged_req,2160,1,0.175008
spark,150_10,1,12,gpu_merged_req,2161,1,0.1168
spark,150_10,1,12,gpu_merged_req,2162,1,0.169632
spark,150_10,1,12,gpu_merged_req,2163,1,0.107488
spark,150_10,1,12,gpu_merged_req,2164,1,0.1016
spark,150_10,1,12,gpu_merged_req,2165,1,0.147136
spark,150_10,1,12,gpu_merged_req,2166,1,0.173632
spark,150_10,1,12,gpu_merged_req,2167,1,0.21408
spark,150_10,1,12,gpu_merged_req,2168,1,0.195168
spark,150_10,1,12,gpu_merged_req,2169,1,0.223648
spark,150_10,1,12,gpu_merged_req,2170,1,0.19984
spark,150_10,1,12,gpu_merged_req,2171,1,0.051712
spark,150_10,1,12,gpu_merged_req,2172,1,0.08
spark,150_10,1,12,gpu_merged_req,2173,1,0.018176
spark,150_10,1,12,gpu_merged_req,2174,1,0.179968
spark,150_10,1,12,gpu_merged_req,2175,1,0.081696
spark,150_10,1,12,gpu_merged_req,2176,1,0.223616
spark,150_10,1,12,gpu_merged_req,2177,1,0.087072
spark,150_10,1,12,gpu_merged_req,2178,1,0.0176
spark,150_10,1,12,gpu_merged_req,2179,1,0.02064
spark,150_10,1,12,gpu_merged_req,2180,1,0.085312
spark,150_10,1,12,gpu_merged_req,2181,1,0.03248
spark,150_10,1,12,gpu_merged_req,2182,1,0.139616
spark,150_10,1,12,gpu_merged_req,2183,1,0.145152
spark,150_10,1,12,gpu_merged_req,2184,1,0.20784
spark,150_10,1,12,gpu_merged_req,2185,1,0.227136
spark,150_10,1,12,gpu_merged_req,2186,1,0.031872
spark,150_10,1,12,gpu_merged_req,2187,1,0.198496
spark,150_10,1,12,gpu_merged_req,2188,1,0.175712
spark,150_10,1,12,gpu_merged_req,2189,1,0.077664
spark,150_10,1,12,gpu_merged_req,2190,1,0.21248
spark,150_10,1,12,gpu_merged_req,2191,1,0.133184
spark,150_10,1,12,gpu_merged_req,2192,1,0.083488
spark,150_10,1,12,gpu_merged_req,2193,1,0.20656
spark,150_10,1,12,gpu_merged_req,2194,1,0.165984
spark,150_10,1,12,gpu_merged_req,2195,1,0.173152
spark,150_10,1,12,gpu_merged_req,2196,1,0.217184
spark,150_10,1,12,gpu_merged_req,2197,1,0.138336
spark,150_10,1,12,gpu_merged_req,2198,1,0.035488
spark,150_10,1,12,gpu_merged_req,2199,1,0.086304
spark,150_10,1,12,gpu_merged_req,2200,1,0.068768
spark,150_10,1,12,gpu_merged_req,2201,1,0.120928
spark,150_10,1,12,gpu_merged_req,2202,1,0.165824
spark,150_10,1,12,gpu_merged_req,2203,1,0.201344
spark,150_10,1,12,gpu_merged_req,2204,1,0.142624
spark,150_10,1,12,gpu_merged_req,2205,1,0.114656
spark,150_10,1,12,gpu_merged_req,2206,1,0.191168
spark,150_10,1,12,gpu_merged_req,2207,1,0.216224
spark,150_10,1,12,gpu_merged_req,2208,1,0.170144
spark,150_10,1,12,gpu_merged_req,2209,1,0.192096
spark,150_10,1,12,gpu_merged_req,2210,1,0.14128
spark,150_10,1,12,gpu_merged_req,2211,1,0.08304
spark,150_10,1,12,gpu_merged_req,2212,1,0.136352
spark,150_10,1,12,gpu_merged_req,2213,1,0.066976
spark,150_10,1,12,gpu_merged_req,2214,1,0.07936
spark,150_10,1,12,gpu_merged_req,2215,1,0.185536
spark,150_10,1,12,gpu_merged_req,2216,1,0.219232
spark,150_10,1,12,gpu_merged_req,2217,1,0.193856
spark,150_10,1,12,gpu_merged_req,2218,1,0.121184
spark,150_10,1,12,gpu_merged_req,2219,1,0.062272
spark,150_10,1,12,gpu_merged_req,2220,1,0.214432
spark,150_10,1,12,gpu_merged_req,2221,1,0.135776
spark,150_10,1,12,gpu_merged_req,2222,1,0.049696
spark,150_10,1,12,gpu_merged_req,2223,1,0.020608
spark,150_10,1,12,gpu_merged_req,2224,1,0.20112
spark,150_10,1,12,gpu_merged_req,2225,1,0.081792
spark,150_10,1,12,gpu_merged_req,2226,1,0.132128
spark,150_10,1,12,gpu_merged_req,2227,1,0.11824
spark,150_10,1,12,gpu_merged_req,2228,1,0.164384
spark,150_10,1,12,gpu_merged_req,2229,1,0.18336
spark,150_10,1,12,gpu_merged_req,2230,1,0.077152
spark,150_10,1,12,gpu_merged_req,2231,1,0.079904
spark,150_10,1,12,gpu_merged_req,2232,1,0.1912
spark,150_10,1,12,gpu_merged_req,2233,1,0.047904
spark,150_10,1,12,gpu_merged_req,2234,1,0.159584
spark,150_10,1,12,gpu_merged_req,2235,1,0.137056
spark,150_10,1,12,gpu_merged_req,2236,1,0.153728
spark,150_10,1,12,gpu_merged_req,2237,1,0.091424
spark,150_10,1,12,gpu_merged_req,2238,1,0.22384
spark,150_10,1,12,gpu_merged_req,2239,1,0.050688
spark,150_10,1,12,gpu_merged_req,2240,1,0.202496
spark,150_10,1,12,gpu_merged_req,2241,1,0.153984
spark,150_10,1,12,gpu_merged_req,2242,1,0.08432
spark,150_10,1,12,gpu_merged_req,2243,1,0.06496
spark,150_10,1,12,gpu_merged_req,2244,1,0.149568
spark,150_10,1,12,gpu_merged_req,2245,1,0.201184
spark,150_10,1,12,gpu_merged_req,2246,1,0.07008
spark,150_10,1,12,gpu_merged_req,2247,1,0.178752
spark,150_10,1,12,gpu_merged_req,2248,1,0.152
spark,150_10,1,12,gpu_merged_req,2249,1,0.145952
spark,150_10,1,12,gpu_merged_req,2250,1,0.128
spark,150_10,1,12,gpu_merged_req,2251,1,0.096928
spark,150_10,1,12,gpu_merged_req,2252,1,0.154336
spark,150_10,1,12,gpu_merged_req,2253,1,0.201056
spark,150_10,1,12,gpu_merged_req,2254,1,0.21824
spark,150_10,1,12,gpu_merged_req,2255,1,0.119584
spark,150_10,1,12,gpu_merged_req,2256,1,0.146048
spark,150_10,1,12,gpu_merged_req,2257,1,0.037088
spark,150_10,1,12,gpu_merged_req,2258,1,0.121376
spark,150_10,1,12,gpu_merged_req,2259,1,0.147776
spark,150_10,1,12,gpu_merged_req,2260,1,0.148992
spark,150_10,1,12,gpu_merged_req,2261,1,0.196896
spark,150_10,1,12,gpu_merged_req,2262,1,0.22912
spark,150_10,1,12,gpu_merged_req,2263,1,0.076192
spark,150_10,1,12,gpu_merged_req,2264,1,0.181472
spark,150_10,1,12,gpu_merged_req,2265,1,0.097056
spark,150_10,1,12,gpu_merged_req,2266,1,0.181536
spark,150_10,1,12,gpu_merged_req,2267,1,0.108512
spark,150_10,1,12,gpu_merged_req,2268,1,0.10944
spark,150_10,1,12,gpu_merged_req,2269,1,0.101056
spark,150_10,1,12,gpu_merged_req,2270,1,0.216832
spark,150_10,1,12,gpu_merged_req,2271,1,0.062304
spark,150_10,1,12,gpu_merged_req,2272,1,0.13504
spark,150_10,1,12,gpu_merged_req,2273,1,0.045664
spark,150_10,1,12,gpu_merged_req,2274,1,0.10448
spark,150_10,1,12,gpu_merged_req,2275,1,0.197184
spark,150_10,1,12,gpu_merged_req,2276,1,0.180768
spark,150_10,1,12,gpu_merged_req,2277,1,0.134176
spark,150_10,1,12,gpu_merged_req,2278,1,0.178304
spark,150_10,1,12,gpu_merged_req,2279,1,0.123552
spark,150_10,1,12,gpu_merged_req,2280,1,0.053568
spark,150_10,1,12,gpu_merged_req,2281,1,0.031904
spark,150_10,1,12,gpu_merged_req,2282,1,0.204512
spark,150_10,1,12,gpu_merged_req,2283,1,0.208352
spark,150_10,1,12,gpu_merged_req,2284,1,0.14512
spark,150_10,1,12,gpu_merged_req,2285,1,0.173632
spark,150_10,1,12,gpu_merged_req,2286,1,0.192736
spark,150_10,1,12,gpu_merged_req,2287,1,0.11584
spark,150_10,1,12,gpu_merged_req,2288,1,0.215872
spark,150_10,1,12,gpu_merged_req,2289,1,0.224512
spark,150_10,1,12,gpu_merged_req,2290,1,0.018656
spark,150_10,1,12,gpu_merged_req,2291,1,0.214528
spark,150_10,1,12,gpu_merged_req,2292,1,0.153632
spark,150_10,1,12,gpu_merged_req,2293,1,0.110304
spark,150_10,1,12,gpu_merged_req,2294,1,0.09312
spark,150_10,1,12,gpu_merged_req,2295,1,0.177568
spark,150_10,1,12,gpu_merged_req,2296,1,0.04688
spark,150_10,1,12,gpu_merged_req,2297,1,0.184
spark,150_10,1,12,gpu_merged_req,2298,1,0.22784
spark,150_10,1,12,gpu_merged_req,2299,1,0.181376
spark,150_10,1,12,gpu_merged_req,2300,1,0.18912
spark,150_10,1,12,gpu_merged_req,2301,1,0.226144
spark,150_10,1,12,gpu_merged_req,2302,1,0.155584
spark,150_10,1,12,gpu_merged_req,2303,1,0.017824
spark,150_10,1,12,gpu_merged_req,2304,1,0.101664
spark,150_10,1,12,gpu_merged_req,2305,1,0.150816
spark,150_10,1,12,gpu_merged_req,2306,1,0.180704
spark,150_10,1,12,gpu_merged_req,2307,1,0.135232
spark,150_10,1,12,gpu_merged_req,2308,1,0.212416
spark,150_10,1,12,gpu_merged_req,2309,1,0.232
spark,150_10,1,12,gpu_merged_req,2310,1,0.154176
spark,150_10,1,12,gpu_merged_req,2311,1,0.183648
spark,150_10,1,12,gpu_merged_req,2312,1,0.163776
spark,150_10,1,12,gpu_merged_req,2313,1,0.214816
spark,150_10,1,12,gpu_merged_req,2314,2,0.14832
spark,150_10,1,12,gpu_merged_req,2315,1,0.228352
spark,150_10,1,12,gpu_merged_req,2316,1,0.22768
spark,150_10,1,12,gpu_merged_req,2317,1,0.217632
spark,150_10,1,12,gpu_merged_req,2318,1,0.167296
spark,150_10,1,12,gpu_merged_req,2319,1,0.10048
spark,150_10,1,12,gpu_merged_req,2320,1,0.107008
spark,150_10,1,12,gpu_merged_req,2321,1,0.21648
spark,150_10,1,12,gpu_merged_req,2322,1,0.03648
spark,150_10,1,12,gpu_merged_req,2323,1,0.079904
spark,150_10,1,12,gpu_merged_req,2324,1,0.017664
spark,150_10,1,12,gpu_merged_req,2325,1,0.21648
spark,150_10,1,12,gpu_merged_req,2326,1,0.20288
spark,150_10,1,12,gpu_merged_req,2327,1,0.163264
spark,150_10,1,12,gpu_merged_req,2328,1,0.227264
spark,150_10,1,12,gpu_merged_req,2329,1,0.15488
spark,150_10,1,12,gpu_merged_req,2330,1,0.212288
spark,150_10,1,12,gpu_merged_req,2331,1,0.221408
spark,150_10,1,12,gpu_merged_req,2332,1,0.153056
spark,150_10,1,12,gpu_merged_req,2333,1,0.115712
spark,150_10,1,12,gpu_merged_req,2334,1,0.110496
spark,150_10,1,12,gpu_merged_req,2335,1,0.06464
spark,150_10,1,12,gpu_merged_req,2336,1,0.119264
spark,150_10,1,12,gpu_merged_req,2337,1,0.114048
spark,150_10,1,12,gpu_merged_req,2338,1,0.200128
spark,150_10,1,12,gpu_merged_req,2339,1,0.124768
spark,150_10,1,12,gpu_merged_req,2340,1,0.064576
spark,150_10,1,12,gpu_merged_req,2341,1,0.172384
spark,150_10,1,12,gpu_merged_req,2342,1,0.196672
spark,150_10,1,12,gpu_merged_req,2343,1,0.062048
spark,150_10,1,12,gpu_merged_req,2344,1,0.149792
spark,150_10,1,12,gpu_merged_req,2345,1,0.196064
spark,150_10,1,12,gpu_merged_req,2346,1,0.180512
spark,150_10,1,12,gpu_merged_req,2347,1,0.228928
spark,150_10,1,12,gpu_merged_req,2348,1,0.117664
spark,150_10,1,12,gpu_merged_req,2349,1,0.165088
spark,150_10,1,12,gpu_merged_req,2350,1,0.208448
spark,150_10,1,12,gpu_merged_req,2351,1,0.20224
spark,150_10,1,12,gpu_merged_req,2352,1,0.146816
spark,150_10,1,12,gpu_merged_req,2353,1,0.205984
spark,150_10,1,12,gpu_merged_req,2354,1,0.223904
spark,150_10,1,12,gpu_merged_req,2355,2,0.191552
spark,150_10,1,12,gpu_merged_req,2356,1,0.1888
spark,150_10,1,12,gpu_merged_req,2357,1,0.223488
spark,150_10,1,12,gpu_merged_req,2358,1,0.139104
spark,150_10,1,12,gpu_merged_req,2359,1,0.162592
spark,150_10,1,12,gpu_merged_req,2360,1,0.1592
spark,150_10,1,12,gpu_merged_req,2361,1,0.222368
spark,150_10,1,12,gpu_merged_req,2362,1,0.048448
spark,150_10,1,12,gpu_merged_req,2363,1,0.124544
spark,150_10,1,12,gpu_merged_req,2364,1,0.11616
spark,150_10,1,12,gpu_merged_req,2365,1,0.144608
spark,150_10,1,12,gpu_merged_req,2366,1,0.061888
spark,150_10,1,12,gpu_merged_req,2367,1,0.20384
spark,150_10,1,12,gpu_merged_req,2368,1,0.17296
spark,150_10,1,12,gpu_merged_req,2369,1,0.035072
spark,150_10,1,12,gpu_merged_req,2370,1,0.212
spark,150_10,1,12,gpu_merged_req,2371,1,0.211456
spark,150_10,1,12,gpu_merged_req,2372,1,0.192
spark,150_10,1,12,gpu_merged_req,2373,1,0.1312
spark,150_10,1,12,gpu_merged_req,2374,1,0.114912
spark,150_10,1,12,gpu_merged_req,2375,1,0.191904
spark,150_10,1,12,gpu_merged_req,2376,1,0.121024
spark,150_10,1,12,gpu_merged_req,2377,1,0.016544
spark,150_10,1,12,gpu_merged_req,2378,1,0.173216
spark,150_10,1,12,gpu_merged_req,2379,1,0.210336
spark,150_10,1,12,gpu_merged_req,2380,1,0.190176
spark,150_10,1,12,gpu_merged_req,2381,1,0.12
spark,150_10,1,12,gpu_merged_req,2382,1,0.155136
spark,150_10,1,12,gpu_merged_req,2383,1,0.023104
spark,150_10,1,12,gpu_merged_req,2384,1,0.174048
spark,150_10,1,12,gpu_merged_req,2385,1,0.047392
spark,150_10,1,12,gpu_merged_req,2386,1,0.22304
spark,150_10,1,12,gpu_merged_req,2387,1,0.197824
spark,150_10,1,12,gpu_merged_req,2388,1,0.221184
spark,150_10,1,12,gpu_merged_req,2389,1,0.033056
spark,150_10,1,12,gpu_merged_req,2390,1,0.22576
spark,150_10,1,12,gpu_merged_req,2391,1,0.079584
spark,150_10,1,12,gpu_merged_req,2392,1,0.206496
spark,150_10,1,12,gpu_merged_req,2393,1,0.104416
spark,150_10,1,12,gpu_merged_req,2394,1,0.127776
spark,150_10,1,12,gpu_merged_req,2395,1,0.063328
spark,150_10,1,12,gpu_merged_req,2396,1,0.170784
spark,150_10,1,12,gpu_merged_req,2397,1,0.167072
spark,150_10,1,12,gpu_merged_req,2398,1,0.16176
spark,150_10,1,12,gpu_merged_req,2399,1,0.190656
spark,150_10,1,12,gpu_merged_req,2400,1,0.232128
spark,150_10,1,12,gpu_merged_req,2401,1,0.19312
spark,150_10,1,12,gpu_merged_req,2402,1,0.222976
spark,150_10,1,12,gpu_merged_req,2403,1,0.14016
spark,150_10,1,12,gpu_merged_req,2404,1,0.147008
spark,150_10,1,12,gpu_merged_req,2405,1,0.221632
spark,150_10,1,12,gpu_merged_req,2406,1,0.145856
spark,150_10,1,12,gpu_merged_req,2407,1,0.08032
spark,150_10,1,12,gpu_merged_req,2408,1,0.045728
spark,150_10,1,12,gpu_merged_req,2409,1,0.076352
spark,150_10,1,12,gpu_merged_req,2410,1,0.189504
spark,150_10,1,12,gpu_merged_req,2411,1,0.10976
spark,150_10,1,12,gpu_merged_req,2412,1,0.14736
spark,150_10,1,12,gpu_merged_req,2413,1,0.11392
spark,150_10,1,12,gpu_merged_req,2414,1,0.144224
spark,150_10,1,12,gpu_merged_req,2415,1,0.019168
spark,150_10,1,12,gpu_merged_req,2416,1,0.197728
spark,150_10,1,12,gpu_merged_req,2417,1,0.094624
spark,150_10,1,12,gpu_merged_req,2418,1,0.22912
spark,150_10,1,12,gpu_merged_req,2419,1,0.220192
spark,150_10,1,12,gpu_merged_req,2420,1,0.227968
spark,150_10,1,12,gpu_merged_req,2421,1,0.154336
spark,150_10,1,12,gpu_merged_req,2422,1,0.1504
spark,150_10,1,12,gpu_merged_req,2423,1,0.222048
spark,150_10,1,12,gpu_merged_req,2424,1,0.080544
spark,150_10,1,12,gpu_merged_req,2425,1,0.130976
spark,150_10,1,12,gpu_merged_req,2426,1,0.165984
spark,150_10,1,12,gpu_merged_req,2427,1,0.119936
spark,150_10,1,12,gpu_merged_req,2428,1,0.087552
spark,150_10,1,12,gpu_merged_req,2429,1,0.125376
spark,150_10,1,12,gpu_merged_req,2430,1,0.121344
spark,150_10,1,12,gpu_merged_req,2431,1,0.175712
spark,150_10,1,12,gpu_merged_req,2432,1,0.140512
spark,150_10,1,12,gpu_merged_req,2433,2,0.182464
spark,150_10,1,12,gpu_merged_req,2434,1,0.225344
spark,150_10,1,12,gpu_merged_req,2435,1,0.205472
spark,150_10,1,12,gpu_merged_req,2436,2,0.225536
spark,150_10,1,12,gpu_merged_req,2437,1,0.177504
spark,150_10,1,12,gpu_merged_req,2438,1,0.219008
spark,150_10,1,12,gpu_merged_req,2439,1,0.140096
spark,150_10,1,12,gpu_merged_req,2440,1,0.1304
spark,150_10,1,12,gpu_merged_req,2441,1,0.047104
spark,150_10,1,12,gpu_merged_req,2442,1,0.200832
spark,150_10,1,12,gpu_merged_req,2443,1,0.178048
spark,150_10,1,12,gpu_merged_req,2444,1,0.192608
spark,150_10,1,12,gpu_merged_req,2445,1,0.110624
spark,150_10,1,12,gpu_merged_req,2446,1,0.164512
spark,150_10,1,12,gpu_merged_req,2447,1,0.190688
spark,150_10,1,12,gpu_merged_req,2448,1,0.186112
spark,150_10,1,12,gpu_merged_req,2449,1,0.16096
spark,150_10,1,12,gpu_merged_req,2450,1,0.167648
spark,150_10,1,12,gpu_merged_req,2451,1,0.185472
spark,150_10,1,12,gpu_merged_req,2452,1,0.119648
spark,150_10,1,12,gpu_merged_req,2453,1,0.099072
spark,150_10,1,12,gpu_merged_req,2454,1,0.130176
spark,150_10,1,12,gpu_merged_req,2455,1,0.063744
spark,150_10,1,12,gpu_merged_req,2456,1,0.151296
spark,150_10,1,12,gpu_merged_req,2457,1,0.1992
spark,150_10,1,12,gpu_merged_req,2458,1,0.19536
spark,150_10,1,12,gpu_merged_req,2459,1,0.080672
spark,150_10,1,12,gpu_merged_req,2460,1,0.10208
spark,150_10,1,12,gpu_merged_req,2461,1,0.159616
spark,150_10,1,12,gpu_merged_req,2462,1,0.060576
spark,150_10,1,12,gpu_merged_req,2463,1,0.154752
spark,150_10,1,12,gpu_merged_req,2464,1,0.065504
spark,150_10,1,12,gpu_merged_req,2465,1,0.188832
spark,150_10,1,12,gpu_merged_req,2466,1,0.205376
spark,150_10,1,12,gpu_merged_req,2467,1,0.179904
spark,150_10,1,12,gpu_merged_req,2468,1,0.1368
spark,150_10,1,12,gpu_merged_req,2469,1,0.143584
spark,150_10,1,12,gpu_merged_req,2470,1,0.158016
spark,150_10,1,12,gpu_merged_req,2471,1,0.2048
spark,150_10,1,12,gpu_merged_req,2472,1,0.2304
spark,150_10,1,12,gpu_merged_req,2473,1,0.224096
spark,150_10,1,12,gpu_merged_req,2474,1,0.179072
spark,150_10,1,12,gpu_merged_req,2475,1,0.065728
spark,150_10,1,12,gpu_merged_req,2476,1,0.227424
spark,150_10,1,12,gpu_merged_req,2477,1,0.03696
spark,150_10,1,12,gpu_merged_req,2478,1,0.159072
spark,150_10,1,12,gpu_merged_req,2479,1,0.090272
spark,150_10,1,12,gpu_merged_req,2480,1,0.093472
spark,150_10,1,12,gpu_merged_req,2481,1,0.158016
spark,150_10,1,12,gpu_merged_req,2482,1,0.020448
spark,150_10,1,12,gpu_merged_req,2483,1,0.191424
spark,150_10,1,12,gpu_merged_req,2484,1,0.207968
spark,150_10,1,12,gpu_merged_req,2485,1,0.177344
spark,150_10,1,12,gpu_merged_req,2486,1,0.170336
spark,150_10,1,12,gpu_merged_req,2487,1,0.151808
spark,150_10,1,12,gpu_merged_req,2488,1,0.233568
spark,150_10,1,12,gpu_merged_req,2489,1,0.124416
spark,150_10,1,12,gpu_merged_req,2490,1,0.22288
spark,150_10,1,12,gpu_merged_req,2491,1,0.0648
spark,150_10,1,12,gpu_merged_req,2492,1,0.143904
spark,150_10,1,12,gpu_merged_req,2493,1,0.120096
spark,150_10,1,12,gpu_merged_req,2494,1,0.17328
spark,150_10,1,12,gpu_merged_req,2495,2,0.183296
spark,150_10,1,12,gpu_merged_req,2496,2,0.187968
spark,150_10,1,12,gpu_merged_req,2497,1,0.146304
spark,150_10,1,12,gpu_merged_req,2498,1,0.085792
spark,150_10,1,12,gpu_merged_req,2499,1,0.224768
spark,150_10,1,12,gpu_merged_req,2500,1,0.139936
spark,150_10,1,12,gpu_merged_req,2501,1,0.077152
spark,150_10,1,12,gpu_merged_req,2502,1,0.23376
spark,150_10,1,12,gpu_merged_req,2503,1,0.083744
spark,150_10,1,12,gpu_merged_req,2504,1,0.06464
spark,150_10,1,12,gpu_merged_req,2505,1,0.16336
spark,150_10,1,12,gpu_merged_req,2506,1,0.191968
spark,150_10,1,12,gpu_merged_req,2507,1,0.186336
spark,150_10,1,12,gpu_merged_req,2508,1,0.209056
spark,150_10,1,12,gpu_merged_req,2509,1,0.088032
spark,150_10,1,12,gpu_merged_req,2510,1,0.217632
spark,150_10,1,12,gpu_merged_req,2511,1,0.111776
spark,150_10,1,12,gpu_merged_req,2512,1,0.164
spark,150_10,1,12,gpu_merged_req,2513,1,0.06224
spark,150_10,1,12,gpu_merged_req,2514,1,0.047488
spark,150_10,1,12,gpu_merged_req,2515,1,0.12544
spark,150_10,1,12,gpu_merged_req,2516,1,0.223584
spark,150_10,1,12,gpu_merged_req,2517,2,0.218464
spark,150_10,1,12,gpu_merged_req,2518,2,0.19936
spark,150_10,1,12,gpu_merged_req,2519,1,0.160064
spark,150_10,1,12,gpu_merged_req,2520,1,0.12384
spark,150_10,1,12,gpu_merged_req,2521,1,0.17712
spark,150_10,1,12,gpu_merged_req,2522,1,0.222496
spark,150_10,1,12,gpu_merged_req,2523,1,0.034336
spark,150_10,1,12,gpu_merged_req,2524,1,0.220384
spark,150_10,1,12,gpu_merged_req,2525,1,0.172832
spark,150_10,1,12,gpu_merged_req,2526,1,0.2208
spark,150_10,1,12,gpu_merged_req,2527,1,0.112288
spark,150_10,1,12,gpu_merged_req,2528,1,0.1984
spark,150_10,1,12,gpu_merged_req,2529,1,0.204352
spark,150_10,1,12,gpu_merged_req,2530,1,0.11824
spark,150_10,1,12,gpu_merged_req,2531,1,0.187904
spark,150_10,1,12,gpu_merged_req,2532,1,0.17216
spark,150_10,1,12,gpu_merged_req,2533,1,0.120096
spark,150_10,1,12,gpu_merged_req,2534,1,0.041024
spark,150_10,1,12,gpu_merged_req,2535,1,0.032768
spark,150_10,1,12,gpu_merged_req,2536,1,0.032416
spark,150_10,1,12,gpu_merged_req,2537,1,0.121408
spark,150_10,1,12,gpu_merged_req,2538,1,0.182912
spark,150_10,1,12,gpu_merged_req,2539,1,0.216
spark,150_10,1,12,gpu_merged_req,2540,1,0.062368
spark,150_10,1,12,gpu_merged_req,2541,1,0.223776
spark,150_10,1,12,gpu_merged_req,2542,1,0.147456
spark,150_10,1,12,gpu_merged_req,2543,1,0.172256
spark,150_10,1,12,gpu_merged_req,2544,1,0.106848
spark,150_10,1,12,gpu_merged_req,2545,1,0.187904
spark,150_10,1,12,gpu_merged_req,2546,1,0.177088
spark,150_10,1,12,gpu_merged_req,2547,1,0.094944
spark,150_10,1,12,gpu_merged_req,2548,1,0.227552
spark,150_10,1,12,gpu_merged_req,2549,1,0.083968
spark,150_10,1,12,gpu_merged_req,2550,1,0.032736
spark,150_10,1,12,gpu_merged_req,2551,1,0.187488
spark,150_10,1,12,gpu_merged_req,2552,1,0.088768
spark,150_10,1,12,gpu_merged_req,2553,1,0.178048
spark,150_10,1,12,gpu_merged_req,2554,1,0.21216
spark,150_10,1,12,gpu_merged_req,2555,1,0.049536
spark,150_10,1,12,gpu_merged_req,2556,1,0.117632
spark,150_10,1,12,gpu_merged_req,2557,1,0.090208
spark,150_10,1,12,gpu_merged_req,2558,1,0.108608
spark,150_10,1,12,gpu_merged_req,2559,1,0.16064
spark,150_10,1,12,gpu_merged_req,2560,1,0.047552
spark,150_10,1,12,gpu_merged_req,2561,1,0.180928
spark,150_10,1,12,gpu_merged_req,2562,1,0.0464
spark,150_10,1,12,gpu_merged_req,2563,1,0.181248
spark,150_10,1,12,gpu_merged_req,2564,1,0.208128
spark,150_10,1,12,gpu_merged_req,2565,1,0.2056
spark,150_10,1,12,gpu_merged_req,2566,1,0.196288
spark,150_10,1,12,gpu_merged_req,2567,1,0.211936
spark,150_10,1,12,gpu_merged_req,2568,1,0.217536
spark,150_10,1,12,gpu_merged_req,2569,1,0.06608
spark,150_10,1,12,gpu_merged_req,2570,1,0.139072
spark,150_10,1,12,gpu_merged_req,2571,1,0.152064
spark,150_10,1,12,gpu_merged_req,2572,1,0.189952
spark,150_10,1,12,gpu_merged_req,2573,1,0.208992
spark,150_10,1,12,gpu_merged_req,2574,1,0.212992
spark,150_10,1,12,gpu_merged_req,2575,1,0.166592
spark,150_10,1,12,gpu_merged_req,2576,1,0.1648
spark,150_10,1,12,gpu_merged_req,2577,1,0.035744
spark,150_10,1,12,gpu_merged_req,2578,1,0.035968
spark,150_10,1,12,gpu_merged_req,2579,1,0.106112
spark,150_10,1,12,gpu_merged_req,2580,1,0.031392
spark,150_10,1,12,gpu_merged_req,2581,1,0.197344
spark,150_10,1,12,gpu_merged_req,2582,1,0.182976
spark,150_10,1,12,gpu_merged_req,2583,1,0.132864
spark,150_10,1,12,gpu_merged_req,2584,1,0.121216
spark,150_10,1,12,gpu_merged_req,2585,1,0.201568
spark,150_10,1,12,gpu_merged_req,2586,1,0.20032
spark,150_10,1,12,gpu_merged_req,2587,1,0.199552
spark,150_10,1,12,gpu_merged_req,2588,1,0.09392
spark,150_10,1,12,gpu_merged_req,2589,1,0.075936
spark,150_10,1,12,gpu_merged_req,2590,1,0.1344
spark,150_10,1,12,gpu_merged_req,2591,1,0.231744
spark,150_10,1,12,gpu_merged_req,2592,1,0.050592
spark,150_10,1,12,gpu_merged_req,2593,1,0.157888
spark,150_10,1,12,gpu_merged_req,2594,1,0.179328
spark,150_10,1,12,gpu_merged_req,2595,1,0.175744
spark,150_10,1,12,gpu_merged_req,2596,1,0.052576
spark,150_10,1,12,gpu_merged_req,2597,1,0.036448
spark,150_10,1,12,gpu_merged_req,2598,1,0.051584
spark,150_10,1,12,gpu_merged_req,2599,1,0.193056
spark,150_10,1,12,gpu_merged_req,2600,1,0.196544
spark,150_10,1,12,gpu_merged_req,2601,1,0.207808
spark,150_10,1,12,gpu_merged_req,2602,1,0.186784
spark,150_10,1,12,gpu_merged_req,2603,1,0.151744
spark,150_10,1,12,gpu_merged_req,2604,1,0.225504
spark,150_10,1,12,gpu_merged_req,2605,1,0.12272
spark,150_10,1,12,gpu_merged_req,2606,1,0.06816
spark,150_10,1,12,gpu_merged_req,2607,1,0.065632
spark,150_10,1,12,gpu_merged_req,2608,1,0.164736
spark,150_10,1,12,gpu_merged_req,2609,1,0.021632
spark,150_10,1,12,gpu_merged_req,2610,1,0.118048
spark,150_10,1,12,gpu_merged_req,2611,1,0.134272
spark,150_10,1,12,gpu_merged_req,2612,1,0.123968
spark,150_10,1,12,gpu_merged_req,2613,1,0.102272
spark,150_10,1,12,gpu_merged_req,2614,1,0.2152
spark,150_10,1,12,gpu_merged_req,2615,1,0.21856
spark,150_10,1,12,gpu_merged_req,2616,1,0.196256
spark,150_10,1,12,gpu_merged_req,2617,1,0.168352
spark,150_10,1,12,gpu_merged_req,2618,1,0.203584
spark,150_10,1,12,gpu_merged_req,2619,1,0.083808
spark,150_10,1,12,gpu_merged_req,2620,1,0.081376
spark,150_10,1,12,gpu_merged_req,2621,1,0.207104
spark,150_10,1,12,gpu_merged_req,2622,1,0.107072
spark,150_10,1,12,gpu_merged_req,2623,1,0.122944
spark,150_10,1,12,gpu_merged_req,2624,1,0.148096
spark,150_10,1,12,gpu_merged_req,2625,1,0.209888
spark,150_10,1,12,gpu_merged_req,2626,1,0.102976
spark,150_10,1,12,gpu_merged_req,2627,1,0.132576
spark,150_10,1,12,gpu_merged_req,2628,1,0.021664
spark,150_10,1,12,gpu_merged_req,2629,1,0.033152
spark,150_10,1,12,gpu_merged_req,2630,1,0.15744
spark,150_10,1,12,gpu_merged_req,2631,1,0.222368
spark,150_10,1,12,gpu_merged_req,2632,1,0.210464
spark,150_10,1,12,gpu_merged_req,2633,1,0.210048
spark,150_10,1,12,gpu_merged_req,2634,1,0.207328
spark,150_10,1,12,gpu_merged_req,2635,1,0.180096
spark,150_10,1,12,gpu_merged_req,2636,1,0.183904
spark,150_10,1,12,gpu_merged_req,2637,1,0.12112
spark,150_10,1,12,gpu_merged_req,2638,1,0.211776
spark,150_10,1,12,gpu_merged_req,2639,1,0.162112
spark,150_10,1,12,gpu_merged_req,2640,2,0.12432
spark,150_10,1,12,gpu_merged_req,2641,1,0.145888
spark,150_10,1,12,gpu_merged_req,2642,1,0.122208
spark,150_10,1,12,gpu_merged_req,2643,1,0.19232
spark,150_10,1,12,gpu_merged_req,2644,1,0.125536
spark,150_10,1,12,gpu_merged_req,2645,1,0.144992
spark,150_10,1,12,gpu_merged_req,2646,1,0.082752
spark,150_10,1,12,gpu_merged_req,2647,1,0.13536
spark,150_10,1,12,gpu_merged_req,2648,1,0.021728
spark,150_10,1,12,gpu_merged_req,2649,1,0.0832
spark,150_10,1,12,gpu_merged_req,2650,1,0.155104
spark,150_10,1,12,gpu_merged_req,2651,1,0.203328
spark,150_10,1,12,gpu_merged_req,2652,1,0.210112
spark,150_10,1,12,gpu_merged_req,2653,1,0.164928
spark,150_10,1,12,gpu_merged_req,2654,1,0.22592
spark,150_10,1,12,gpu_merged_req,2655,1,0.097632
spark,150_10,1,12,gpu_merged_req,2656,1,0.135968
spark,150_10,1,12,gpu_merged_req,2657,1,0.04992
spark,150_10,1,12,gpu_merged_req,2658,1,0.12
spark,150_10,1,12,gpu_merged_req,2659,1,0.181504
spark,150_10,1,12,gpu_merged_req,2660,1,0.157408
spark,150_10,1,12,gpu_merged_req,2661,1,0.199616
spark,150_10,1,12,gpu_merged_req,2662,1,0.155936
spark,150_10,1,12,gpu_merged_req,2663,1,0.191808
spark,150_10,1,12,gpu_merged_req,2664,1,0.2216
spark,150_10,1,12,gpu_merged_req,2665,1,0.232128
spark,150_10,1,12,gpu_merged_req,2666,1,0.114496
spark,150_10,1,12,gpu_merged_req,2667,1,0.147808
spark,150_10,1,12,gpu_merged_req,2668,1,0.16176
spark,150_10,1,12,gpu_merged_req,2669,1,0.097472
spark,150_10,1,12,gpu_merged_req,2670,1,0.220224
spark,150_10,1,12,gpu_merged_req,2671,1,0.133728
spark,150_10,1,12,gpu_merged_req,2672,1,0.037024
spark,150_10,1,12,gpu_merged_req,2673,1,0.135104
spark,150_10,1,12,gpu_merged_req,2674,1,0.136288
spark,150_10,1,12,gpu_merged_req,2675,1,0.178432
spark,150_10,1,12,gpu_merged_req,2676,1,0.19888
spark,150_10,1,12,gpu_merged_req,2677,1,0.200512
spark,150_10,1,12,gpu_merged_req,2678,1,0.091104
spark,150_10,1,12,gpu_merged_req,2679,1,0.086336
spark,150_10,1,12,gpu_merged_req,2680,1,0.065888
spark,150_10,1,12,gpu_merged_req,2681,1,0.066848
spark,150_10,1,12,gpu_merged_req,2682,1,0.128128
spark,150_10,1,12,gpu_merged_req,2683,1,0.224896
spark,150_10,1,12,gpu_merged_req,2684,1,0.20912
spark,150_10,1,12,gpu_merged_req,2685,1,0.095648
spark,150_10,1,12,gpu_merged_req,2686,1,0.125216
spark,150_10,1,12,gpu_merged_req,2687,1,0.144192
spark,150_10,1,12,gpu_merged_req,2688,1,0.097536
spark,150_10,1,12,gpu_merged_req,2689,1,0.132128
spark,150_10,1,12,gpu_merged_req,2690,1,0.209504
spark,150_10,1,12,gpu_merged_req,2691,1,0.21232
spark,150_10,1,12,gpu_merged_req,2692,1,0.050496
spark,150_10,1,12,gpu_merged_req,2693,1,0.022464
spark,150_10,1,12,gpu_merged_req,2694,1,0.123904
spark,150_10,1,12,gpu_merged_req,2695,1,0.063072
spark,150_10,1,12,gpu_merged_req,2696,1,0.215424
spark,150_10,1,12,gpu_merged_req,2697,1,0.12656
spark,150_10,1,12,gpu_merged_req,2698,1,0.206752
spark,150_10,1,12,gpu_merged_req,2699,1,0.182848
spark,150_10,1,12,gpu_merged_req,2700,1,0.20976
spark,150_10,1,12,gpu_merged_req,2701,1,0.194688
spark,150_10,1,12,gpu_merged_req,2702,1,0.20704
spark,150_10,1,12,gpu_merged_req,2703,1,0.22384
spark,150_10,1,12,gpu_merged_req,2704,1,0.186976
spark,150_10,1,12,gpu_merged_req,2705,1,0.156896
spark,150_10,1,12,gpu_merged_req,2706,1,0.199008
spark,150_10,1,12,gpu_merged_req,2707,1,0.12784
spark,150_10,1,12,gpu_merged_req,2708,1,0.1784
spark,150_10,1,12,gpu_merged_req,2709,1,0.158048
spark,150_10,1,12,gpu_merged_req,2710,1,0.160352
spark,150_10,1,12,gpu_merged_req,2711,2,0.203424
spark,150_10,1,12,gpu_merged_req,2712,1,0.229984
spark,150_10,1,12,gpu_merged_req,2713,1,0.025728
spark,150_10,1,12,gpu_merged_req,2714,1,0.208288
spark,150_10,1,12,gpu_merged_req,2715,1,0.219264
spark,150_10,1,12,gpu_merged_req,2716,1,0.208384
spark,150_10,1,12,gpu_merged_req,2717,2,0.229056
spark,150_10,1,12,gpu_merged_req,2718,1,0.14576
spark,150_10,1,12,gpu_merged_req,2719,1,0.116544
spark,150_10,1,12,gpu_merged_req,2720,1,0.185184
spark,150_10,1,12,gpu_merged_req,2721,1,0.173984
spark,150_10,1,12,gpu_merged_req,2722,1,0.079488
spark,150_10,1,12,gpu_merged_req,2723,1,0.230496
spark,150_10,1,12,gpu_merged_req,2724,1,0.092576
spark,150_10,1,12,gpu_merged_req,2725,1,0.196736
spark,150_10,1,12,gpu_merged_req,2726,1,0.158944
spark,150_10,1,12,gpu_merged_req,2727,1,0.12624
spark,150_10,1,12,gpu_merged_req,2728,1,0.230688
spark,150_10,1,12,gpu_merged_req,2729,1,0.22272
spark,150_10,1,12,gpu_merged_req,2730,1,0.120992
spark,150_10,1,12,gpu_merged_req,2731,1,0.094208
spark,150_10,1,12,gpu_merged_req,2732,1,0.020576
spark,150_10,1,12,gpu_merged_req,2733,1,0.219872
spark,150_10,1,12,gpu_merged_req,2734,1,0.169888
spark,150_10,1,12,gpu_merged_req,2735,1,0.232224
spark,150_10,1,12,gpu_merged_req,2736,1,0.177792
spark,150_10,1,12,gpu_merged_req,2737,1,0.070784
spark,150_10,1,12,gpu_merged_req,2738,1,0.134624
spark,150_10,1,12,gpu_merged_req,2739,1,0.14384
spark,150_10,1,12,gpu_merged_req,2740,1,0.052384
spark,150_10,1,12,gpu_merged_req,2741,1,0.017536
spark,150_10,1,12,gpu_merged_req,2742,1,0.198112
spark,150_10,1,12,gpu_merged_req,2743,1,0.205952
spark,150_10,1,12,gpu_merged_req,2744,2,0.18128
spark,150_10,1,12,gpu_merged_req,2745,2,0.169184
spark,150_10,1,12,gpu_merged_req,2746,1,0.160992
spark,150_10,1,12,gpu_merged_req,2747,1,0.16512
spark,150_10,1,12,gpu_merged_req,2748,1,0.019136
spark,150_10,1,12,gpu_merged_req,2749,1,0.15648
spark,150_10,1,12,gpu_merged_req,2750,1,0.112224
spark,150_10,1,12,gpu_merged_req,2751,1,0.159264
spark,150_10,1,12,gpu_merged_req,2752,1,0.121792
spark,150_10,1,12,gpu_merged_req,2753,1,0.066208
spark,150_10,1,12,gpu_merged_req,2754,1,0.134112
spark,150_10,1,12,gpu_merged_req,2755,1,0.078176
spark,150_10,1,12,gpu_merged_req,2756,1,0.019776
spark,150_10,1,12,gpu_merged_req,2757,1,0.09552
spark,150_10,1,12,gpu_merged_req,2758,1,0.07952
spark,150_10,1,12,gpu_merged_req,2759,1,0.097472
spark,150_10,1,12,gpu_merged_req,2760,1,0.066048
spark,150_10,1,12,gpu_merged_req,2761,1,0.229248
spark,150_10,1,12,gpu_merged_req,2762,1,0.171872
spark,150_10,1,12,gpu_merged_req,2763,1,0.19472
spark,150_10,1,12,gpu_merged_req,2764,1,0.225312
spark,150_10,1,12,gpu_merged_req,2765,1,0.10464
spark,150_10,1,12,gpu_merged_req,2766,1,0.207264
spark,150_10,1,12,gpu_merged_req,2767,1,0.233728
spark,150_10,1,12,gpu_merged_req,2768,1,0.061472
spark,150_10,1,12,gpu_merged_req,2769,1,0.161248
spark,150_10,1,12,gpu_merged_req,2770,1,0.207744
spark,150_10,1,12,gpu_merged_req,2771,1,0.186944
spark,150_10,1,12,gpu_merged_req,2772,1,0.15152
spark,150_10,1,12,gpu_merged_req,2773,1,0.181088
spark,150_10,1,12,gpu_merged_req,2774,1,0.160928
spark,150_10,1,12,gpu_merged_req,2775,1,0.1824
spark,150_10,1,12,gpu_merged_req,2776,1,0.11456
spark,150_10,1,12,gpu_merged_req,2777,1,0.147232
spark,150_10,1,12,gpu_merged_req,2778,1,0.207392
spark,150_10,1,12,gpu_merged_req,2779,1,0.23072
spark,150_10,1,12,gpu_merged_req,2780,1,0.108672
spark,150_10,1,12,gpu_merged_req,2781,1,0.061888
spark,150_10,1,12,gpu_merged_req,2782,1,0.034944
spark,150_10,1,12,gpu_merged_req,2783,1,0.089504
spark,150_10,1,12,gpu_merged_req,2784,1,0.21392
spark,150_10,1,12,gpu_merged_req,2785,1,0.183392
spark,150_10,1,12,gpu_merged_req,2786,1,0.122144
spark,150_10,1,12,gpu_merged_req,2787,1,0.232192
spark,150_10,1,12,gpu_merged_req,2788,1,0.034592
spark,150_10,1,12,gpu_merged_req,2789,1,0.10064
spark,150_10,1,12,gpu_merged_req,2790,1,0.108288
spark,150_10,1,12,gpu_merged_req,2791,1,0.159584
spark,150_10,1,12,gpu_merged_req,2792,1,0.194048
spark,150_10,1,12,gpu_merged_req,2793,1,0.137856
spark,150_10,1,12,gpu_merged_req,2794,1,0.105312
spark,150_10,1,12,gpu_merged_req,2795,1,0.086496
spark,150_10,1,12,gpu_merged_req,2796,1,0.219264
spark,150_10,1,12,gpu_merged_req,2797,1,0.2008
spark,150_10,1,12,gpu_merged_req,2798,1,0.226048
spark,150_10,1,12,gpu_merged_req,2799,1,0.13056
spark,150_10,1,12,gpu_merged_req,2800,1,0.094336
spark,150_10,1,12,gpu_merged_req,2801,1,0.190944
spark,150_10,1,12,gpu_merged_req,2802,1,0.225888
spark,150_10,1,12,gpu_merged_req,2803,1,0.176288
spark,150_10,1,12,gpu_merged_req,2804,1,0.188992
spark,150_10,1,12,gpu_merged_req,2805,1,0.134176
spark,150_10,1,12,gpu_merged_req,2806,1,0.210048
spark,150_10,1,12,gpu_merged_req,2807,1,0.121984
spark,150_10,1,12,gpu_merged_req,2808,1,0.179168
spark,150_10,1,12,gpu_merged_req,2809,1,0.213216
spark,150_10,1,12,gpu_merged_req,2810,1,0.194784
spark,150_10,1,12,gpu_merged_req,2811,1,0.065216
spark,150_10,1,12,gpu_merged_req,2812,1,0.089728
spark,150_10,1,12,gpu_merged_req,2813,1,0.075008
spark,150_10,1,12,gpu_merged_req,2814,1,0.200704
spark,150_10,1,12,gpu_merged_req,2815,1,0.215168
spark,150_10,1,12,gpu_merged_req,2816,1,0.133536
spark,150_10,1,12,gpu_merged_req,2817,1,0.13904
spark,150_10,1,12,gpu_merged_req,2818,1,0.224608
spark,150_10,1,12,gpu_merged_req,2819,1,0.054016
spark,150_10,1,12,gpu_merged_req,2820,1,0.11072
spark,150_10,1,12,gpu_merged_req,2821,1,0.140224
spark,150_10,1,12,gpu_merged_req,2822,1,0.15504
spark,150_10,1,12,gpu_merged_req,2823,1,0.219712
spark,150_10,1,12,gpu_merged_req,2824,1,0.147424
spark,150_10,1,12,gpu_merged_req,2825,1,0.189888
spark,150_10,1,12,gpu_merged_req,2826,1,0.091488
spark,150_10,1,12,gpu_merged_req,2827,1,0.120832
spark,150_10,1,12,gpu_merged_req,2828,1,0.033376
spark,150_10,1,12,gpu_merged_req,2829,1,0.19904
spark,150_10,1,12,gpu_merged_req,2830,1,0.175168
spark,150_10,1,12,gpu_merged_req,2831,1,0.165312
spark,150_10,1,12,gpu_merged_req,2832,1,0.129568
spark,150_10,1,12,gpu_merged_req,2833,1,0.03504
spark,150_10,1,12,gpu_merged_req,2834,1,0.114784
spark,150_10,1,12,gpu_merged_req,2835,1,0.062112
spark,150_10,1,12,gpu_merged_req,2836,1,0.194976
spark,150_10,1,12,gpu_merged_req,2837,1,0.075296
spark,150_10,1,12,gpu_merged_req,2838,1,0.06128
spark,150_10,1,12,gpu_merged_req,2839,1,0.212704
spark,150_10,1,12,gpu_merged_req,2840,1,0.22416
spark,150_10,1,12,gpu_merged_req,2841,1,0.163392
spark,150_10,1,12,gpu_merged_req,2842,1,0.217312
spark,150_10,1,12,gpu_merged_req,2843,1,0.06544
spark,150_10,1,12,gpu_merged_req,2844,1,0.067008
spark,150_10,1,12,gpu_merged_req,2845,1,0.021024
spark,150_10,1,12,gpu_merged_req,2846,1,0.162976
spark,150_10,1,12,gpu_merged_req,2847,1,0.18016
spark,150_10,1,12,gpu_merged_req,2848,1,0.11744
spark,150_10,1,12,gpu_merged_req,2849,1,0.090016
spark,150_10,1,12,gpu_merged_req,2850,1,0.15712
spark,150_10,1,12,gpu_merged_req,2851,1,0.023776
spark,150_10,1,12,gpu_merged_req,2852,1,0.220672
spark,150_10,1,12,gpu_merged_req,2853,1,0.224416
spark,150_10,1,12,gpu_merged_req,2854,1,0.132768
spark,150_10,1,12,gpu_merged_req,2855,1,0.20368
spark,150_10,1,12,gpu_merged_req,2856,1,0.048096
spark,150_10,1,12,gpu_merged_req,2857,1,0.224832
spark,150_10,1,12,gpu_merged_req,2858,1,0.183808
spark,150_10,1,12,gpu_merged_req,2859,1,0.221824
spark,150_10,1,12,gpu_merged_req,2860,1,0.20192
spark,150_10,1,12,gpu_merged_req,2861,1,0.150848
spark,150_10,1,12,gpu_merged_req,2862,1,0.156064
spark,150_10,1,12,gpu_merged_req,2863,1,0.184096
spark,150_10,1,12,gpu_merged_req,2864,1,0.215136
spark,150_10,1,12,gpu_merged_req,2865,1,0.113216
spark,150_10,1,12,gpu_merged_req,2866,1,0.076288
spark,150_10,1,12,gpu_merged_req,2867,1,0.206944
spark,150_10,1,12,gpu_merged_req,2868,1,0.227648
spark,150_10,1,12,gpu_merged_req,2869,1,0.204128
spark,150_10,1,12,gpu_merged_req,2870,1,0.230336
spark,150_10,1,12,gpu_merged_req,2871,1,0.220288
spark,150_10,1,12,gpu_merged_req,2872,1,0.047584
spark,150_10,1,12,gpu_merged_req,2873,1,0.050368
spark,150_10,1,12,gpu_merged_req,2874,1,0.2104
spark,150_10,1,12,gpu_merged_req,2875,1,0.170272
spark,150_10,1,12,gpu_merged_req,2876,1,0.199936
spark,150_10,1,12,gpu_merged_req,2877,1,0.129824
spark,150_10,1,12,gpu_merged_req,2878,2,0.161312
spark,150_10,1,12,gpu_merged_req,2879,1,0.210848
spark,150_10,1,12,gpu_merged_req,2880,1,0.021312
spark,150_10,1,12,gpu_merged_req,2881,1,0.064864
spark,150_10,1,12,gpu_merged_req,2882,1,0.105408
spark,150_10,1,12,gpu_merged_req,2883,1,0.128448
spark,150_10,1,12,gpu_merged_req,2884,1,0.17216
spark,150_10,1,12,gpu_merged_req,2885,1,0.065312
spark,150_10,1,12,gpu_merged_req,2886,1,0.117248
spark,150_10,1,12,gpu_merged_req,2887,1,0.2072
spark,150_10,1,12,gpu_merged_req,2888,1,0.0352
spark,150_10,1,12,gpu_merged_req,2889,1,0.189824
spark,150_10,1,12,gpu_merged_req,2890,1,0.09744
spark,150_10,1,12,gpu_merged_req,2891,1,0.146368
spark,150_10,1,12,gpu_merged_req,2892,1,0.120448
spark,150_10,1,12,gpu_merged_req,2893,1,0.147904
spark,150_10,1,12,gpu_merged_req,2894,1,0.213632
spark,150_10,1,12,gpu_merged_req,2895,1,0.209984
spark,150_10,1,12,gpu_merged_req,2896,1,0.231232
spark,150_10,1,12,gpu_merged_req,2897,1,0.149952
spark,150_10,1,12,gpu_merged_req,2898,1,0.193536
spark,150_10,1,12,gpu_merged_req,2899,1,0.223904
spark,150_10,1,12,gpu_merged_req,2900,1,0.161696
spark,150_10,1,12,gpu_merged_req,2901,1,0.02064
spark,150_10,1,12,gpu_merged_req,2902,1,0.206912
spark,150_10,1,12,gpu_merged_req,2903,1,0.068096
spark,150_10,1,12,gpu_merged_req,2904,1,0.067072
spark,150_10,1,12,gpu_merged_req,2905,1,0.168256
spark,150_10,1,12,gpu_merged_req,2906,1,0.204736
spark,150_10,1,12,gpu_merged_req,2907,1,0.228768
spark,150_10,1,12,gpu_merged_req,2908,1,0.203936
spark,150_10,1,12,gpu_merged_req,2909,1,0.18208
spark,150_10,1,12,gpu_merged_req,2910,1,0.082656
spark,150_10,1,12,gpu_merged_req,2911,1,0.126784
spark,150_10,1,12,gpu_merged_req,2912,1,0.122048
spark,150_10,1,12,gpu_merged_req,2913,1,0.139296
spark,150_10,1,12,gpu_merged_req,2914,1,0.183456
spark,150_10,1,12,gpu_merged_req,2915,1,0.18992
spark,150_10,1,12,gpu_merged_req,2916,1,0.04976
spark,150_10,1,12,gpu_merged_req,2917,1,0.155712
spark,150_10,1,12,gpu_merged_req,2918,1,0.023136
spark,150_10,1,12,gpu_merged_req,2919,1,0.147104
spark,150_10,1,12,gpu_merged_req,2920,1,0.065664
spark,150_10,1,12,gpu_merged_req,2921,1,0.0792
spark,150_10,1,12,gpu_merged_req,2922,1,0.175936
spark,150_10,1,12,gpu_merged_req,2923,1,0.225504
spark,150_10,1,12,gpu_merged_req,2924,1,0.204768
spark,150_10,1,12,gpu_merged_req,2925,1,0.17872
spark,150_10,1,12,gpu_merged_req,2926,1,0.232
spark,150_10,1,12,gpu_merged_req,2927,1,0.212416
spark,150_10,1,12,gpu_merged_req,2928,1,0.031392
spark,150_10,1,12,gpu_merged_req,2929,1,0.182688
spark,150_10,1,12,gpu_merged_req,2930,1,0.228736
spark,150_10,1,12,gpu_merged_req,2931,1,0.191776
spark,150_10,1,12,gpu_merged_req,2932,1,0.231232
spark,150_10,1,12,gpu_merged_req,2933,1,0.1608
spark,150_10,1,12,gpu_merged_req,2934,1,0.101984
spark,150_10,1,12,gpu_merged_req,2935,1,0.081984
spark,150_10,1,12,gpu_merged_req,2936,1,0.20576
spark,150_10,1,12,gpu_merged_req,2937,1,0.1664
spark,150_10,1,12,gpu_merged_req,2938,1,0.130848
spark,150_10,1,12,gpu_merged_req,2939,1,0.215808
spark,150_10,1,12,gpu_merged_req,2940,1,0.212608
spark,150_10,1,12,gpu_merged_req,2941,1,0.106592
spark,150_10,1,12,gpu_merged_req,2942,1,0.097568
spark,150_10,1,12,gpu_merged_req,2943,1,0.037024
spark,150_10,1,12,gpu_merged_req,2944,1,0.14448
spark,150_10,1,12,gpu_merged_req,2945,1,0.168512
spark,150_10,1,12,gpu_merged_req,2946,1,0.22032
spark,150_10,1,12,gpu_merged_req,2947,1,0.22032
spark,150_10,1,12,gpu_merged_req,2948,1,0.17264
spark,150_10,1,12,gpu_merged_req,2949,1,0.128064
spark,150_10,1,12,gpu_merged_req,2950,1,0.130208
spark,150_10,1,12,gpu_merged_req,2951,1,0.032928
spark,150_10,1,12,gpu_merged_req,2952,1,0.16096
spark,150_10,1,12,gpu_merged_req,2953,1,0.171168
spark,150_10,1,12,gpu_merged_req,2954,1,0.204704
spark,150_10,1,12,gpu_merged_req,2955,1,0.034176
spark,150_10,1,12,gpu_merged_req,2956,1,0.222144
spark,150_10,1,12,gpu_merged_req,2957,1,0.068448
spark,150_10,1,12,gpu_merged_req,2958,1,0.02448
spark,150_10,1,12,gpu_merged_req,2959,1,0.126848
spark,150_10,1,12,gpu_merged_req,2960,1,0.140416
spark,150_10,1,12,gpu_merged_req,2961,1,0.10368
spark,150_10,1,12,gpu_merged_req,2962,1,0.225408
spark,150_10,1,12,gpu_merged_req,2963,1,0.051104
spark,150_10,1,12,gpu_merged_req,2964,1,0.078528
spark,150_10,1,12,gpu_merged_req,2965,1,0.18448
spark,150_10,1,12,gpu_merged_req,2966,1,0.191616
spark,150_10,1,12,gpu_merged_req,2967,1,0.092768
spark,150_10,1,12,gpu_merged_req,2968,1,0.223904
spark,150_10,1,12,gpu_merged_req,2969,2,0.154272
spark,150_10,1,12,gpu_merged_req,2970,1,0.149504
spark,150_10,1,12,gpu_merged_req,2971,1,0.07712
spark,150_10,1,12,gpu_merged_req,2972,1,0.129056
spark,150_10,1,12,gpu_merged_req,2973,1,0.194016
spark,150_10,1,12,gpu_merged_req,2974,1,0.209888
spark,150_10,1,12,gpu_merged_req,2975,1,0.216768
spark,150_10,1,12,gpu_merged_req,2976,1,0.188064
spark,150_10,1,12,gpu_merged_req,2977,1,0.217184
spark,150_10,1,12,gpu_merged_req,2978,1,0.228416
spark,150_10,1,12,gpu_merged_req,2979,1,0.18256
spark,150_10,1,12,gpu_merged_req,2980,1,0.15312
spark,150_10,1,12,gpu_merged_req,2981,1,0.20736
spark,150_10,1,12,gpu_merged_req,2982,1,0.1624
spark,150_10,1,12,gpu_merged_req,2983,1,0.165056
spark,150_10,1,12,gpu_merged_req,2984,1,0.195776
spark,150_10,1,12,gpu_merged_req,2985,1,0.033824
spark,150_10,1,12,gpu_merged_req,2986,1,0.12816
spark,150_10,1,12,gpu_merged_req,2987,1,0.193696
spark,150_10,1,12,gpu_merged_req,2988,1,0.161504
spark,150_10,1,12,gpu_merged_req,2989,1,0.216832
spark,150_10,1,12,gpu_merged_req,2990,2,0.179552
spark,150_10,1,12,gpu_merged_req,2991,2,0.222976
spark,150_10,1,12,gpu_merged_req,2992,1,0.049664
spark,150_10,1,12,gpu_merged_req,2993,1,0.204096
spark,150_10,1,12,gpu_merged_req,2994,1,0.110752
spark,150_10,1,12,gpu_merged_req,2995,1,0.06512
spark,150_10,1,12,gpu_merged_req,2996,1,0.021152
spark,150_10,1,12,gpu_merged_req,2997,1,0.141888
spark,150_10,1,12,gpu_merged_req,2998,1,0.178496
spark,150_10,1,12,gpu_merged_req,2999,1,0.075808
spark,150_10,1,12,gpu_merged_req,3000,1,0.032544
spark,150_10,1,12,gpu_merged_req,3001,1,0.200864
spark,150_10,1,12,gpu_merged_req,3002,1,0.15648
spark,150_10,1,12,gpu_merged_req,3003,1,0.161216
spark,150_10,1,12,gpu_merged_req,3004,1,0.18784
spark,150_10,1,12,gpu_merged_req,3005,1,0.128512
spark,150_10,1,12,gpu_merged_req,3006,1,0.226048
spark,150_10,1,12,gpu_merged_req,3007,1,0.084448
spark,150_10,1,12,gpu_merged_req,3008,1,0.069536
spark,150_10,1,12,gpu_merged_req,3009,1,0.085184
spark,150_10,1,12,gpu_merged_req,3010,1,0.050336
spark,150_10,1,12,gpu_merged_req,3011,1,0.02032
spark,150_10,1,12,gpu_merged_req,3012,1,0.09504
spark,150_10,1,12,gpu_merged_req,3013,1,0.098016
spark,150_10,1,12,gpu_merged_req,3014,1,0.139392
spark,150_10,1,12,gpu_merged_req,3015,1,0.149632
spark,150_10,1,12,gpu_merged_req,3016,1,0.218304
spark,150_10,1,12,gpu_merged_req,3017,1,0.034112
spark,150_10,1,12,gpu_merged_req,3018,1,0.106656
spark,150_10,1,12,gpu_merged_req,3019,1,0.166624
spark,150_10,1,12,gpu_merged_req,3020,1,0.076576
spark,150_10,1,12,gpu_merged_req,3021,1,0.020096
spark,150_10,1,12,gpu_merged_req,3022,1,0.104032
spark,150_10,1,12,gpu_merged_req,3023,1,0.067904
spark,150_10,1,12,gpu_merged_req,3024,1,0.224128
spark,150_10,1,12,gpu_merged_req,3025,1,0.045952
spark,150_10,1,12,gpu_merged_req,3026,1,0.047968
spark,150_10,1,12,gpu_merged_req,3027,1,0.228064
spark,150_10,1,12,gpu_merged_req,3028,1,0.130848
spark,150_10,1,12,gpu_merged_req,3029,1,0.04992
spark,150_10,1,12,gpu_merged_req,3030,1,0.197504
spark,150_10,1,12,gpu_merged_req,3031,1,0.210112
spark,150_10,1,12,gpu_merged_req,3032,1,0.137984
spark,150_10,1,12,gpu_merged_req,3033,1,0.217408
spark,150_10,1,12,gpu_merged_req,3034,1,0.195168
spark,150_10,1,12,gpu_merged_req,3035,1,0.1792
spark,150_10,1,12,gpu_merged_req,3036,1,0.12272
spark,150_10,1,12,gpu_merged_req,3037,1,0.231936
spark,150_10,1,12,gpu_merged_req,3038,1,0.103712
spark,150_10,1,12,gpu_merged_req,3039,1,0.112928
spark,150_10,1,12,gpu_merged_req,3040,1,0.118976
spark,150_10,1,12,gpu_merged_req,3041,1,0.221248
spark,150_10,1,12,gpu_merged_req,3042,1,0.154304
spark,150_10,1,12,gpu_merged_req,3043,1,0.175584
spark,150_10,1,12,gpu_merged_req,3044,2,0.195808
spark,150_10,1,12,gpu_merged_req,3045,1,0.209568
spark,150_10,1,12,gpu_merged_req,3046,1,0.172128
spark,150_10,1,12,gpu_merged_req,3047,1,0.180256
spark,150_10,1,12,gpu_merged_req,3048,1,0.220192
spark,150_10,1,12,gpu_merged_req,3049,1,0.130688
spark,150_10,1,12,gpu_merged_req,3050,1,0.115712
spark,150_10,1,12,gpu_merged_req,3051,1,0.228448
spark,150_10,1,12,gpu_merged_req,3052,1,0.093824
spark,150_10,1,12,gpu_merged_req,3053,1,0.104672
spark,150_10,1,12,gpu_merged_req,3054,1,0.18992
spark,150_10,1,12,gpu_merged_req,3055,1,0.128672
spark,150_10,1,12,gpu_merged_req,3056,1,0.016352
spark,150_10,1,12,gpu_merged_req,3057,1,0.180032
spark,150_10,1,12,gpu_merged_req,3058,1,0.15152
spark,150_10,1,12,gpu_merged_req,3059,1,0.083392
spark,150_10,1,12,gpu_merged_req,3060,1,0.124416
spark,150_10,1,12,gpu_merged_req,3061,1,0.204832
spark,150_10,1,12,gpu_merged_req,3062,1,0.203264
spark,150_10,1,12,gpu_merged_req,3063,1,0.149184
spark,150_10,1,12,gpu_merged_req,3064,1,0.141664
spark,150_10,1,12,gpu_merged_req,3065,1,0.049632
spark,150_10,1,12,gpu_merged_req,3066,1,0.137664
spark,150_10,1,12,gpu_merged_req,3067,1,0.194208
spark,150_10,1,12,gpu_merged_req,3068,1,0.164352
spark,150_10,1,12,gpu_merged_req,3069,1,0.017728
spark,150_10,1,12,gpu_merged_req,3070,1,0.195616
spark,150_10,1,12,gpu_merged_req,3071,1,0.224896
spark,150_10,1,12,gpu_merged_req,3072,1,0.140736
spark,150_10,1,12,gpu_merged_req,3073,1,0.208
spark,150_10,1,12,gpu_merged_req,3074,1,0.180384
spark,150_10,1,12,gpu_merged_req,3075,1,0.153856
spark,150_10,1,12,gpu_merged_req,3076,1,0.124064
spark,150_10,1,12,gpu_merged_req,3077,1,0.067072
spark,150_10,1,12,gpu_merged_req,3078,1,0.035104
spark,150_10,1,12,gpu_merged_req,3079,1,0.158336
spark,150_10,1,12,gpu_merged_req,3080,1,0.108416
spark,150_10,1,12,gpu_merged_req,3081,1,0.142176
spark,150_10,1,12,gpu_merged_req,3082,1,0.177056
spark,150_10,1,12,gpu_merged_req,3083,1,0.229888
spark,150_10,1,12,gpu_merged_req,3084,1,0.133984
spark,150_10,1,12,gpu_merged_req,3085,1,0.214304
spark,150_10,1,12,gpu_merged_req,3086,1,0.086368
spark,150_10,1,12,gpu_merged_req,3087,1,0.034624
spark,150_10,1,12,gpu_merged_req,3088,1,0.191168
spark,150_10,1,12,gpu_merged_req,3089,1,0.175328
spark,150_10,1,12,gpu_merged_req,3090,1,0.15424
spark,150_10,1,12,gpu_merged_req,3091,1,0.219168
spark,150_10,1,12,gpu_merged_req,3092,1,0.188704
spark,150_10,1,12,gpu_merged_req,3093,1,0.227872
spark,150_10,1,12,gpu_merged_req,3094,1,0.216512
spark,150_10,1,12,gpu_merged_req,3095,1,0.193696
spark,150_10,1,12,gpu_merged_req,3096,1,0.148544
spark,150_10,1,12,gpu_merged_req,3097,1,0.221568
spark,150_10,1,12,gpu_merged_req,3098,1,0.148096
spark,150_10,1,12,gpu_merged_req,3099,1,0.229344
spark,150_10,1,12,gpu_merged_req,3100,1,0.206336
spark,150_10,1,12,gpu_merged_req,3101,1,0.095488
spark,150_10,1,12,gpu_merged_req,3102,1,0.165344
spark,150_10,1,12,gpu_merged_req,3103,1,0.21744
spark,150_10,1,12,gpu_merged_req,3104,1,0.20928
spark,150_10,1,12,gpu_merged_req,3105,1,0.138272
spark,150_10,1,12,gpu_merged_req,3106,1,0.036992
spark,150_10,1,12,gpu_merged_req,3107,1,0.11904
spark,150_10,1,12,gpu_merged_req,3108,1,0.048064
spark,150_10,1,12,gpu_merged_req,3109,1,0.209568
spark,150_10,1,12,gpu_merged_req,3110,1,0.22672
spark,150_10,1,12,gpu_merged_req,3111,1,0.22944
spark,150_10,1,12,gpu_merged_req,3112,1,0.228288
spark,150_10,1,12,gpu_merged_req,3113,1,0.18016
spark,150_10,1,12,gpu_merged_req,3114,1,0.144576
spark,150_10,1,12,gpu_merged_req,3115,1,0.221536
spark,150_10,1,12,gpu_merged_req,3116,1,0.021024
spark,150_10,1,12,gpu_merged_req,3117,1,0.213088
spark,150_10,1,12,gpu_merged_req,3118,1,0.096576
spark,150_10,1,12,gpu_merged_req,3119,1,0.080128
spark,150_10,1,12,gpu_merged_req,3120,1,0.22848
spark,150_10,1,12,gpu_merged_req,3121,1,0.127552
spark,150_10,1,12,gpu_merged_req,3122,1,0.021984
spark,150_10,1,12,gpu_merged_req,3123,1,0.046688
spark,150_10,1,12,gpu_merged_req,3124,1,0.104064
spark,150_10,1,12,gpu_merged_req,3125,1,0.110848
spark,150_10,1,12,gpu_merged_req,3126,1,0.105056
spark,150_10,1,12,gpu_merged_req,3127,1,0.211456
spark,150_10,1,12,gpu_merged_req,3128,1,0.103968
spark,150_10,1,12,gpu_merged_req,3129,1,0.194784
spark,150_10,1,12,gpu_merged_req,3130,1,0.198528
spark,150_10,1,12,gpu_merged_req,3131,1,0.198784
spark,150_10,1,12,gpu_merged_req,3132,1,0.22288
spark,150_10,1,12,gpu_merged_req,3133,1,0.185504
spark,150_10,1,12,gpu_merged_req,3134,1,0.18256
spark,150_10,1,12,gpu_merged_req,3135,1,0.08304
spark,150_10,1,12,gpu_merged_req,3136,1,0.169472
spark,150_10,1,12,gpu_merged_req,3137,1,0.174016
spark,150_10,1,12,gpu_merged_req,3138,1,0.223968
spark,150_10,1,12,gpu_merged_req,3139,1,0.083168
spark,150_10,1,12,gpu_merged_req,3140,1,0.155552
spark,150_10,1,12,gpu_merged_req,3141,1,0.121696
spark,150_10,1,12,gpu_merged_req,3142,1,0.187648
spark,150_10,1,12,gpu_merged_req,3143,1,0.06688
spark,150_10,1,12,gpu_merged_req,3144,1,0.03728
spark,150_10,1,12,gpu_merged_req,3145,1,0.018112
spark,150_10,1,12,gpu_merged_req,3146,1,0.154176
spark,150_10,1,12,gpu_merged_req,3147,1,0.129728
spark,150_10,1,12,gpu_merged_req,3148,2,0.142912
spark,150_10,1,12,gpu_merged_req,3149,2,0.214944
spark,150_10,1,12,gpu_merged_req,3150,1,0.22288
spark,150_10,1,12,gpu_merged_req,3151,1,0.179424
spark,150_10,1,12,gpu_merged_req,3152,1,0.127008
spark,150_10,1,12,gpu_merged_req,3153,1,0.159712
spark,150_10,1,12,gpu_merged_req,3154,1,0.115872
spark,150_10,1,12,gpu_merged_req,3155,1,0.110688
spark,150_10,1,12,gpu_merged_req,3156,1,0.149728
spark,150_10,1,12,gpu_merged_req,3157,1,0.090432
spark,150_10,1,12,gpu_merged_req,3158,1,0.220448
spark,150_10,1,12,gpu_merged_req,3159,1,0.123328
spark,150_10,1,12,gpu_merged_req,3160,1,0.125024
spark,150_10,1,12,gpu_merged_req,3161,1,0.175264
spark,150_10,1,12,gpu_merged_req,3162,1,0.184128
spark,150_10,1,12,gpu_merged_req,3163,1,0.159136
spark,150_10,1,12,gpu_merged_req,3164,1,0.215776
spark,150_10,1,12,gpu_merged_req,3165,1,0.142496
spark,150_10,1,12,gpu_merged_req,3166,1,0.123648
spark,150_10,1,12,gpu_merged_req,3167,1,0.171232
spark,150_10,1,12,gpu_merged_req,3168,1,0.188288
spark,150_10,1,12,gpu_merged_req,3169,1,0.211776
spark,150_10,1,12,gpu_merged_req,3170,1,0.089344
spark,150_10,1,12,gpu_merged_req,3171,1,0.193568
spark,150_10,1,12,gpu_merged_req,3172,1,0.226464
spark,150_10,1,12,gpu_merged_req,3173,1,0.21312
spark,150_10,1,12,gpu_merged_req,3174,1,0.2184
spark,150_10,1,12,gpu_merged_req,3175,1,0.168064
spark,150_10,1,12,gpu_merged_req,3176,1,0.156288
spark,150_10,1,12,gpu_merged_req,3177,1,0.08912
spark,150_10,1,12,gpu_merged_req,3178,1,0.023968
spark,150_10,1,12,gpu_merged_req,3179,1,0.155968
spark,150_10,1,12,gpu_merged_req,3180,1,0.080256
spark,150_10,1,12,gpu_merged_req,3181,1,0.220352
spark,150_10,1,12,gpu_merged_req,3182,1,0.150464
spark,150_10,1,12,gpu_merged_req,3183,1,0.152288
spark,150_10,1,12,gpu_merged_req,3184,1,0.018848
spark,150_10,1,12,gpu_merged_req,3185,1,0.21744
spark,150_10,1,12,gpu_merged_req,3186,1,0.156032
spark,150_10,1,12,gpu_merged_req,3187,1,0.050848
spark,150_10,1,12,gpu_merged_req,3188,1,0.089472
spark,150_10,1,12,gpu_merged_req,3189,1,0.20368
spark,150_10,1,12,gpu_merged_req,3190,1,0.1416
spark,150_10,1,12,gpu_merged_req,3191,1,0.228704
spark,150_10,1,12,gpu_merged_req,3192,1,0.019648
spark,150_10,1,12,gpu_merged_req,3193,1,0.104
spark,150_10,1,12,gpu_merged_req,3194,1,0.170848
spark,150_10,1,12,gpu_merged_req,3195,1,0.080448
spark,150_10,1,12,gpu_merged_req,3196,1,0.231776
spark,150_10,1,12,gpu_merged_req,3197,1,0.163424
spark,150_10,1,12,gpu_merged_req,3198,1,0.21696
spark,150_10,1,12,gpu_merged_req,3199,1,0.222752
spark,150_10,1,12,gpu_merged_req,3200,1,0.218848
spark,150_10,1,12,gpu_merged_req,3201,1,0.201696
spark,150_10,1,12,gpu_merged_req,3202,1,0.164192
spark,150_10,1,12,gpu_merged_req,3203,1,0.221472
spark,150_10,1,12,gpu_merged_req,3204,1,0.211168
spark,150_10,1,12,gpu_merged_req,3205,1,0.131104
spark,150_10,1,12,gpu_merged_req,3206,1,0.159392
spark,150_10,1,12,gpu_merged_req,3207,1,0.113664
spark,150_10,1,12,gpu_merged_req,3208,1,0.200384
spark,150_10,1,12,gpu_merged_req,3209,1,0.107552
spark,150_10,1,12,gpu_merged_req,3210,1,0.213888
spark,150_10,1,12,gpu_merged_req,3211,1,0.1256
spark,150_10,1,12,gpu_merged_req,3212,1,0.180352
spark,150_10,1,12,gpu_merged_req,3213,1,0.06304
spark,150_10,1,12,gpu_merged_req,3214,1,0.227072
spark,150_10,1,12,gpu_merged_req,3215,1,0.152544
spark,150_10,1,12,gpu_merged_req,3216,1,0.138272
spark,150_10,1,12,gpu_merged_req,3217,1,0.1384
spark,150_10,1,12,gpu_merged_req,3218,1,0.172768
spark,150_10,1,12,gpu_merged_req,3219,1,0.155392
spark,150_10,1,12,gpu_merged_req,3220,1,0.22832
spark,150_10,1,12,gpu_merged_req,3221,1,0.196896
spark,150_10,1,12,gpu_merged_req,3222,1,0.109344
spark,150_10,1,12,gpu_merged_req,3223,1,0.21952
spark,150_10,1,12,gpu_merged_req,3224,1,0.068032
spark,150_10,1,12,gpu_merged_req,3225,1,0.200256
spark,150_10,1,12,gpu_merged_req,3226,1,0.227808
spark,150_10,1,12,gpu_merged_req,3227,1,0.22928
spark,150_10,1,12,gpu_merged_req,3228,1,0.211776
spark,150_10,1,12,gpu_merged_req,3229,1,0.214368
spark,150_10,1,12,gpu_merged_req,3230,1,0.138048
spark,150_10,1,12,gpu_merged_req,3231,1,0.037024
spark,150_10,1,12,gpu_merged_req,3232,1,0.084704
spark,150_10,1,12,gpu_merged_req,3233,1,0.201952
spark,150_10,1,12,gpu_merged_req,3234,1,0.157568
spark,150_10,1,12,gpu_merged_req,3235,1,0.0872
spark,150_10,1,12,gpu_merged_req,3236,1,0.22608
spark,150_10,1,12,gpu_merged_req,3237,1,0.1728
spark,150_10,1,12,gpu_merged_req,3238,1,0.1232
spark,150_10,1,12,gpu_merged_req,3239,1,0.118976
spark,150_10,1,12,gpu_merged_req,3240,1,0.090528
spark,150_10,1,12,gpu_merged_req,3241,1,0.08016
spark,150_10,1,12,gpu_merged_req,3242,1,0.099424
spark,150_10,1,12,gpu_merged_req,3243,1,0.1384
spark,150_10,1,12,gpu_merged_req,3244,1,0.071712
spark,150_10,1,12,gpu_merged_req,3245,1,0.136672
spark,150_10,1,12,gpu_merged_req,3246,1,0.147744
spark,150_10,1,12,gpu_merged_req,3247,1,0.11184
spark,150_10,1,12,gpu_merged_req,3248,1,0.158688
spark,150_10,1,12,gpu_merged_req,3249,1,0.190048
spark,150_10,1,12,gpu_merged_req,3250,1,0.016704
spark,150_10,1,12,gpu_merged_req,3251,1,0.1912
spark,150_10,1,12,gpu_merged_req,3252,1,0.135168
spark,150_10,1,12,gpu_merged_req,3253,1,0.022752
spark,150_10,1,12,gpu_merged_req,3254,1,0.217344
spark,150_10,1,12,gpu_merged_req,3255,1,0.079008
spark,150_10,1,12,gpu_merged_req,3256,1,0.193888
spark,150_10,1,12,gpu_merged_req,3257,1,0.176096
spark,150_10,1,12,gpu_merged_req,3258,1,0.1848
spark,150_10,1,12,gpu_merged_req,3259,1,0.18432
spark,150_10,1,12,gpu_merged_req,3260,1,0.047904
spark,150_10,1,12,gpu_merged_req,3261,1,0.142784
spark,150_10,1,12,gpu_merged_req,3262,1,0.091296
spark,150_10,1,12,gpu_merged_req,3263,1,0.2224
spark,150_10,1,12,gpu_merged_req,3264,1,0.215712
spark,150_10,1,12,gpu_merged_req,3265,2,0.169856
spark,150_10,1,12,gpu_merged_req,3266,1,0.167776
spark,150_10,1,12,gpu_merged_req,3267,1,0.018848
spark,150_10,1,12,gpu_merged_req,3268,1,0.019968
spark,150_10,1,12,gpu_merged_req,3269,1,0.202752
spark,150_10,1,12,gpu_merged_req,3270,1,0.019872
spark,150_10,1,12,gpu_merged_req,3271,1,0.183392
spark,150_10,1,12,gpu_merged_req,3272,1,0.177024
spark,150_10,1,12,gpu_merged_req,3273,1,0.183456
spark,150_10,1,12,gpu_merged_req,3274,1,0.126848
spark,150_10,1,12,gpu_merged_req,3275,1,0.091872
spark,150_10,1,12,gpu_merged_req,3276,1,0.119328
spark,150_10,1,12,gpu_merged_req,3277,1,0.208928
spark,150_10,1,12,gpu_merged_req,3278,1,0.11664
spark,150_10,1,12,gpu_merged_req,3279,1,0.07792
spark,150_10,1,12,gpu_merged_req,3280,1,0.063904
spark,150_10,1,12,gpu_merged_req,3281,1,0.130528
spark,150_10,1,12,gpu_merged_req,3282,1,0.188352
spark,150_10,1,12,gpu_merged_req,3283,1,0.166784
spark,150_10,1,12,gpu_merged_req,3284,1,0.147776
spark,150_10,1,12,gpu_merged_req,3285,1,0.155776
spark,150_10,1,12,gpu_merged_req,3286,1,0.214752
spark,150_10,1,12,gpu_merged_req,3287,1,0.21632
spark,150_10,1,12,gpu_merged_req,3288,1,0.180384
spark,150_10,1,12,gpu_merged_req,3289,2,0.121696
spark,150_10,1,12,gpu_merged_req,3290,2,0.21008
spark,150_10,1,12,gpu_merged_req,3291,1,0.23344
spark,150_10,1,12,gpu_merged_req,3292,1,0.193696
spark,150_10,1,12,gpu_merged_req,3293,2,0.217536
spark,150_10,1,12,gpu_merged_req,3294,1,0.20528
spark,150_10,1,12,gpu_merged_req,3295,1,0.118912
spark,150_10,1,12,gpu_merged_req,3296,1,0.147296
spark,150_10,1,12,gpu_merged_req,3297,1,0.209312
spark,150_10,1,12,gpu_merged_req,3298,1,0.16208
spark,150_10,1,12,gpu_merged_req,3299,1,0.132096
spark,150_10,1,12,gpu_merged_req,3300,1,0.190368
spark,150_10,1,12,gpu_merged_req,3301,1,0.219456
spark,150_10,1,12,gpu_merged_req,3302,1,0.193792
spark,150_10,1,12,gpu_merged_req,3303,1,0.190016
spark,150_10,1,12,gpu_merged_req,3304,1,0.170912
spark,150_10,1,12,gpu_merged_req,3305,1,0.088832
spark,150_10,1,12,gpu_merged_req,3306,1,0.080128
spark,150_10,1,12,gpu_merged_req,3307,1,0.069728
spark,150_10,1,12,gpu_merged_req,3308,1,0.016096
spark,150_10,1,12,gpu_merged_req,3309,1,0.123712
spark,150_10,1,12,gpu_merged_req,3310,1,0.165024
spark,150_10,1,12,gpu_merged_req,3311,1,0.124224
spark,150_10,1,12,gpu_merged_req,3312,1,0.183424
spark,150_10,1,12,gpu_merged_req,3313,1,0.110912
spark,150_10,1,12,gpu_merged_req,3314,1,0.08208
spark,150_10,1,12,gpu_merged_req,3315,1,0.064704
spark,150_10,1,12,gpu_merged_req,3316,1,0.11712
spark,150_10,1,12,gpu_merged_req,3317,1,0.148736
spark,150_10,1,12,gpu_merged_req,3318,1,0.21184
spark,150_10,1,12,gpu_merged_req,3319,1,0.19488
spark,150_10,1,12,gpu_merged_req,3320,1,0.110976
spark,150_10,1,12,gpu_merged_req,3321,1,0.218432
spark,150_10,1,12,gpu_merged_req,3322,1,0.18704
spark,150_10,1,12,gpu_merged_req,3323,1,0.157024
spark,150_10,1,12,gpu_merged_req,3324,1,0.2152
spark,150_10,1,12,gpu_merged_req,3325,1,0.135968
spark,150_10,1,12,gpu_merged_req,3326,1,0.201888
spark,150_10,1,12,gpu_merged_req,3327,1,0.125088
spark,150_10,1,12,gpu_merged_req,3328,1,0.089888
spark,150_10,1,12,gpu_merged_req,3329,1,0.214112
spark,150_10,1,12,gpu_merged_req,3330,1,0.126624
spark,150_10,1,12,gpu_merged_req,3331,1,0.032224
spark,150_10,1,12,gpu_merged_req,3332,1,0.21504
spark,150_10,1,12,gpu_merged_req,3333,1,0.104704
spark,150_10,1,12,gpu_merged_req,3334,1,0.164704
spark,150_10,1,12,gpu_merged_req,3335,1,0.147264
spark,150_10,1,12,gpu_merged_req,3336,1,0.174656
spark,150_10,1,12,gpu_merged_req,3337,1,0.219264
spark,150_10,1,12,gpu_merged_req,3338,1,0.099904
spark,150_10,1,12,gpu_merged_req,3339,1,0.141344
spark,150_10,1,12,gpu_merged_req,3340,1,0.149312
spark,150_10,1,12,gpu_merged_req,3341,1,0.197824
spark,150_10,1,12,gpu_merged_req,3342,1,0.108064
spark,150_10,1,12,gpu_merged_req,3343,1,0.199168
spark,150_10,1,12,gpu_merged_req,3344,1,0.201504
spark,150_10,1,12,gpu_merged_req,3345,1,0.165888
spark,150_10,1,12,gpu_merged_req,3346,1,0.178816
spark,150_10,1,12,gpu_merged_req,3347,1,0.163072
spark,150_10,1,12,gpu_merged_req,3348,1,0.114432
spark,150_10,1,12,gpu_merged_req,3349,1,0.217696
spark,150_10,1,12,gpu_merged_req,3350,1,0.191072
spark,150_10,1,12,gpu_merged_req,3351,1,0.18416
spark,150_10,1,12,gpu_merged_req,3352,1,0.1544
spark,150_10,1,12,gpu_merged_req,3353,1,0.054432
spark,150_10,1,12,gpu_merged_req,3354,1,0.09456
spark,150_10,1,12,gpu_merged_req,3355,1,0.133344
spark,150_10,1,12,gpu_merged_req,3356,1,0.210528
spark,150_10,1,12,gpu_merged_req,3357,1,0.166816
spark,150_10,1,12,gpu_merged_req,3358,1,0.226592
spark,150_10,1,12,gpu_merged_req,3359,1,0.122336
spark,150_10,1,12,gpu_merged_req,3360,1,0.077472
spark,150_10,1,12,gpu_merged_req,3361,1,0.139904
spark,150_10,1,12,gpu_merged_req,3362,1,0.12064
spark,150_10,1,12,gpu_merged_req,3363,1,0.1912
spark,150_10,1,12,gpu_merged_req,3364,1,0.216512
spark,150_10,1,12,gpu_merged_req,3365,1,0.178752
spark,150_10,1,12,gpu_merged_req,3366,1,0.188608
spark,150_10,1,12,gpu_merged_req,3367,1,0.228864
spark,150_10,1,12,gpu_merged_req,3368,1,0.137152
spark,150_10,1,12,gpu_merged_req,3369,1,0.153344
spark,150_10,1,12,gpu_merged_req,3370,1,0.198144
spark,150_10,1,12,gpu_merged_req,3371,1,0.032768
spark,150_10,1,12,gpu_merged_req,3372,1,0.133696
spark,150_10,1,12,gpu_merged_req,3373,1,0.161984
spark,150_10,1,12,gpu_merged_req,3374,1,0.20224
spark,150_10,1,12,gpu_merged_req,3375,1,0.221952
spark,150_10,1,12,gpu_merged_req,3376,1,0.11808
spark,150_10,1,12,gpu_merged_req,3377,1,0.188224
spark,150_10,1,12,gpu_merged_req,3378,1,0.064416
spark,150_10,1,12,gpu_merged_req,3379,1,0.108352
spark,150_10,1,12,gpu_merged_req,3380,1,0.066016
spark,150_10,1,12,gpu_merged_req,3381,1,0.089664
spark,150_10,1,12,gpu_merged_req,3382,1,0.087968
spark,150_10,1,12,gpu_merged_req,3383,1,0.14864
spark,150_10,1,12,gpu_merged_req,3384,1,0.062112
spark,150_10,1,12,gpu_merged_req,3385,1,0.222752
spark,150_10,1,12,gpu_merged_req,3386,1,0.180544
spark,150_10,1,12,gpu_merged_req,3387,1,0.181696
spark,150_10,1,12,gpu_merged_req,3388,1,0.15536
spark,150_10,1,12,gpu_merged_req,3389,1,0.188384
spark,150_10,1,12,gpu_merged_req,3390,1,0.224736
spark,150_10,1,12,gpu_merged_req,3391,1,0.102912
spark,150_10,1,12,gpu_merged_req,3392,1,0.134976
spark,150_10,1,12,gpu_merged_req,3393,1,0.148192
spark,150_10,1,12,gpu_merged_req,3394,1,0.209888
spark,150_10,1,12,gpu_merged_req,3395,1,0.1192
spark,150_10,1,12,gpu_merged_req,3396,1,0.178752
spark,150_10,1,12,gpu_merged_req,3397,1,0.193632
spark,150_10,1,12,gpu_merged_req,3398,2,0.138432
spark,150_10,1,12,gpu_merged_req,3399,1,0.218752
spark,150_10,1,12,gpu_merged_req,3400,1,0.196576
spark,150_10,1,12,gpu_merged_req,3401,1,0.189888
spark,150_10,1,12,gpu_merged_req,3402,1,0.120288
spark,150_10,1,12,gpu_merged_req,3403,1,0.061184
spark,150_10,1,12,gpu_merged_req,3404,1,0.083104
spark,150_10,1,12,gpu_merged_req,3405,1,0.115744
spark,150_10,1,12,gpu_merged_req,3406,1,0.203424
spark,150_10,1,12,gpu_merged_req,3407,1,0.1856
spark,150_10,1,12,gpu_merged_req,3408,1,0.04752
spark,150_10,1,12,gpu_merged_req,3409,1,0.069952
spark,150_10,1,12,gpu_merged_req,3410,1,0.218336
spark,150_10,1,12,gpu_merged_req,3411,1,0.219776
spark,150_10,1,12,gpu_merged_req,3412,1,0.20352
spark,150_10,1,12,gpu_merged_req,3413,1,0.201856
spark,150_10,1,12,gpu_merged_req,3414,1,0.154304
spark,150_10,1,12,gpu_merged_req,3415,1,0.078688
spark,150_10,1,12,gpu_merged_req,3416,1,0.020512
spark,150_10,1,12,gpu_merged_req,3417,1,0.142528
spark,150_10,1,12,gpu_merged_req,3418,1,0.143712
spark,150_10,1,12,gpu_merged_req,3419,1,0.208032
spark,150_10,1,12,gpu_merged_req,3420,1,0.197856
spark,150_10,1,12,gpu_merged_req,3421,1,0.113888
spark,150_10,1,12,gpu_merged_req,3422,1,0.162208
spark,150_10,1,12,gpu_merged_req,3423,1,0.213184
spark,150_10,1,12,gpu_merged_req,3424,1,0.118848
spark,150_10,1,12,gpu_merged_req,3425,1,0.105248
spark,150_10,1,12,gpu_merged_req,3426,1,0.016192
spark,150_10,1,12,gpu_merged_req,3427,1,0.144064
spark,150_10,1,12,gpu_merged_req,3428,1,0.19856
spark,150_10,1,12,gpu_merged_req,3429,1,0.0336
spark,150_10,1,12,gpu_merged_req,3430,1,0.017152
spark,150_10,1,12,gpu_merged_req,3431,1,0.04704
spark,150_10,1,12,gpu_merged_req,3432,1,0.080672
spark,150_10,1,12,gpu_merged_req,3433,1,0.227392
spark,150_10,1,12,gpu_merged_req,3434,1,0.214368
spark,150_10,1,12,gpu_merged_req,3435,1,0.134848
spark,150_10,1,12,gpu_merged_req,3436,1,0.216896
spark,150_10,1,12,gpu_merged_req,3437,1,0.1752
spark,150_10,1,12,gpu_merged_req,3438,1,0.16176
spark,150_10,1,12,gpu_merged_req,3439,1,0.154496
spark,150_10,1,12,gpu_merged_req,3440,1,0.079072
spark,150_10,1,12,gpu_merged_req,3441,1,0.177024
spark,150_10,1,12,gpu_merged_req,3442,1,0.227008
spark,150_10,1,12,gpu_merged_req,3443,1,0.136736
spark,150_10,1,12,gpu_merged_req,3444,1,0.154048
spark,150_10,1,12,gpu_merged_req,3445,1,0.16432
spark,150_10,1,12,gpu_merged_req,3446,1,0.190112
spark,150_10,1,12,gpu_merged_req,3447,1,0.144992
spark,150_10,1,12,gpu_merged_req,3448,1,0.01824
spark,150_10,1,12,gpu_merged_req,3449,1,0.019104
spark,150_10,1,12,gpu_merged_req,3450,1,0.130464
spark,150_10,1,12,gpu_merged_req,3451,1,0.165888
spark,150_10,1,12,gpu_merged_req,3452,1,0.090336
spark,150_10,1,12,gpu_merged_req,3453,1,0.19984
spark,150_10,1,12,gpu_merged_req,3454,1,0.046496
spark,150_10,1,12,gpu_merged_req,3455,1,0.03232
spark,150_10,1,12,gpu_merged_req,3456,1,0.168352
spark,150_10,1,12,gpu_merged_req,3457,1,0.151168
spark,150_10,1,12,gpu_merged_req,3458,1,0.214496
spark,150_10,1,12,gpu_merged_req,3459,1,0.2208
spark,150_10,1,12,gpu_merged_req,3460,2,0.231072
spark,150_10,1,12,gpu_merged_req,3461,2,0.205504
spark,150_10,1,12,gpu_merged_req,3462,1,0.10016
spark,150_10,1,12,gpu_merged_req,3463,1,0.217376
spark,150_10,1,12,gpu_merged_req,3464,1,0.139008
spark,150_10,1,12,gpu_merged_req,3465,1,0.21824
spark,150_10,1,12,gpu_merged_req,3466,1,0.134848
spark,150_10,1,12,gpu_merged_req,3467,1,0.159712
spark,150_10,1,12,gpu_merged_req,3468,1,0.053504
spark,150_10,1,12,gpu_merged_req,3469,1,0.14
spark,150_10,1,12,gpu_merged_req,3470,1,0.152832
spark,150_10,1,12,gpu_merged_req,3471,1,0.121728
spark,150_10,1,12,gpu_merged_req,3472,1,0.14032
spark,150_10,1,12,gpu_merged_req,3473,1,0.146016
spark,150_10,1,12,gpu_merged_req,3474,1,0.228928
spark,150_10,1,12,gpu_merged_req,3475,1,0.223968
spark,150_10,1,12,gpu_merged_req,3476,1,0.09744
spark,150_10,1,12,gpu_merged_req,3477,1,0.047392
spark,150_10,1,12,gpu_merged_req,3478,1,0.168864
spark,150_10,1,12,gpu_merged_req,3479,1,0.109184
spark,150_10,1,12,gpu_merged_req,3480,1,0.095232
spark,150_10,1,12,gpu_merged_req,3481,1,0.10448
spark,150_10,1,12,gpu_merged_req,3482,1,0.20416
spark,150_10,1,12,gpu_merged_req,3483,1,0.15184
spark,150_10,1,12,gpu_merged_req,3484,1,0.198752
spark,150_10,1,12,gpu_merged_req,3485,1,0.187872
spark,150_10,1,12,gpu_merged_req,3486,1,0.03552
spark,150_10,1,12,gpu_merged_req,3487,1,0.146464
spark,150_10,1,12,gpu_merged_req,3488,1,0.06144
spark,150_10,1,12,gpu_merged_req,3489,1,0.163136
spark,150_10,1,12,gpu_merged_req,3490,1,0.185344
spark,150_10,1,12,gpu_merged_req,3491,1,0.18336
spark,150_10,1,12,gpu_merged_req,3492,1,0.135968
spark,150_10,1,12,gpu_merged_req,3493,1,0.118496
spark,150_10,1,12,gpu_merged_req,3494,1,0.223648
spark,150_10,1,12,gpu_merged_req,3495,1,0.02256
spark,150_10,1,12,gpu_merged_req,3496,1,0.066176
spark,150_10,1,12,gpu_merged_req,3497,1,0.207232
spark,150_10,1,12,gpu_merged_req,3498,1,0.171808
spark,150_10,1,12,gpu_merged_req,3499,1,0.080544
spark,150_10,1,12,gpu_merged_req,3500,1,0.180416
spark,150_10,1,12,gpu_merged_req,3501,1,0.215488
spark,150_10,1,12,gpu_merged_req,3502,1,0.201312
spark,150_10,1,12,gpu_merged_req,3503,1,0.146304
spark,150_10,1,12,gpu_merged_req,3504,1,0.110112
spark,150_10,1,12,gpu_merged_req,3505,1,0.155264
spark,150_10,1,12,gpu_merged_req,3506,1,0.09744
spark,150_10,1,12,gpu_merged_req,3507,1,0.092352
spark,150_10,1,12,gpu_merged_req,3508,1,0.184512
spark,150_10,1,12,gpu_merged_req,3509,1,0.110848
spark,150_10,1,12,gpu_merged_req,3510,1,0.10832
spark,150_10,1,12,gpu_merged_req,3511,1,0.102272
spark,150_10,1,12,gpu_merged_req,3512,1,0.14608
spark,150_10,1,12,gpu_merged_req,3513,1,0.035552
spark,150_10,1,12,gpu_merged_req,3514,1,0.119456
spark,150_10,1,12,gpu_merged_req,3515,1,0.046784
spark,150_10,1,12,gpu_merged_req,3516,1,0.019168
spark,150_10,1,12,gpu_merged_req,3517,1,0.10016
spark,150_10,1,12,gpu_merged_req,3518,1,0.204128
spark,150_10,1,12,gpu_merged_req,3519,1,0.223776
spark,150_10,1,12,gpu_merged_req,3520,1,0.03536
spark,150_10,1,12,gpu_merged_req,3521,1,0.226976
spark,150_10,1,12,gpu_merged_req,3522,1,0.01952
spark,150_10,1,12,gpu_merged_req,3523,1,0.224736
spark,150_10,1,12,gpu_merged_req,3524,1,0.22352
spark,150_10,1,12,gpu_merged_req,3525,1,0.170784
spark,150_10,1,12,gpu_merged_req,3526,1,0.225728
spark,150_10,1,12,gpu_merged_req,3527,1,0.175552
spark,150_10,1,12,gpu_merged_req,3528,1,0.13376
spark,150_10,1,12,gpu_merged_req,3529,1,0.019872
spark,150_10,1,12,gpu_merged_req,3530,1,0.171168
spark,150_10,1,12,gpu_merged_req,3531,1,0.11808
spark,150_10,1,12,gpu_merged_req,3532,1,0.1296
spark,150_10,1,12,gpu_merged_req,3533,1,0.12032
spark,150_10,1,12,gpu_merged_req,3534,1,0.094656
spark,150_10,1,12,gpu_merged_req,3535,1,0.112896
spark,150_10,1,12,gpu_merged_req,3536,1,0.219808
spark,150_10,1,12,gpu_merged_req,3537,1,0.141504
spark,150_10,1,12,gpu_merged_req,3538,1,0.127232
spark,150_10,1,12,gpu_merged_req,3539,1,0.152256
spark,150_10,1,12,gpu_merged_req,3540,1,0.08144
spark,150_10,1,12,gpu_merged_req,3541,1,0.158048
spark,150_10,1,12,gpu_merged_req,3542,1,0.22864
spark,150_10,1,12,gpu_merged_req,3543,1,0.171456
spark,150_10,1,12,gpu_merged_req,3544,1,0.220096
spark,150_10,1,12,gpu_merged_req,3545,1,0.208736
spark,150_10,1,12,gpu_merged_req,3546,1,0.204096
spark,150_10,1,12,gpu_merged_req,3547,1,0.17424
spark,150_10,1,12,gpu_merged_req,3548,1,0.21856
spark,150_10,1,12,gpu_merged_req,3549,1,0.2256
spark,150_10,1,12,gpu_merged_req,3550,1,0.229088
spark,150_10,1,12,gpu_merged_req,3551,1,0.03104
spark,150_10,1,12,gpu_merged_req,3552,1,0.163648
spark,150_10,1,12,gpu_merged_req,3553,1,0.211776
spark,150_10,1,12,gpu_merged_req,3554,2,0.22176
spark,150_10,1,12,gpu_merged_req,3555,2,0.179328
spark,150_10,1,12,gpu_merged_req,3556,1,0.231808
spark,150_10,1,12,gpu_merged_req,3557,1,0.165504
spark,150_10,1,12,gpu_merged_req,3558,1,0.064576
spark,150_10,1,12,gpu_merged_req,3559,1,0.182528
spark,150_10,1,12,gpu_merged_req,3560,1,0.114016
spark,150_10,1,12,gpu_merged_req,3561,1,0.064704
spark,150_10,1,12,gpu_merged_req,3562,1,0.01616
spark,150_10,1,12,gpu_merged_req,3563,1,0.18512
spark,150_10,1,12,gpu_merged_req,3564,1,0.211584
spark,150_10,1,12,gpu_merged_req,3565,1,0.128064
spark,150_10,1,12,gpu_merged_req,3566,1,0.195552
spark,150_10,1,12,gpu_merged_req,3567,1,0.197792
spark,150_10,1,12,gpu_merged_req,3568,1,0.228768
spark,150_10,1,12,gpu_merged_req,3569,1,0.035904
spark,150_10,1,12,gpu_merged_req,3570,1,0.143584
spark,150_10,1,12,gpu_merged_req,3571,1,0.032352
spark,150_10,1,12,gpu_merged_req,3572,1,0.100352
spark,150_10,1,12,gpu_merged_req,3573,1,0.105312
spark,150_10,1,12,gpu_merged_req,3574,1,0.117312
spark,150_10,1,12,gpu_merged_req,3575,1,0.078688
spark,150_10,1,12,gpu_merged_req,3576,1,0.092096
spark,150_10,1,12,gpu_merged_req,3577,1,0.220448
spark,150_10,1,12,gpu_merged_req,3578,1,0.150208
spark,150_10,1,12,gpu_merged_req,3579,1,0.126784
spark,150_10,1,12,gpu_merged_req,3580,1,0.18464
spark,150_10,1,12,gpu_merged_req,3581,1,0.145632
spark,150_10,1,12,gpu_merged_req,3582,1,0.180032
spark,150_10,1,12,gpu_merged_req,3583,1,0.178784
spark,150_10,1,12,gpu_merged_req,3584,1,0.125824
spark,150_10,1,12,gpu_merged_req,3585,1,0.176256
spark,150_10,1,12,gpu_merged_req,3586,1,0.213824
spark,150_10,1,12,gpu_merged_req,3587,1,0.228512
spark,150_10,1,12,gpu_merged_req,3588,1,0.205376
spark,150_10,1,12,gpu_merged_req,3589,1,0.18912
spark,150_10,1,12,gpu_merged_req,3590,1,0.151776
spark,150_10,1,12,gpu_merged_req,3591,1,0.181376
spark,150_10,1,12,gpu_merged_req,3592,1,0.229312
spark,150_10,1,12,gpu_merged_req,3593,1,0.178464
spark,150_10,1,12,gpu_merged_req,3594,1,0.224736
spark,150_10,1,12,gpu_merged_req,3595,1,0.109248
spark,150_10,1,12,gpu_merged_req,3596,1,0.218368
spark,150_10,1,12,gpu_merged_req,3597,1,0.150272
spark,150_10,1,12,gpu_merged_req,3598,1,0.164704
spark,150_10,1,12,gpu_merged_req,3599,1,0.18352
spark,150_10,1,12,gpu_merged_req,3600,1,0.020384
spark,150_10,1,12,gpu_merged_req,3601,1,0.226912
spark,150_10,1,12,gpu_merged_req,3602,1,0.192352
spark,150_10,1,12,gpu_merged_req,3603,1,0.215904
spark,150_10,1,12,gpu_merged_req,3604,1,0.227776
spark,150_10,1,12,gpu_merged_req,3605,1,0.132704
spark,150_10,1,12,gpu_merged_req,3606,1,0.216672
spark,150_10,1,12,gpu_merged_req,3607,1,0.21008
spark,150_10,1,12,gpu_merged_req,3608,1,0.083104
spark,150_10,1,12,gpu_merged_req,3609,1,0.05728
spark,150_10,1,12,gpu_merged_req,3610,1,0.126656
spark,150_10,1,12,gpu_merged_req,3611,1,0.160992
spark,150_10,1,12,gpu_merged_req,3612,1,0.031616
spark,150_10,1,12,gpu_merged_req,3613,1,0.164032
spark,150_10,1,12,gpu_merged_req,3614,1,0.137888
spark,150_10,1,12,gpu_merged_req,3615,1,0.192032
spark,150_10,1,12,gpu_merged_req,3616,1,0.167456
spark,150_10,1,12,gpu_merged_req,3617,1,0.157888
spark,150_10,1,12,gpu_merged_req,3618,1,0.210432
spark,150_10,1,12,gpu_merged_req,3619,1,0.18672
spark,150_10,1,12,gpu_merged_req,3620,1,0.226048
spark,150_10,1,12,gpu_merged_req,3621,1,0.209824
spark,150_10,1,12,gpu_merged_req,3622,1,0.138336
spark,150_10,1,12,gpu_merged_req,3623,2,0.178368
spark,150_10,1,12,gpu_merged_req,3624,1,0.174816
spark,150_10,1,12,gpu_merged_req,3625,1,0.065952
spark,150_10,1,12,gpu_merged_req,3626,1,0.04048
spark,150_10,1,12,gpu_merged_req,3627,1,0.120736
spark,150_10,1,12,gpu_merged_req,3628,1,0.234112
spark,150_10,1,12,gpu_merged_req,3629,1,0.062528
spark,150_10,1,12,gpu_merged_req,3630,1,0.120768
spark,150_10,1,12,gpu_merged_req,3631,1,0.223456
spark,150_10,1,12,gpu_merged_req,3632,1,0.197024
spark,150_10,1,12,gpu_merged_req,3633,1,0.16576
spark,150_10,1,12,gpu_merged_req,3634,1,0.192736
spark,150_10,1,12,gpu_merged_req,3635,1,0.150016
spark,150_10,1,12,gpu_merged_req,3636,1,0.021088
spark,150_10,1,12,gpu_merged_req,3637,1,0.200416
spark,150_10,1,12,gpu_merged_req,3638,1,0.215776
spark,150_10,1,12,gpu_merged_req,3639,1,0.113376
spark,150_10,1,12,gpu_merged_req,3640,1,0.129056
spark,150_10,1,12,gpu_merged_req,3641,1,0.181056
spark,150_10,1,12,gpu_merged_req,3642,1,0.224992
spark,150_10,1,12,gpu_merged_req,3643,1,0.219648
spark,150_10,1,12,gpu_merged_req,3644,1,0.077472
spark,150_10,1,12,gpu_merged_req,3645,1,0.2192
spark,150_10,1,12,gpu_merged_req,3646,1,0.10912
spark,150_10,1,12,gpu_merged_req,3647,1,0.03392
spark,150_10,1,12,gpu_merged_req,3648,1,0.117472
spark,150_10,1,12,gpu_merged_req,3649,1,0.19696
spark,150_10,1,12,gpu_merged_req,3650,1,0.083424
spark,150_10,1,12,gpu_merged_req,3651,1,0.03216
spark,150_10,1,12,gpu_merged_req,3652,1,0.20448
spark,150_10,1,12,gpu_merged_req,3653,1,0.185504
spark,150_10,1,12,gpu_merged_req,3654,1,0.168512
spark,150_10,1,12,gpu_merged_req,3655,1,0.18304
spark,150_10,1,12,gpu_merged_req,3656,1,0.224416
spark,150_10,1,12,gpu_merged_req,3657,1,0.088032
spark,150_10,1,12,gpu_merged_req,3658,1,0.218272
spark,150_10,1,12,gpu_merged_req,3659,1,0.170784
spark,150_10,1,12,gpu_merged_req,3660,1,0.084864
spark,150_10,1,12,gpu_merged_req,3661,1,0.163424
spark,150_10,1,12,gpu_merged_req,3662,1,0.17088
spark,150_10,1,12,gpu_merged_req,3663,1,0.142048
spark,150_10,1,12,gpu_merged_req,3664,1,0.126304
spark,150_10,1,12,gpu_merged_req,3665,1,0.093376
spark,150_10,1,12,gpu_merged_req,3666,1,0.12816
spark,150_10,1,12,gpu_merged_req,3667,1,0.185504
spark,150_10,1,12,gpu_merged_req,3668,1,0.130016
spark,150_10,1,12,gpu_merged_req,3669,1,0.13936
spark,150_10,1,12,gpu_merged_req,3670,1,0.18176
spark,150_10,1,12,gpu_merged_req,3671,1,0.173216
spark,150_10,1,12,gpu_merged_req,3672,1,0.150208
spark,150_10,1,12,gpu_merged_req,3673,1,0.123264
spark,150_10,1,12,gpu_merged_req,3674,1,0.160928
spark,150_10,1,12,gpu_merged_req,3675,1,0.081824
spark,150_10,1,12,gpu_merged_req,3676,1,0.048224
spark,150_10,1,12,gpu_merged_req,3677,1,0.085664
spark,150_10,1,12,gpu_merged_req,3678,1,0.105824
spark,150_10,1,12,gpu_merged_req,3679,1,0.200512
spark,150_10,1,12,gpu_merged_req,3680,1,0.179904
spark,150_10,1,12,gpu_merged_req,3681,1,0.16528
spark,150_10,1,12,gpu_merged_req,3682,1,0.160256
spark,150_10,1,12,gpu_merged_req,3683,1,0.189216
spark,150_10,1,12,gpu_merged_req,3684,1,0.142816
spark,150_10,1,12,gpu_merged_req,3685,1,0.215584
spark,150_10,1,12,gpu_merged_req,3686,2,0.22288
spark,150_10,1,12,gpu_merged_req,3687,1,0.227072
spark,150_10,1,12,gpu_merged_req,3688,1,0.078272
spark,150_10,1,12,gpu_merged_req,3689,1,0.170176
spark,150_10,1,12,gpu_merged_req,3690,1,0.122016
spark,150_10,1,12,gpu_merged_req,3691,1,0.209664
spark,150_10,1,12,gpu_merged_req,3692,1,0.217984
spark,150_10,1,12,gpu_merged_req,3693,1,0.16
spark,150_10,1,12,gpu_merged_req,3694,1,0.04912
spark,150_10,1,12,gpu_merged_req,3695,1,0.089568
spark,150_10,1,12,gpu_merged_req,3696,1,0.10688
spark,150_10,1,12,gpu_merged_req,3697,1,0.090528
spark,150_10,1,12,gpu_merged_req,3698,1,0.117312
spark,150_10,1,12,gpu_merged_req,3699,1,0.065632
spark,150_10,1,12,gpu_merged_req,3700,1,0.061632
spark,150_10,1,12,gpu_merged_req,3701,1,0.131648
spark,150_10,1,12,gpu_merged_req,3702,1,0.198208
spark,150_10,1,12,gpu_merged_req,3703,1,0.200576
spark,150_10,1,12,gpu_merged_req,3704,1,0.063904
spark,150_10,1,12,gpu_merged_req,3705,1,0.077248
spark,150_10,1,12,gpu_merged_req,3706,1,0.197792
spark,150_10,1,12,gpu_merged_req,3707,1,0.017216
spark,150_10,1,12,gpu_merged_req,3708,1,0.13632
spark,150_10,1,12,gpu_merged_req,3709,1,0.235136
spark,150_10,1,12,gpu_merged_req,3710,1,0.216416
spark,150_10,1,12,gpu_merged_req,3711,1,0.082464
spark,150_10,1,12,gpu_merged_req,3712,1,0.213632
spark,150_10,1,12,gpu_merged_req,3713,1,0.067808
spark,150_10,1,12,gpu_merged_req,3714,1,0.041152
spark,150_10,1,12,gpu_merged_req,3715,1,0.176096
spark,150_10,1,12,gpu_merged_req,3716,1,0.092384
spark,150_10,1,12,gpu_merged_req,3717,1,0.062368
spark,150_10,1,12,gpu_merged_req,3718,1,0.032352
spark,150_10,1,12,gpu_merged_req,3719,1,0.143904
spark,150_10,1,12,gpu_merged_req,3720,1,0.177792
spark,150_10,1,12,gpu_merged_req,3721,1,0.165984
spark,150_10,1,12,gpu_merged_req,3722,1,0.203008
spark,150_10,1,12,gpu_merged_req,3723,1,0.22
spark,150_10,1,12,gpu_merged_req,3724,1,0.208512
spark,150_10,1,12,gpu_merged_req,3725,1,0.186208
spark,150_10,1,12,gpu_merged_req,3726,1,0.076992
spark,150_10,1,12,gpu_merged_req,3727,1,0.217792
spark,150_10,1,12,gpu_merged_req,3728,1,0.194784
spark,150_10,1,12,gpu_merged_req,3729,1,0.116224
spark,150_10,1,12,gpu_merged_req,3730,1,0.185536
spark,150_10,1,12,gpu_merged_req,3731,1,0.215872
spark,150_10,1,12,gpu_merged_req,3732,1,0.152096
spark,150_10,1,12,gpu_merged_req,3733,1,0.141184
spark,150_10,1,12,gpu_merged_req,3734,1,0.157824
spark,150_10,1,12,gpu_merged_req,3735,1,0.117856
spark,150_10,1,12,gpu_merged_req,3736,1,0.076096
spark,150_10,1,12,gpu_merged_req,3737,1,0.049216
spark,150_10,1,12,gpu_merged_req,3738,1,0.075936
spark,150_10,1,12,gpu_merged_req,3739,1,0.10816
spark,150_10,1,12,gpu_merged_req,3740,1,0.131072
spark,150_10,1,12,gpu_merged_req,3741,1,0.086752
spark,150_10,1,12,gpu_merged_req,3742,1,0.16
spark,150_10,1,12,gpu_merged_req,3743,1,0.223872
